[90mFri, 26 Apr 2024 12:19:36 +0100[0m [32mINF[0m [1mgithub.com/Telmate/terraform-provider-proxmox/proxmox/util.go:159[0m[36m >[0m Enabling the capture of log-library logs as ithe _capturelog flag was detected
[90mFri, 26 Apr 2024 12:19:36 +0100[0m [32mINF[0m [1mgithub.com/Telmate/terraform-provider-proxmox/proxmox/util.go:192[0m[36m >[0m Logging Started. Root Logger Set to level debug
[90mSat, 09 Nov 2024 19:32:45 +0000[0m [32mINF[0m [1mgithub.com/Telmate/terraform-provider-proxmox/v2/proxmox/util.go:158[0m[36m >[0m [1mEnabling the capture of log-library logs as ithe _capturelog flag was detected[0m
[90mSat, 09 Nov 2024 19:32:45 +0000[0m [32mINF[0m [1mgithub.com/Telmate/terraform-provider-proxmox/v2/proxmox/util.go:191[0m[36m >[0m [1mLogging Started. Root Logger Set to level debug[0m
[90mSat, 09 Nov 2024 19:32:45 +0000[0m [32mINF[0m [1mgithub.com/Telmate/terraform-provider-proxmox/v2/proxmox/resource_vm_qemu.go:1432[0m[36m >[0m [1mReading configuration for vmid[0m [36mloggerName=[0mresource_vm_read [36mvmid=[0m100
2024/11/09 19:32:45 >>>>>>>>>> REQUEST:
GET /api2/json/cluster/resources?type=vm HTTP/1.1
Host: 192.168.1.131:8006
User-Agent: Go-http-client/1.1
Accept: application/json
Authorization: PVEAPIToken=tf@pam!terraform_token_id=0b313fa7-e5ef-451a-92c6-d30e11e4e84a
Accept-Encoding: gzip

2024/11/09 19:32:45 <<<<<<<<<< RESULT:
HTTP/1.1 200 OK
Content-Length: 523
Cache-Control: max-age=0
Connection: Keep-Alive
Content-Type: application/json;charset=UTF-8
Date: Sat, 09 Nov 2024 19:32:45 GMT
Expires: Sat, 09 Nov 2024 19:32:45 GMT
Pragma: no-cache
Server: pve-api-daemon/3.0

{"data":[{"vmid":100,"netout":0,"id":"qemu/100","status":"stopped","type":"qemu","diskwrite":0,"mem":0,"uptime":0,"disk":0,"name":"postgres","cpu":0,"diskread":0,"node":"host1","template":0,"maxmem":2147483648,"maxcpu":2,"netin":0,"maxdisk":10737418240},{"node":"host1","diskread":0,"cpu":0,"name":"ubuntu-2404-cloudinit-template","disk":0,"uptime":0,"type":"qemu","diskwrite":0,"mem":0,"status":"stopped","id":"qemu/9000","netout":0,"vmid":9000,"maxdisk":3758096384,"netin":0,"maxcpu":2,"maxmem":2147483648,"template":1}]}
2024/11/09 19:32:45 >>>>>>>>>> REQUEST:
GET /api2/json/nodes/host1/qemu/100/config HTTP/1.1
Host: 192.168.1.131:8006
User-Agent: Go-http-client/1.1
Accept: application/json
Authorization: PVEAPIToken=tf@pam!terraform_token_id=0b313fa7-e5ef-451a-92c6-d30e11e4e84a
Accept-Encoding: gzip

2024/11/09 19:32:45 <<<<<<<<<< RESULT:
HTTP/1.1 200 OK
Content-Length: 484
Cache-Control: max-age=0
Connection: Keep-Alive
Content-Type: application/json;charset=UTF-8
Date: Sat, 09 Nov 2024 19:32:45 GMT
Expires: Sat, 09 Nov 2024 19:32:45 GMT
Pragma: no-cache
Server: pve-api-daemon/3.0

{"data":{"net0":"virtio=DA:55:B7:47:5D:05,bridge=vmbr0","bootdisk":"scsi0","scsihw":"virtio-scsi-pci","memory":2048,"smbios1":"uuid=fb7ce939-d859-4b80-93e1-d8541f9ee2e7","vmgenid":"cbfcefb1-fc1a-4345-a6f2-bd7bba398aa3","scsi0":"vms:100/vm-100-disk-1.qcow2,size=10G","ide2":"vms:100/vm-100-cloudinit.qcow2,media=cdrom,size=4M","name":"postgres","digest":"edf0516277ff5a8b62b88a5ea59d92f1d445206c","cores":2,"meta":"creation-qemu=8.0.2,ctime=1731179948","agent":"enabled=1","boot":"c"}}
2024/11/09 19:32:45 >>>>>>>>>> REQUEST:
GET /api2/json/cluster/resources?type=vm HTTP/1.1
Host: 192.168.1.131:8006
User-Agent: Go-http-client/1.1
Accept: application/json
Authorization: PVEAPIToken=tf@pam!terraform_token_id=0b313fa7-e5ef-451a-92c6-d30e11e4e84a
Accept-Encoding: gzip

2024/11/09 19:32:45 <<<<<<<<<< RESULT:
HTTP/1.1 200 OK
Content-Length: 523
Cache-Control: max-age=0
Connection: Keep-Alive
Content-Type: application/json;charset=UTF-8
Date: Sat, 09 Nov 2024 19:32:45 GMT
Expires: Sat, 09 Nov 2024 19:32:45 GMT
Pragma: no-cache
Server: pve-api-daemon/3.0

{"data":[{"template":0,"maxmem":2147483648,"maxdisk":10737418240,"netin":0,"maxcpu":2,"status":"stopped","id":"qemu/100","netout":0,"vmid":100,"uptime":0,"mem":0,"diskwrite":0,"type":"qemu","disk":0,"name":"postgres","node":"host1","diskread":0,"cpu":0},{"maxmem":2147483648,"maxdisk":3758096384,"maxcpu":2,"netin":0,"template":1,"disk":0,"name":"ubuntu-2404-cloudinit-template","diskread":0,"cpu":0,"node":"host1","id":"qemu/9000","status":"stopped","vmid":9000,"netout":0,"mem":0,"diskwrite":0,"type":"qemu","uptime":0}]}
2024/11/09 19:32:45 >>>>>>>>>> REQUEST:
GET /api2/json/cluster/ha/resources/100 HTTP/1.1
Host: 192.168.1.131:8006
User-Agent: Go-http-client/1.1
Accept: application/json
Authorization: PVEAPIToken=tf@pam!terraform_token_id=0b313fa7-e5ef-451a-92c6-d30e11e4e84a
Accept-Encoding: gzip

2024/11/09 19:32:45 <<<<<<<<<< RESULT:
HTTP/1.1 500 no such resource 'vm:100'
Connection: close
Content-Length: 13
Cache-Control: max-age=0
Content-Type: application/json;charset=UTF-8
Date: Sat, 09 Nov 2024 19:32:45 GMT
Expires: Sat, 09 Nov 2024 19:32:45 GMT
Pragma: no-cache
Server: pve-api-daemon/3.0

{"data":null}
2024/11/09 19:32:45 >>>>>>>>>> REQUEST:
GET /api2/json/nodes/host1/qemu/100/status/current HTTP/1.1
Host: 192.168.1.131:8006
User-Agent: Go-http-client/1.1
Accept: application/json
Authorization: PVEAPIToken=tf@pam!terraform_token_id=0b313fa7-e5ef-451a-92c6-d30e11e4e84a
Accept-Encoding: gzip

2024/11/09 19:32:45 <<<<<<<<<< RESULT:
HTTP/1.1 200 OK
Content-Length: 244
Cache-Control: max-age=0
Connection: Keep-Alive
Connection: Keep-Alive
Content-Type: application/json;charset=UTF-8
Date: Sat, 09 Nov 2024 19:32:45 GMT
Expires: Sat, 09 Nov 2024 19:32:45 GMT
Pragma: no-cache
Server: pve-api-daemon/3.0

{"data":{"cpus":2,"maxdisk":10737418240,"agent":1,"name":"postgres","cpu":0,"vmid":100,"maxmem":2147483648,"status":"stopped","diskread":0,"netin":0,"netout":0,"ha":{"managed":0},"mem":0,"uptime":0,"disk":0,"diskwrite":0,"qmpstatus":"stopped"}}
2024/11/09 19:32:45 [DEBUG] VM status: stopped
[90mSat, 09 Nov 2024 19:32:45 +0000[0m DBG [1mgithub.com/Telmate/terraform-provider-proxmox/v2/proxmox/resource_vm_qemu.go:1500[0m[36m >[0m [READ] Received Config from Proxmox API: {"agent":{"enable":false},"bios":"seabios","boot":"c","bootdisk":"scsi0","cpu":{"cores":2},"disks":{"ide":{"2":{"cloudinit":{"format":"qcow2","storage":"vms"}}},"scsi":{"0":{"disk":{"backup":true,"bandwidth":{"mbps":{"read":{},"write":{}},"iops":{"read":{},"write":{}}},"discard":false,"emulatessd":false,"format":"qcow2","id":1,"iothread":false,"linked":null,"readonly":false,"replicate":true,"size":10485760,"storage":"vms","wwn":""}}}},"hotplug":"network,disk,usb","memory":{"capacity":2048},"name":"postgres","node":"host1","onboot":true,"pool":"","protection":false,"kvm":true,"network":{"0":{"bridge":"vmbr0","id":0,"macaddr":"DA:55:B7:47:5D:05","model":"virtio"}},"ostype":"other","scsihw":"virtio-scsi-pci","smbios1":"uuid=fb7ce939-d859-4b80-93e1-d8541f9ee2e7","tablet":true,"vmid":100} [36mloggerName=[0mresource_vm_read [36mvmid=[0m100
[90mSat, 09 Nov 2024 19:32:45 +0000[0m DBG [1mgithub.com/Telmate/terraform-provider-proxmox/v2/proxmox/resource_vm_qemu.go:1541[0m[36m >[0m key 'force_create' is set to false [36mloggerName=[0mresource_vm_read [36mvmid=[0m100
[90mSat, 09 Nov 2024 19:32:45 +0000[0m DBG [1mgithub.com/Telmate/terraform-provider-proxmox/v2/proxmox/resource_vm_qemu.go:1541[0m[36m >[0m key 'define_connection_info' is set to true [36mloggerName=[0mresource_vm_read [36mvmid=[0m100
[90mSat, 09 Nov 2024 19:32:45 +0000[0m DBG [1mgithub.com/Telmate/terraform-provider-proxmox/v2/proxmox/resource_vm_qemu.go:1555[0m[36m >[0m Hostpci Block Processed 'map[]' [36mloggerName=[0mresource_vm_read [36mvmid=[0m100
[90mSat, 09 Nov 2024 19:32:45 +0000[0m DBG [1mgithub.com/Telmate/terraform-provider-proxmox/v2/proxmox/resource_vm_qemu.go:1563[0m[36m >[0m Usb Block Processed 'map[]' [36mloggerName=[0mresource_vm_read [36mvmid=[0m100
[90mSat, 09 Nov 2024 19:32:45 +0000[0m DBG [1mgithub.com/Telmate/terraform-provider-proxmox/v2/proxmox/resource_vm_qemu.go:1570[0m[36m >[0m Unused Disk Block Processed 'map[]' [36mloggerName=[0mresource_vm_read [36mvmid=[0m100
[90mSat, 09 Nov 2024 19:32:45 +0000[0m DBG [1mgithub.com/Telmate/terraform-provider-proxmox/v2/proxmox/resource_vm_qemu.go:1584[0m[36m >[0m Analyzing Network blocks  [36mloggerName=[0mresource_vm_read [36mvmid=[0m100
[90mSat, 09 Nov 2024 19:32:45 +0000[0m DBG [1mgithub.com/Telmate/terraform-provider-proxmox/v2/proxmox/resource_vm_qemu.go:1586[0m[36m >[0m Network block received 'map[bridge:vmbr0 id:0 macaddr:DA:55:B7:47:5D:05 model:virtio]' [36mloggerName=[0mresource_vm_read [36mvmid=[0m100
[90mSat, 09 Nov 2024 19:32:45 +0000[0m DBG [1mgithub.com/Telmate/terraform-provider-proxmox/v2/proxmox/resource_vm_qemu.go:1617[0m[36m >[0m VM Net Config 'map[0:map[bridge:vmbr0 id:0 macaddr:DA:55:B7:47:5D:05 model:virtio tag:-1]]' from '[map[bridge:vmbr0 macaddr:DA:55:B7:47:5D:05 model:virtio tag:-1]]' set as '[map[bridge:vmbr0 firewall:false link_down:false macaddr:DA:55:B7:47:5D:05 model:virtio mtu:0 queues:0 rate:0 tag:-1]]' type of 'string' [36mloggerName=[0mresource_vm_read [36mvmid=[0m100
[90mSat, 09 Nov 2024 19:32:45 +0000[0m DBG [1mgithub.com/Telmate/terraform-provider-proxmox/v2/proxmox/resource_vm_qemu.go:1619[0m[36m >[0m Finished VM read resulting in data: '' [36mloggerName=[0mresource_vm_read [36mvmid=[0m100
[90mSat, 09 Nov 2024 19:32:46 +0000[0m [32mINF[0m [1mgithub.com/Telmate/terraform-provider-proxmox/v2/proxmox/util.go:158[0m[36m >[0m [1mEnabling the capture of log-library logs as ithe _capturelog flag was detected[0m
[90mSat, 09 Nov 2024 19:32:46 +0000[0m [32mINF[0m [1mgithub.com/Telmate/terraform-provider-proxmox/v2/proxmox/util.go:191[0m[36m >[0m [1mLogging Started. Root Logger Set to level debug[0m
2024/11/09 19:32:46 >>>>>>>>>> REQUEST:
GET /api2/json/cluster/resources?type=vm HTTP/1.1
Host: 192.168.1.131:8006
User-Agent: Go-http-client/1.1
Accept: application/json
Authorization: PVEAPIToken=tf@pam!terraform_token_id=0b313fa7-e5ef-451a-92c6-d30e11e4e84a
Accept-Encoding: gzip

2024/11/09 19:32:46 <<<<<<<<<< RESULT:
HTTP/1.1 200 OK
Content-Length: 523
Cache-Control: max-age=0
Connection: Keep-Alive
Content-Type: application/json;charset=UTF-8
Date: Sat, 09 Nov 2024 19:32:46 GMT
Expires: Sat, 09 Nov 2024 19:32:46 GMT
Pragma: no-cache
Server: pve-api-daemon/3.0

{"data":[{"name":"postgres","disk":0,"cpu":0,"diskread":0,"node":"host1","vmid":100,"netout":0,"id":"qemu/100","status":"stopped","mem":0,"diskwrite":0,"type":"qemu","uptime":0,"maxmem":2147483648,"maxcpu":2,"netin":0,"maxdisk":10737418240,"template":0},{"node":"host1","cpu":0,"diskread":0,"disk":0,"name":"ubuntu-2404-cloudinit-template","uptime":0,"diskwrite":0,"mem":0,"type":"qemu","netout":0,"vmid":9000,"id":"qemu/9000","status":"stopped","netin":0,"maxcpu":2,"maxdisk":3758096384,"maxmem":2147483648,"template":1}]}
2024/11/09 19:32:46 >>>>>>>>>> REQUEST:
GET /api2/json/nodes/host1/qemu/100/status/current HTTP/1.1
Host: 192.168.1.131:8006
User-Agent: Go-http-client/1.1
Accept: application/json
Authorization: PVEAPIToken=tf@pam!terraform_token_id=0b313fa7-e5ef-451a-92c6-d30e11e4e84a
Accept-Encoding: gzip

2024/11/09 19:32:46 [DEBUG] setting computed for "smbios" from ComputedKeys
2024/11/09 19:32:46 [DEBUG] setting computed for "unused_disk" from ComputedKeys
[90mSat, 09 Nov 2024 19:32:46 +0000[0m [32mINF[0m [1mgithub.com/Telmate/terraform-provider-proxmox/v2/proxmox/resource_vm_qemu.go:942[0m[36m >[0m [1mVM creation[0m [36mloggerName=[0mresource_vm_create [36mvmid=[0m
[90mSat, 09 Nov 2024 19:32:46 +0000[0m DBG [1mgithub.com/Telmate/terraform-provider-proxmox/v2/proxmox/resource_vm_qemu.go:943[0m[36m >[0m VM creation resource data: '' [36mloggerName=[0mresource_vm_create [36mvmid=[0m
2024/11/09 19:32:46 [DEBUG][QemuVmCreate] checking for duplicate name: mysql
2024/11/09 19:32:46 >>>>>>>>>> REQUEST:
GET /api2/json/cluster/resources?type=vm HTTP/1.1
Host: 192.168.1.131:8006
User-Agent: Go-http-client/1.1
Accept: application/json
Authorization: PVEAPIToken=tf@pam!terraform_token_id=0b313fa7-e5ef-451a-92c6-d30e11e4e84a
Accept-Encoding: gzip

2024/11/09 19:32:46 <<<<<<<<<< RESULT:
HTTP/1.1 200 OK
Content-Length: 244
Cache-Control: max-age=0
Connection: Keep-Alive
Connection: Keep-Alive
Content-Type: application/json;charset=UTF-8
Date: Sat, 09 Nov 2024 19:32:46 GMT
Expires: Sat, 09 Nov 2024 19:32:46 GMT
Pragma: no-cache
Server: pve-api-daemon/3.0

{"data":{"status":"stopped","ha":{"managed":0},"netout":0,"netin":0,"diskread":0,"uptime":0,"mem":0,"qmpstatus":"stopped","disk":0,"diskwrite":0,"maxdisk":10737418240,"cpus":2,"name":"postgres","agent":1,"vmid":100,"cpu":0,"maxmem":2147483648}}
2024/11/09 19:32:46 >>>>>>>>>> REQUEST:
DELETE /api2/json/nodes/host1/qemu/100 HTTP/1.1
Host: 192.168.1.131:8006
User-Agent: Go-http-client/1.1
Accept: application/json
Authorization: PVEAPIToken=tf@pam!terraform_token_id=0b313fa7-e5ef-451a-92c6-d30e11e4e84a
Accept-Encoding: gzip

2024/11/09 19:32:46 <<<<<<<<<< RESULT:
HTTP/1.1 200 OK
Content-Length: 523
Cache-Control: max-age=0
Connection: Keep-Alive
Content-Type: application/json;charset=UTF-8
Date: Sat, 09 Nov 2024 19:32:46 GMT
Expires: Sat, 09 Nov 2024 19:32:46 GMT
Pragma: no-cache
Server: pve-api-daemon/3.0

{"data":[{"diskread":0,"cpu":0,"node":"host1","name":"postgres","disk":0,"mem":0,"diskwrite":0,"type":"qemu","uptime":0,"vmid":100,"netout":0,"status":"stopped","id":"qemu/100","maxcpu":2,"netin":0,"maxdisk":10737418240,"maxmem":2147483648,"template":0},{"template":1,"maxmem":2147483648,"maxdisk":3758096384,"maxcpu":2,"netin":0,"status":"stopped","id":"qemu/9000","vmid":9000,"netout":0,"type":"qemu","diskwrite":0,"mem":0,"uptime":0,"disk":0,"name":"ubuntu-2404-cloudinit-template","cpu":0,"diskread":0,"node":"host1"}]}
2024/11/09 19:32:46 >>>>>>>>>> REQUEST:
GET /api2/json/cluster/nextid HTTP/1.1
Host: 192.168.1.131:8006
User-Agent: Go-http-client/1.1
Accept: application/json
Authorization: PVEAPIToken=tf@pam!terraform_token_id=0b313fa7-e5ef-451a-92c6-d30e11e4e84a
Accept-Encoding: gzip

2024/11/09 19:32:46 <<<<<<<<<< RESULT:
HTTP/1.1 200 OK
Content-Length: 89
Cache-Control: max-age=0
Connection: Keep-Alive
Connection: Keep-Alive
Content-Type: application/json;charset=UTF-8
Date: Sat, 09 Nov 2024 19:32:47 GMT
Expires: Sat, 09 Nov 2024 19:32:47 GMT
Pragma: no-cache
Server: pve-api-daemon/3.0

{"data":"UPID:host1:001B56D3:1953F87D:672FB8DF:qmdestroy:100:tf@pam!terraform_token_id:"}
2024/11/09 19:32:46 >>>>>>>>>> REQUEST:
GET /api2/json/nodes/host1/tasks/UPID:host1:001B56D3:1953F87D:672FB8DF:qmdestroy:100:tf@pam!terraform_token_id:/status HTTP/1.1
Host: 192.168.1.131:8006
User-Agent: Go-http-client/1.1
Accept: application/json
Authorization: PVEAPIToken=tf@pam!terraform_token_id=0b313fa7-e5ef-451a-92c6-d30e11e4e84a
Accept-Encoding: gzip

2024/11/09 19:32:47 <<<<<<<<<< RESULT:
HTTP/1.1 200 OK
Content-Length: 14
Cache-Control: max-age=0
Connection: Keep-Alive
Content-Type: application/json;charset=UTF-8
Date: Sat, 09 Nov 2024 19:32:47 GMT
Expires: Sat, 09 Nov 2024 19:32:47 GMT
Pragma: no-cache
Server: pve-api-daemon/3.0

{"data":"101"}
2024/11/09 19:32:47 >>>>>>>>>> REQUEST:
GET /api2/json/cluster/resources?type=vm HTTP/1.1
Host: 192.168.1.131:8006
User-Agent: Go-http-client/1.1
Accept: application/json
Authorization: PVEAPIToken=tf@pam!terraform_token_id=0b313fa7-e5ef-451a-92c6-d30e11e4e84a
Accept-Encoding: gzip

2024/11/09 19:32:47 <<<<<<<<<< RESULT:
HTTP/1.1 200 OK
Content-Length: 265
Cache-Control: max-age=0
Connection: Keep-Alive
Connection: Keep-Alive
Content-Type: application/json;charset=UTF-8
Date: Sat, 09 Nov 2024 19:32:47 GMT
Expires: Sat, 09 Nov 2024 19:32:47 GMT
Pragma: no-cache
Server: pve-api-daemon/3.0

{"data":{"node":"host1","tokenid":"terraform_token_id","upid":"UPID:host1:001B56D3:1953F87D:672FB8DF:qmdestroy:100:tf@pam!terraform_token_id:","id":"100","status":"running","starttime":1731180767,"type":"qmdestroy","user":"tf@pam","pid":1791699,"pstart":424933501}}
2024/11/09 19:32:47 <<<<<<<<<< RESULT:
HTTP/1.1 200 OK
Content-Length: 523
Cache-Control: max-age=0
Connection: Keep-Alive
Content-Type: application/json;charset=UTF-8
Date: Sat, 09 Nov 2024 19:32:47 GMT
Expires: Sat, 09 Nov 2024 19:32:47 GMT
Pragma: no-cache
Server: pve-api-daemon/3.0

{"data":[{"maxdisk":10737418240,"maxcpu":2,"netin":0,"maxmem":2147483648,"template":0,"cpu":0,"diskread":0,"node":"host1","disk":0,"name":"postgres","diskwrite":0,"mem":0,"type":"qemu","uptime":0,"status":"stopped","id":"qemu/100","vmid":100,"netout":0},{"cpu":0,"diskread":0,"node":"host1","disk":0,"name":"ubuntu-2404-cloudinit-template","diskwrite":0,"mem":0,"type":"qemu","uptime":0,"status":"stopped","id":"qemu/9000","vmid":9000,"netout":0,"maxdisk":3758096384,"maxcpu":2,"netin":0,"maxmem":2147483648,"template":1}]}
2024/11/09 19:32:47 [DEBUG][QemuVmCreate] cloning VM
[90mSat, 09 Nov 2024 19:32:47 +0000[0m DBG [1mgithub.com/Telmate/terraform-provider-proxmox/v2/proxmox/resource_vm_qemu.go:1079[0m[36m >[0m Cloning VM [36mloggerName=[0mresource_vm_create [36mvmid=[0m
2024/11/09 19:32:47 >>>>>>>>>> REQUEST:
POST /api2/json/nodes/host1/qemu/9000/clone HTTP/1.1
Host: 192.168.1.131:8006
User-Agent: Go-http-client/1.1
Content-Length: 40
Accept: application/json
Authorization: PVEAPIToken=tf@pam!terraform_token_id=0b313fa7-e5ef-451a-92c6-d30e11e4e84a
Content-Type: application/x-www-form-urlencoded
Accept-Encoding: gzip

full=1&name=mysql&newid=101&target=host1
2024/11/09 19:32:47 <<<<<<<<<< RESULT:
HTTP/1.1 200 OK
Connection: close
Content-Length: 88
Cache-Control: max-age=0
Content-Type: application/json;charset=UTF-8
Date: Sat, 09 Nov 2024 19:32:47 GMT
Expires: Sat, 09 Nov 2024 19:32:47 GMT
Pragma: no-cache
Server: pve-api-daemon/3.0

{"data":"UPID:host1:001B56D6:1953F888:672FB8DF:qmclone:9000:tf@pam!terraform_token_id:"}
2024/11/09 19:32:47 >>>>>>>>>> REQUEST:
GET /api2/json/nodes/host1/tasks/UPID:host1:001B56D6:1953F888:672FB8DF:qmclone:9000:tf@pam!terraform_token_id:/status HTTP/1.1
Host: 192.168.1.131:8006
User-Agent: Go-http-client/1.1
Accept: application/json
Authorization: PVEAPIToken=tf@pam!terraform_token_id=0b313fa7-e5ef-451a-92c6-d30e11e4e84a
Accept-Encoding: gzip

2024/11/09 19:32:47 <<<<<<<<<< RESULT:
HTTP/1.1 200 OK
Content-Length: 263
Cache-Control: max-age=0
Connection: Keep-Alive
Connection: Keep-Alive
Content-Type: application/json;charset=UTF-8
Date: Sat, 09 Nov 2024 19:32:47 GMT
Expires: Sat, 09 Nov 2024 19:32:47 GMT
Pragma: no-cache
Server: pve-api-daemon/3.0

{"data":{"tokenid":"terraform_token_id","upid":"UPID:host1:001B56D6:1953F888:672FB8DF:qmclone:9000:tf@pam!terraform_token_id:","id":"9000","status":"running","node":"host1","pid":1791702,"pstart":424933512,"starttime":1731180767,"user":"tf@pam","type":"qmclone"}}
2024/11/09 19:32:49 >>>>>>>>>> REQUEST:
GET /api2/json/nodes/host1/tasks/UPID:host1:001B56D3:1953F87D:672FB8DF:qmdestroy:100:tf@pam!terraform_token_id:/status HTTP/1.1
Host: 192.168.1.131:8006
User-Agent: Go-http-client/1.1
Accept: application/json
Authorization: PVEAPIToken=tf@pam!terraform_token_id=0b313fa7-e5ef-451a-92c6-d30e11e4e84a
Accept-Encoding: gzip

2024/11/09 19:32:49 <<<<<<<<<< RESULT:
HTTP/1.1 200 OK
Content-Length: 283
Cache-Control: max-age=0
Connection: Keep-Alive
Connection: Keep-Alive
Content-Type: application/json;charset=UTF-8
Date: Sat, 09 Nov 2024 19:32:49 GMT
Expires: Sat, 09 Nov 2024 19:32:49 GMT
Pragma: no-cache
Server: pve-api-daemon/3.0

{"data":{"pid":1791699,"pstart":424933501,"starttime":1731180767,"upid":"UPID:host1:001B56D3:1953F87D:672FB8DF:qmdestroy:100:tf@pam!terraform_token_id:","tokenid":"terraform_token_id","node":"host1","type":"qmdestroy","user":"tf@pam","exitstatus":"OK","status":"stopped","id":"100"}}
2024/11/09 19:32:49 >>>>>>>>>> REQUEST:
GET /api2/json/nodes/host1/tasks/UPID:host1:001B56D6:1953F888:672FB8DF:qmclone:9000:tf@pam!terraform_token_id:/status HTTP/1.1
Host: 192.168.1.131:8006
User-Agent: Go-http-client/1.1
Accept: application/json
Authorization: PVEAPIToken=tf@pam!terraform_token_id=0b313fa7-e5ef-451a-92c6-d30e11e4e84a
Accept-Encoding: gzip

2024/11/09 19:32:49 <<<<<<<<<< RESULT:
HTTP/1.1 200 OK
Content-Length: 281
Cache-Control: max-age=0
Connection: Keep-Alive
Connection: Keep-Alive
Content-Type: application/json;charset=UTF-8
Date: Sat, 09 Nov 2024 19:32:49 GMT
Expires: Sat, 09 Nov 2024 19:32:49 GMT
Pragma: no-cache
Server: pve-api-daemon/3.0

{"data":{"user":"tf@pam","type":"qmclone","status":"stopped","id":"9000","exitstatus":"OK","starttime":1731180767,"pstart":424933512,"pid":1791702,"node":"host1","upid":"UPID:host1:001B56D6:1953F888:672FB8DF:qmclone:9000:tf@pam!terraform_token_id:","tokenid":"terraform_token_id"}}
2024/11/09 19:32:49 [DEBUG] setting computed for "unused_disk" from ComputedKeys
2024/11/09 19:32:49 [DEBUG] setting computed for "smbios" from ComputedKeys
[90mSat, 09 Nov 2024 19:32:49 +0000[0m [32mINF[0m [1mgithub.com/Telmate/terraform-provider-proxmox/v2/proxmox/resource_vm_qemu.go:942[0m[36m >[0m [1mVM creation[0m [36mloggerName=[0mresource_vm_create [36mvmid=[0m
[90mSat, 09 Nov 2024 19:32:49 +0000[0m DBG [1mgithub.com/Telmate/terraform-provider-proxmox/v2/proxmox/resource_vm_qemu.go:943[0m[36m >[0m VM creation resource data: '' [36mloggerName=[0mresource_vm_create [36mvmid=[0m
2024/11/09 19:32:49 [DEBUG][QemuVmCreate] checking for duplicate name: postgres
2024/11/09 19:32:49 >>>>>>>>>> REQUEST:
GET /api2/json/cluster/resources?type=vm HTTP/1.1
Host: 192.168.1.131:8006
User-Agent: Go-http-client/1.1
Accept: application/json
Authorization: PVEAPIToken=tf@pam!terraform_token_id=0b313fa7-e5ef-451a-92c6-d30e11e4e84a
Accept-Encoding: gzip

2024/11/09 19:32:49 <<<<<<<<<< RESULT:
HTTP/1.1 200 OK
Content-Length: 355
Cache-Control: max-age=0
Connection: Keep-Alive
Content-Type: application/json;charset=UTF-8
Date: Sat, 09 Nov 2024 19:32:49 GMT
Expires: Sat, 09 Nov 2024 19:32:49 GMT
Pragma: no-cache
Server: pve-api-daemon/3.0

{"data":[{"node":"host1","type":"qemu","status":"unknown","id":"qemu/101","vmid":101},{"mem":0,"diskwrite":0,"type":"qemu","uptime":0,"vmid":9000,"netout":0,"status":"stopped","id":"qemu/9000","diskread":0,"cpu":0,"node":"host1","name":"ubuntu-2404-cloudinit-template","disk":0,"template":1,"maxcpu":2,"netin":0,"maxdisk":3758096384,"maxmem":2147483648}]}
2024/11/09 19:32:49 >>>>>>>>>> REQUEST:
GET /api2/json/cluster/nextid HTTP/1.1
Host: 192.168.1.131:8006
User-Agent: Go-http-client/1.1
Accept: application/json
Authorization: PVEAPIToken=tf@pam!terraform_token_id=0b313fa7-e5ef-451a-92c6-d30e11e4e84a
Accept-Encoding: gzip

2024/11/09 19:32:49 <<<<<<<<<< RESULT:
HTTP/1.1 200 OK
Content-Length: 14
Cache-Control: max-age=0
Connection: Keep-Alive
Content-Type: application/json;charset=UTF-8
Date: Sat, 09 Nov 2024 19:32:49 GMT
Expires: Sat, 09 Nov 2024 19:32:49 GMT
Pragma: no-cache
Server: pve-api-daemon/3.0

{"data":"100"}
2024/11/09 19:32:49 >>>>>>>>>> REQUEST:
GET /api2/json/cluster/resources?type=vm HTTP/1.1
Host: 192.168.1.131:8006
User-Agent: Go-http-client/1.1
Accept: application/json
Authorization: PVEAPIToken=tf@pam!terraform_token_id=0b313fa7-e5ef-451a-92c6-d30e11e4e84a
Accept-Encoding: gzip

2024/11/09 19:32:49 <<<<<<<<<< RESULT:
HTTP/1.1 200 OK
Content-Length: 355
Cache-Control: max-age=0
Connection: Keep-Alive
Content-Type: application/json;charset=UTF-8
Date: Sat, 09 Nov 2024 19:32:49 GMT
Expires: Sat, 09 Nov 2024 19:32:49 GMT
Pragma: no-cache
Server: pve-api-daemon/3.0

{"data":[{"vmid":101,"status":"unknown","id":"qemu/101","type":"qemu","node":"host1"},{"maxmem":2147483648,"netin":0,"maxcpu":2,"maxdisk":3758096384,"template":1,"disk":0,"name":"ubuntu-2404-cloudinit-template","node":"host1","diskread":0,"cpu":0,"netout":0,"vmid":9000,"id":"qemu/9000","status":"stopped","uptime":0,"diskwrite":0,"type":"qemu","mem":0}]}
2024/11/09 19:32:49 [DEBUG][QemuVmCreate] cloning VM
[90mSat, 09 Nov 2024 19:32:49 +0000[0m DBG [1mgithub.com/Telmate/terraform-provider-proxmox/v2/proxmox/resource_vm_qemu.go:1079[0m[36m >[0m Cloning VM [36mloggerName=[0mresource_vm_create [36mvmid=[0m
2024/11/09 19:32:49 >>>>>>>>>> REQUEST:
POST /api2/json/nodes/host1/qemu/9000/clone HTTP/1.1
Host: 192.168.1.131:8006
User-Agent: Go-http-client/1.1
Content-Length: 43
Accept: application/json
Authorization: PVEAPIToken=tf@pam!terraform_token_id=0b313fa7-e5ef-451a-92c6-d30e11e4e84a
Content-Type: application/x-www-form-urlencoded
Accept-Encoding: gzip

full=1&name=postgres&newid=100&target=host1
2024/11/09 19:32:49 <<<<<<<<<< RESULT:
HTTP/1.1 200 OK
Connection: close
Content-Length: 88
Cache-Control: max-age=0
Content-Type: application/json;charset=UTF-8
Date: Sat, 09 Nov 2024 19:32:49 GMT
Expires: Sat, 09 Nov 2024 19:32:49 GMT
Pragma: no-cache
Server: pve-api-daemon/3.0

{"data":"UPID:host1:001B56F8:1953F96A:672FB8E1:qmclone:9000:tf@pam!terraform_token_id:"}
2024/11/09 19:32:49 >>>>>>>>>> REQUEST:
GET /api2/json/nodes/host1/tasks/UPID:host1:001B56F8:1953F96A:672FB8E1:qmclone:9000:tf@pam!terraform_token_id:/status HTTP/1.1
Host: 192.168.1.131:8006
User-Agent: Go-http-client/1.1
Accept: application/json
Authorization: PVEAPIToken=tf@pam!terraform_token_id=0b313fa7-e5ef-451a-92c6-d30e11e4e84a
Accept-Encoding: gzip

2024/11/09 19:32:49 <<<<<<<<<< RESULT:
HTTP/1.1 200 OK
Content-Length: 263
Cache-Control: max-age=0
Connection: Keep-Alive
Connection: Keep-Alive
Content-Type: application/json;charset=UTF-8
Date: Sat, 09 Nov 2024 19:32:49 GMT
Expires: Sat, 09 Nov 2024 19:32:49 GMT
Pragma: no-cache
Server: pve-api-daemon/3.0

{"data":{"status":"running","id":"9000","upid":"UPID:host1:001B56F8:1953F96A:672FB8E1:qmclone:9000:tf@pam!terraform_token_id:","tokenid":"terraform_token_id","node":"host1","pstart":424933738,"pid":1791736,"type":"qmclone","user":"tf@pam","starttime":1731180769}}
2024/11/09 19:32:51 >>>>>>>>>> REQUEST:
GET /api2/json/nodes/host1/tasks/UPID:host1:001B56F8:1953F96A:672FB8E1:qmclone:9000:tf@pam!terraform_token_id:/status HTTP/1.1
Host: 192.168.1.131:8006
User-Agent: Go-http-client/1.1
Accept: application/json
Authorization: PVEAPIToken=tf@pam!terraform_token_id=0b313fa7-e5ef-451a-92c6-d30e11e4e84a
Accept-Encoding: gzip

2024/11/09 19:32:51 <<<<<<<<<< RESULT:
HTTP/1.1 200 OK
Content-Length: 281
Cache-Control: max-age=0
Connection: Keep-Alive
Connection: Keep-Alive
Content-Type: application/json;charset=UTF-8
Date: Sat, 09 Nov 2024 19:32:51 GMT
Expires: Sat, 09 Nov 2024 19:32:51 GMT
Pragma: no-cache
Server: pve-api-daemon/3.0

{"data":{"user":"tf@pam","type":"qmclone","status":"stopped","id":"9000","exitstatus":"OK","starttime":1731180769,"pstart":424933738,"pid":1791736,"node":"host1","upid":"UPID:host1:001B56F8:1953F96A:672FB8E1:qmclone:9000:tf@pam!terraform_token_id:","tokenid":"terraform_token_id"}}
2024/11/09 19:32:59 [DEBUG][QemuVmCreate] update VM after clone
2024/11/09 19:32:59 >>>>>>>>>> REQUEST:
GET /api2/json/nodes/host1/qemu/101/config HTTP/1.1
Host: 192.168.1.131:8006
User-Agent: Go-http-client/1.1
Accept: application/json
Authorization: PVEAPIToken=tf@pam!terraform_token_id=0b313fa7-e5ef-451a-92c6-d30e11e4e84a
Accept-Encoding: gzip

2024/11/09 19:32:59 <<<<<<<<<< RESULT:
HTTP/1.1 200 OK
Content-Length: 481
Cache-Control: max-age=0
Connection: Keep-Alive
Content-Type: application/json;charset=UTF-8
Date: Sat, 09 Nov 2024 19:32:59 GMT
Expires: Sat, 09 Nov 2024 19:32:59 GMT
Pragma: no-cache
Server: pve-api-daemon/3.0

{"data":{"meta":"creation-qemu=8.0.2,ctime=1731179948","agent":"enabled=1","boot":"c","name":"mysql","digest":"228fd5a343e63bc34d61f03c06347932c2b904f0","ide2":"vms:101/vm-101-cloudinit.qcow2,media=cdrom,size=4M","cores":2,"memory":2048,"smbios1":"uuid=e8634e1e-75e0-4139-a4cd-8c4a07142d74","scsihw":"virtio-scsi-pci","scsi0":"vms:101/vm-101-disk-0.raw,size=3584M","vmgenid":"7f5764b5-b71c-41ec-ba6c-6ae7fe1c1709","net0":"virtio=72:6C:5C:36:E0:D6,bridge=vmbr0","bootdisk":"scsi0"}}
2024/11/09 19:32:59 >>>>>>>>>> REQUEST:
GET /api2/json/cluster/resources?type=vm HTTP/1.1
Host: 192.168.1.131:8006
User-Agent: Go-http-client/1.1
Accept: application/json
Authorization: PVEAPIToken=tf@pam!terraform_token_id=0b313fa7-e5ef-451a-92c6-d30e11e4e84a
Accept-Encoding: gzip

2024/11/09 19:32:59 <<<<<<<<<< RESULT:
HTTP/1.1 200 OK
Content-Length: 751
Cache-Control: max-age=0
Connection: Keep-Alive
Content-Type: application/json;charset=UTF-8
Date: Sat, 09 Nov 2024 19:32:59 GMT
Expires: Sat, 09 Nov 2024 19:32:59 GMT
Pragma: no-cache
Server: pve-api-daemon/3.0

{"data":[{"maxmem":536870912,"maxcpu":1,"netin":0,"maxdisk":0,"template":0,"disk":0,"name":"VM 100","cpu":0,"diskread":0,"node":"host1","vmid":100,"netout":0,"id":"qemu/100","status":"stopped","type":"qemu","diskwrite":0,"mem":0,"uptime":0},{"node":"host1","diskread":0,"cpu":0,"name":"mysql","disk":0,"uptime":0,"mem":0,"diskwrite":0,"type":"qemu","netout":0,"vmid":101,"status":"stopped","id":"qemu/101","netin":0,"maxcpu":2,"maxdisk":3758096384,"maxmem":2147483648,"template":0},{"node":"host1","diskread":0,"cpu":0,"name":"ubuntu-2404-cloudinit-template","disk":0,"uptime":0,"diskwrite":0,"type":"qemu","mem":0,"netout":0,"vmid":9000,"id":"qemu/9000","status":"stopped","netin":0,"maxcpu":2,"maxdisk":3758096384,"maxmem":2147483648,"template":1}]}
2024/11/09 19:32:59 >>>>>>>>>> REQUEST:
GET /api2/json/cluster/ha/resources/101 HTTP/1.1
Host: 192.168.1.131:8006
User-Agent: Go-http-client/1.1
Accept: application/json
Authorization: PVEAPIToken=tf@pam!terraform_token_id=0b313fa7-e5ef-451a-92c6-d30e11e4e84a
Accept-Encoding: gzip

2024/11/09 19:32:59 <<<<<<<<<< RESULT:
HTTP/1.1 500 no such resource 'vm:101'
Connection: close
Content-Length: 13
Cache-Control: max-age=0
Content-Type: application/json;charset=UTF-8
Date: Sat, 09 Nov 2024 19:32:59 GMT
Expires: Sat, 09 Nov 2024 19:32:59 GMT
Pragma: no-cache
Server: pve-api-daemon/3.0

{"data":null}
2024/11/09 19:32:59 >>>>>>>>>> REQUEST:
GET /api2/json/version HTTP/1.1
Host: 192.168.1.131:8006
User-Agent: Go-http-client/1.1
Accept: application/json
Authorization: PVEAPIToken=tf@pam!terraform_token_id=0b313fa7-e5ef-451a-92c6-d30e11e4e84a
Accept-Encoding: gzip

2024/11/09 19:32:59 <<<<<<<<<< RESULT:
HTTP/1.1 200 OK
Content-Length: 72
Cache-Control: max-age=0
Connection: Keep-Alive
Content-Type: application/json;charset=UTF-8
Date: Sat, 09 Nov 2024 19:32:59 GMT
Expires: Sat, 09 Nov 2024 19:32:59 GMT
Pragma: no-cache
Server: pve-api-daemon/3.0

{"data":{"release":"8.0","version":"8.0.3","repoid":"bbf3993334bfa916"}}
2024/11/09 19:32:59 >>>>>>>>>> REQUEST:
POST /api2/json/nodes/host1/qemu/101/move_disk HTTP/1.1
Host: 192.168.1.131:8006
User-Agent: Go-http-client/1.1
Content-Length: 44
Accept: application/json
Authorization: PVEAPIToken=tf@pam!terraform_token_id=0b313fa7-e5ef-451a-92c6-d30e11e4e84a
Content-Type: application/x-www-form-urlencoded
Accept-Encoding: gzip

delete=1&disk=scsi0&format=qcow2&storage=vms
2024/11/09 19:32:59 <<<<<<<<<< RESULT:
HTTP/1.1 200 OK
Connection: close
Content-Length: 86
Cache-Control: max-age=0
Content-Type: application/json;charset=UTF-8
Date: Sat, 09 Nov 2024 19:32:59 GMT
Expires: Sat, 09 Nov 2024 19:32:59 GMT
Pragma: no-cache
Server: pve-api-daemon/3.0

{"data":"UPID:host1:001B5735:1953FD59:672FB8EB:qmmove:101:tf@pam!terraform_token_id:"}
2024/11/09 19:32:59 >>>>>>>>>> REQUEST:
GET /api2/json/nodes/host1/tasks/UPID:host1:001B5735:1953FD59:672FB8EB:qmmove:101:tf@pam!terraform_token_id:/status HTTP/1.1
Host: 192.168.1.131:8006
User-Agent: Go-http-client/1.1
Accept: application/json
Authorization: PVEAPIToken=tf@pam!terraform_token_id=0b313fa7-e5ef-451a-92c6-d30e11e4e84a
Accept-Encoding: gzip

2024/11/09 19:32:59 <<<<<<<<<< RESULT:
HTTP/1.1 200 OK
Content-Length: 259
Cache-Control: max-age=0
Connection: Keep-Alive
Connection: Keep-Alive
Content-Type: application/json;charset=UTF-8
Date: Sat, 09 Nov 2024 19:32:59 GMT
Expires: Sat, 09 Nov 2024 19:32:59 GMT
Pragma: no-cache
Server: pve-api-daemon/3.0

{"data":{"tokenid":"terraform_token_id","upid":"UPID:host1:001B5735:1953FD59:672FB8EB:qmmove:101:tf@pam!terraform_token_id:","id":"101","status":"running","node":"host1","pid":1791797,"pstart":424934745,"starttime":1731180779,"user":"tf@pam","type":"qmmove"}}
2024/11/09 19:33:01 [DEBUG][QemuVmCreate] update VM after clone
2024/11/09 19:33:01 >>>>>>>>>> REQUEST:
GET /api2/json/nodes/host1/qemu/100/config HTTP/1.1
Host: 192.168.1.131:8006
User-Agent: Go-http-client/1.1
Accept: application/json
Authorization: PVEAPIToken=tf@pam!terraform_token_id=0b313fa7-e5ef-451a-92c6-d30e11e4e84a
Accept-Encoding: gzip

2024/11/09 19:33:01 >>>>>>>>>> REQUEST:
GET /api2/json/nodes/host1/tasks/UPID:host1:001B5735:1953FD59:672FB8EB:qmmove:101:tf@pam!terraform_token_id:/status HTTP/1.1
Host: 192.168.1.131:8006
User-Agent: Go-http-client/1.1
Accept: application/json
Authorization: PVEAPIToken=tf@pam!terraform_token_id=0b313fa7-e5ef-451a-92c6-d30e11e4e84a
Accept-Encoding: gzip

2024/11/09 19:33:01 <<<<<<<<<< RESULT:
HTTP/1.1 200 OK
Content-Length: 484
Cache-Control: max-age=0
Connection: Keep-Alive
Content-Type: application/json;charset=UTF-8
Date: Sat, 09 Nov 2024 19:33:01 GMT
Expires: Sat, 09 Nov 2024 19:33:01 GMT
Pragma: no-cache
Server: pve-api-daemon/3.0

{"data":{"ide2":"vms:100/vm-100-cloudinit.qcow2,media=cdrom,size=4M","digest":"0731f79e870331a1036080eac343f15664b122b5","name":"postgres","cores":2,"agent":"enabled=1","meta":"creation-qemu=8.0.2,ctime=1731179948","boot":"c","net0":"virtio=22:A1:64:CC:F1:87,bridge=vmbr0","bootdisk":"scsi0","scsihw":"virtio-scsi-pci","smbios1":"uuid=76e18546-bb40-47e5-8a54-01ba60e5e269","memory":2048,"vmgenid":"31b89fde-e78d-4501-8edf-05ad7ca11f77","scsi0":"vms:100/vm-100-disk-0.raw,size=3584M"}}
2024/11/09 19:33:01 >>>>>>>>>> REQUEST:
GET /api2/json/cluster/resources?type=vm HTTP/1.1
Host: 192.168.1.131:8006
User-Agent: Go-http-client/1.1
Accept: application/json
Authorization: PVEAPIToken=tf@pam!terraform_token_id=0b313fa7-e5ef-451a-92c6-d30e11e4e84a
Accept-Encoding: gzip

2024/11/09 19:33:01 <<<<<<<<<< RESULT:
HTTP/1.1 200 OK
Content-Length: 277
Cache-Control: max-age=0
Connection: Keep-Alive
Connection: Keep-Alive
Content-Type: application/json;charset=UTF-8
Date: Sat, 09 Nov 2024 19:33:01 GMT
Expires: Sat, 09 Nov 2024 19:33:01 GMT
Pragma: no-cache
Server: pve-api-daemon/3.0

{"data":{"tokenid":"terraform_token_id","upid":"UPID:host1:001B5735:1953FD59:672FB8EB:qmmove:101:tf@pam!terraform_token_id:","node":"host1","pid":1791797,"pstart":424934745,"starttime":1731180779,"exitstatus":"OK","id":"101","status":"stopped","user":"tf@pam","type":"qmmove"}}
2024/11/09 19:33:01 >>>>>>>>>> REQUEST:
PUT /api2/json/nodes/host1/qemu/101/resize HTTP/1.1
Host: 192.168.1.131:8006
User-Agent: Go-http-client/1.1
Content-Length: 25
Accept: application/json
Authorization: PVEAPIToken=tf@pam!terraform_token_id=0b313fa7-e5ef-451a-92c6-d30e11e4e84a
Content-Type: application/x-www-form-urlencoded
Accept-Encoding: gzip

disk=scsi0&size=10485760K
2024/11/09 19:33:01 <<<<<<<<<< RESULT:
HTTP/1.1 200 OK
Content-Length: 763
Cache-Control: max-age=0
Connection: Keep-Alive
Content-Type: application/json;charset=UTF-8
Date: Sat, 09 Nov 2024 19:33:01 GMT
Expires: Sat, 09 Nov 2024 19:33:01 GMT
Pragma: no-cache
Server: pve-api-daemon/3.0

{"data":[{"name":"postgres","disk":0,"node":"host1","cpu":0,"diskread":0,"netout":0,"vmid":100,"id":"qemu/100","status":"stopped","uptime":0,"type":"qemu","diskwrite":0,"mem":0,"maxmem":2147483648,"netin":0,"maxcpu":2,"maxdisk":3758096384,"template":0},{"diskwrite":0,"mem":0,"type":"qemu","uptime":0,"id":"qemu/101","status":"stopped","vmid":101,"netout":0,"diskread":0,"cpu":0,"node":"host1","name":"mysql","disk":0,"template":0,"maxdisk":3758096384,"maxcpu":2,"netin":0,"maxmem":2147483648},{"mem":0,"diskwrite":0,"type":"qemu","uptime":0,"vmid":9000,"netout":0,"id":"qemu/9000","status":"stopped","diskread":0,"cpu":0,"node":"host1","name":"ubuntu-2404-cloudinit-template","disk":0,"template":1,"maxcpu":2,"netin":0,"maxdisk":3758096384,"maxmem":2147483648}]}
2024/11/09 19:33:01 >>>>>>>>>> REQUEST:
GET /api2/json/cluster/ha/resources/100 HTTP/1.1
Host: 192.168.1.131:8006
User-Agent: Go-http-client/1.1
Accept: application/json
Authorization: PVEAPIToken=tf@pam!terraform_token_id=0b313fa7-e5ef-451a-92c6-d30e11e4e84a
Accept-Encoding: gzip

2024/11/09 19:33:01 <<<<<<<<<< RESULT:
HTTP/1.1 500 no such resource 'vm:100'
Connection: close
Content-Length: 13
Cache-Control: max-age=0
Content-Type: application/json;charset=UTF-8
Date: Sat, 09 Nov 2024 19:33:01 GMT
Expires: Sat, 09 Nov 2024 19:33:01 GMT
Pragma: no-cache
Server: pve-api-daemon/3.0

{"data":null}
2024/11/09 19:33:01 >>>>>>>>>> REQUEST:
POST /api2/json/nodes/host1/qemu/100/move_disk HTTP/1.1
Host: 192.168.1.131:8006
User-Agent: Go-http-client/1.1
Content-Length: 44
Accept: application/json
Authorization: PVEAPIToken=tf@pam!terraform_token_id=0b313fa7-e5ef-451a-92c6-d30e11e4e84a
Content-Type: application/x-www-form-urlencoded
Accept-Encoding: gzip

delete=1&disk=scsi0&format=qcow2&storage=vms
2024/11/09 19:33:01 <<<<<<<<<< RESULT:
HTTP/1.1 200 OK
Content-Length: 86
Cache-Control: max-age=0
Connection: Keep-Alive
Connection: Keep-Alive
Content-Type: application/json;charset=UTF-8
Date: Sat, 09 Nov 2024 19:33:01 GMT
Expires: Sat, 09 Nov 2024 19:33:01 GMT
Pragma: no-cache
Server: pve-api-daemon/3.0

{"data":"UPID:host1:001B576F:1953FE35:672FB8ED:resize:101:tf@pam!terraform_token_id:"}
2024/11/09 19:33:01 >>>>>>>>>> REQUEST:
GET /api2/json/nodes/host1/tasks/UPID:host1:001B576F:1953FE35:672FB8ED:resize:101:tf@pam!terraform_token_id:/status HTTP/1.1
Host: 192.168.1.131:8006
User-Agent: Go-http-client/1.1
Accept: application/json
Authorization: PVEAPIToken=tf@pam!terraform_token_id=0b313fa7-e5ef-451a-92c6-d30e11e4e84a
Accept-Encoding: gzip

2024/11/09 19:33:01 <<<<<<<<<< RESULT:
HTTP/1.1 200 OK
Connection: close
Content-Length: 86
Cache-Control: max-age=0
Content-Type: application/json;charset=UTF-8
Date: Sat, 09 Nov 2024 19:33:01 GMT
Expires: Sat, 09 Nov 2024 19:33:01 GMT
Pragma: no-cache
Server: pve-api-daemon/3.0

{"data":"UPID:host1:001B5777:1953FE3A:672FB8ED:qmmove:100:tf@pam!terraform_token_id:"}
2024/11/09 19:33:01 >>>>>>>>>> REQUEST:
GET /api2/json/nodes/host1/tasks/UPID:host1:001B5777:1953FE3A:672FB8ED:qmmove:100:tf@pam!terraform_token_id:/status HTTP/1.1
Host: 192.168.1.131:8006
User-Agent: Go-http-client/1.1
Accept: application/json
Authorization: PVEAPIToken=tf@pam!terraform_token_id=0b313fa7-e5ef-451a-92c6-d30e11e4e84a
Accept-Encoding: gzip

2024/11/09 19:33:01 <<<<<<<<<< RESULT:
HTTP/1.1 200 OK
Content-Length: 259
Cache-Control: max-age=0
Connection: Keep-Alive
Connection: Keep-Alive
Content-Type: application/json;charset=UTF-8
Date: Sat, 09 Nov 2024 19:33:01 GMT
Expires: Sat, 09 Nov 2024 19:33:01 GMT
Pragma: no-cache
Server: pve-api-daemon/3.0

{"data":{"node":"host1","tokenid":"terraform_token_id","upid":"UPID:host1:001B576F:1953FE35:672FB8ED:resize:101:tf@pam!terraform_token_id:","id":"101","status":"running","starttime":1731180781,"user":"tf@pam","type":"resize","pid":1791855,"pstart":424934965}}
2024/11/09 19:33:01 <<<<<<<<<< RESULT:
HTTP/1.1 200 OK
Content-Length: 259
Cache-Control: max-age=0
Connection: Keep-Alive
Connection: Keep-Alive
Content-Type: application/json;charset=UTF-8
Date: Sat, 09 Nov 2024 19:33:01 GMT
Expires: Sat, 09 Nov 2024 19:33:01 GMT
Pragma: no-cache
Server: pve-api-daemon/3.0

{"data":{"type":"qmmove","user":"tf@pam","starttime":1731180781,"pstart":424934970,"pid":1791863,"node":"host1","status":"running","id":"100","upid":"UPID:host1:001B5777:1953FE3A:672FB8ED:qmmove:100:tf@pam!terraform_token_id:","tokenid":"terraform_token_id"}}
2024/11/09 19:33:03 >>>>>>>>>> REQUEST:
GET /api2/json/nodes/host1/tasks/UPID:host1:001B576F:1953FE35:672FB8ED:resize:101:tf@pam!terraform_token_id:/status HTTP/1.1
Host: 192.168.1.131:8006
User-Agent: Go-http-client/1.1
Accept: application/json
Authorization: PVEAPIToken=tf@pam!terraform_token_id=0b313fa7-e5ef-451a-92c6-d30e11e4e84a
Accept-Encoding: gzip

2024/11/09 19:33:03 >>>>>>>>>> REQUEST:
GET /api2/json/nodes/host1/tasks/UPID:host1:001B5777:1953FE3A:672FB8ED:qmmove:100:tf@pam!terraform_token_id:/status HTTP/1.1
Host: 192.168.1.131:8006
User-Agent: Go-http-client/1.1
Accept: application/json
Authorization: PVEAPIToken=tf@pam!terraform_token_id=0b313fa7-e5ef-451a-92c6-d30e11e4e84a
Accept-Encoding: gzip

2024/11/09 19:33:03 <<<<<<<<<< RESULT:
HTTP/1.1 200 OK
Content-Length: 277
Cache-Control: max-age=0
Connection: Keep-Alive
Connection: Keep-Alive
Content-Type: application/json;charset=UTF-8
Date: Sat, 09 Nov 2024 19:33:03 GMT
Expires: Sat, 09 Nov 2024 19:33:03 GMT
Pragma: no-cache
Server: pve-api-daemon/3.0

{"data":{"pstart":424934965,"pid":1791855,"starttime":1731180781,"tokenid":"terraform_token_id","upid":"UPID:host1:001B576F:1953FE35:672FB8ED:resize:101:tf@pam!terraform_token_id:","node":"host1","type":"resize","user":"tf@pam","id":"101","status":"stopped","exitstatus":"OK"}}
2024/11/09 19:33:03 >>>>>>>>>> REQUEST:
GET /api2/json/nodes/host1/qemu/101/config HTTP/1.1
Host: 192.168.1.131:8006
User-Agent: Go-http-client/1.1
Accept: application/json
Authorization: PVEAPIToken=tf@pam!terraform_token_id=0b313fa7-e5ef-451a-92c6-d30e11e4e84a
Accept-Encoding: gzip

2024/11/09 19:33:03 <<<<<<<<<< RESULT:
HTTP/1.1 200 OK
Content-Length: 277
Cache-Control: max-age=0
Connection: Keep-Alive
Connection: Keep-Alive
Content-Type: application/json;charset=UTF-8
Date: Sat, 09 Nov 2024 19:33:03 GMT
Expires: Sat, 09 Nov 2024 19:33:03 GMT
Pragma: no-cache
Server: pve-api-daemon/3.0

{"data":{"starttime":1731180781,"pstart":424934970,"pid":1791863,"node":"host1","upid":"UPID:host1:001B5777:1953FE3A:672FB8ED:qmmove:100:tf@pam!terraform_token_id:","tokenid":"terraform_token_id","user":"tf@pam","type":"qmmove","status":"stopped","id":"100","exitstatus":"OK"}}
2024/11/09 19:33:03 >>>>>>>>>> REQUEST:
PUT /api2/json/nodes/host1/qemu/100/resize HTTP/1.1
Host: 192.168.1.131:8006
User-Agent: Go-http-client/1.1
Content-Length: 25
Accept: application/json
Authorization: PVEAPIToken=tf@pam!terraform_token_id=0b313fa7-e5ef-451a-92c6-d30e11e4e84a
Content-Type: application/x-www-form-urlencoded
Accept-Encoding: gzip

disk=scsi0&size=10485760K
2024/11/09 19:33:03 <<<<<<<<<< RESULT:
HTTP/1.1 200 OK
Content-Length: 481
Cache-Control: max-age=0
Connection: Keep-Alive
Content-Type: application/json;charset=UTF-8
Date: Sat, 09 Nov 2024 19:33:03 GMT
Expires: Sat, 09 Nov 2024 19:33:03 GMT
Pragma: no-cache
Server: pve-api-daemon/3.0

{"data":{"net0":"virtio=72:6C:5C:36:E0:D6,bridge=vmbr0","bootdisk":"scsi0","scsihw":"virtio-scsi-pci","memory":2048,"smbios1":"uuid=e8634e1e-75e0-4139-a4cd-8c4a07142d74","vmgenid":"7f5764b5-b71c-41ec-ba6c-6ae7fe1c1709","scsi0":"vms:101/vm-101-disk-1.qcow2,size=10G","ide2":"vms:101/vm-101-cloudinit.qcow2,media=cdrom,size=4M","name":"mysql","digest":"6d8c7c5744c7507e4c284a94942a9bb417bb2d4c","cores":2,"meta":"creation-qemu=8.0.2,ctime=1731179948","agent":"enabled=1","boot":"c"}}
2024/11/09 19:33:03 >>>>>>>>>> REQUEST:
GET /api2/json/cluster/resources?type=vm HTTP/1.1
Host: 192.168.1.131:8006
User-Agent: Go-http-client/1.1
Accept: application/json
Authorization: PVEAPIToken=tf@pam!terraform_token_id=0b313fa7-e5ef-451a-92c6-d30e11e4e84a
Accept-Encoding: gzip

2024/11/09 19:33:03 <<<<<<<<<< RESULT:
HTTP/1.1 200 OK
Content-Length: 763
Cache-Control: max-age=0
Connection: Keep-Alive
Content-Type: application/json;charset=UTF-8
Date: Sat, 09 Nov 2024 19:33:03 GMT
Expires: Sat, 09 Nov 2024 19:33:03 GMT
Pragma: no-cache
Server: pve-api-daemon/3.0

{"data":[{"maxmem":2147483648,"maxdisk":3758096384,"netin":0,"maxcpu":2,"template":0,"disk":0,"name":"postgres","node":"host1","diskread":0,"cpu":0,"id":"qemu/100","status":"stopped","netout":0,"vmid":100,"uptime":0,"diskwrite":0,"type":"qemu","mem":0},{"maxdisk":3758096384,"netin":0,"maxcpu":2,"maxmem":2147483648,"template":0,"node":"host1","cpu":0,"diskread":0,"name":"mysql","disk":0,"uptime":0,"type":"qemu","diskwrite":0,"mem":0,"status":"stopped","id":"qemu/101","netout":0,"vmid":101},{"template":1,"maxmem":2147483648,"maxdisk":3758096384,"netin":0,"maxcpu":2,"status":"stopped","id":"qemu/9000","netout":0,"vmid":9000,"uptime":0,"diskwrite":0,"mem":0,"type":"qemu","disk":0,"name":"ubuntu-2404-cloudinit-template","node":"host1","diskread":0,"cpu":0}]}
2024/11/09 19:33:03 >>>>>>>>>> REQUEST:
GET /api2/json/cluster/ha/resources/101 HTTP/1.1
Host: 192.168.1.131:8006
User-Agent: Go-http-client/1.1
Accept: application/json
Authorization: PVEAPIToken=tf@pam!terraform_token_id=0b313fa7-e5ef-451a-92c6-d30e11e4e84a
Accept-Encoding: gzip

2024/11/09 19:33:03 <<<<<<<<<< RESULT:
HTTP/1.1 200 OK
Content-Length: 86
Cache-Control: max-age=0
Connection: Keep-Alive
Connection: Keep-Alive
Content-Type: application/json;charset=UTF-8
Date: Sat, 09 Nov 2024 19:33:03 GMT
Expires: Sat, 09 Nov 2024 19:33:03 GMT
Pragma: no-cache
Server: pve-api-daemon/3.0

{"data":"UPID:host1:001B5796:1953FF12:672FB8EF:resize:100:tf@pam!terraform_token_id:"}
2024/11/09 19:33:03 >>>>>>>>>> REQUEST:
GET /api2/json/nodes/host1/tasks/UPID:host1:001B5796:1953FF12:672FB8EF:resize:100:tf@pam!terraform_token_id:/status HTTP/1.1
Host: 192.168.1.131:8006
User-Agent: Go-http-client/1.1
Accept: application/json
Authorization: PVEAPIToken=tf@pam!terraform_token_id=0b313fa7-e5ef-451a-92c6-d30e11e4e84a
Accept-Encoding: gzip

2024/11/09 19:33:03 <<<<<<<<<< RESULT:
HTTP/1.1 500 no such resource 'vm:101'
Connection: close
Content-Length: 13
Cache-Control: max-age=0
Content-Type: application/json;charset=UTF-8
Date: Sat, 09 Nov 2024 19:33:03 GMT
Expires: Sat, 09 Nov 2024 19:33:03 GMT
Pragma: no-cache
Server: pve-api-daemon/3.0

{"data":null}
2024/11/09 19:33:03 >>>>>>>>>> REQUEST:
PUT /api2/json/nodes/host1/qemu/101/config HTTP/1.1
Host: 192.168.1.131:8006
User-Agent: Go-http-client/1.1
Content-Length: 684
Accept: application/json
Authorization: PVEAPIToken=tf@pam!terraform_token_id=0b313fa7-e5ef-451a-92c6-d30e11e4e84a
Content-Type: application/x-www-form-urlencoded
Accept-Encoding: gzip

agent=1&balloon=0&bios=seabios&cicustom=&cipassword=&ciupgrade=0&cores=1&cpu=host&delete=ide2%2Cshares&hotplug=network%2Cdisk%2Cusb&ipconfig0=ip%3D192.168.1.201%2F24%2Cgw%3D192.168.1.1&kvm=1&memory=4096&name=mysql&net0=virtio%3D72%3A6F%3AE8%3AC0%3AC8%3A11%2Cbridge%3Dvmbr0&numa=0&onboot=1&protection=0&scsi0=vms%3A101%2Fvm-101-disk-1.qcow2%2Creplicate%3D0&scsihw=virtio-scsi-pci&sockets=1&sshkeys=%2520ssh-ed25519%2520AAAAC3NzaC1lZDI1NTE5AAAAIOLiEeOqR0KLdVZ64p94nk2fSno1jyminStrv2OPVcd2%2520code%2540paultibbetts.uk%250Assh-ed25519%2520AAAAC3NzaC1lZDI1NTE5AAAAIPfx70ArvHPF%252B9U3GgKgNEAWkXSyZMun83sn9582Pl4e%2520code%2540paultibbetts.uk%250A%250A%250A&tablet=1&tags=database&vmid=101
2024/11/09 19:33:03 <<<<<<<<<< RESULT:
HTTP/1.1 200 OK
Content-Length: 259
Cache-Control: max-age=0
Connection: Keep-Alive
Connection: Keep-Alive
Content-Type: application/json;charset=UTF-8
Date: Sat, 09 Nov 2024 19:33:03 GMT
Expires: Sat, 09 Nov 2024 19:33:03 GMT
Pragma: no-cache
Server: pve-api-daemon/3.0

{"data":{"pstart":424935186,"pid":1791894,"type":"resize","user":"tf@pam","starttime":1731180783,"id":"100","status":"running","tokenid":"terraform_token_id","upid":"UPID:host1:001B5796:1953FF12:672FB8EF:resize:100:tf@pam!terraform_token_id:","node":"host1"}}
2024/11/09 19:33:03 <<<<<<<<<< RESULT:
HTTP/1.1 500 only root can set 'ciupgrade' config
Connection: close
Content-Length: 13
Cache-Control: max-age=0
Content-Type: application/json;charset=UTF-8
Date: Sat, 09 Nov 2024 19:33:03 GMT
Expires: Sat, 09 Nov 2024 19:33:03 GMT
Pragma: no-cache
Server: pve-api-daemon/3.0

{"data":null}
2024/11/09 19:33:05 >>>>>>>>>> REQUEST:
GET /api2/json/nodes/host1/tasks/UPID:host1:001B5796:1953FF12:672FB8EF:resize:100:tf@pam!terraform_token_id:/status HTTP/1.1
Host: 192.168.1.131:8006
User-Agent: Go-http-client/1.1
Accept: application/json
Authorization: PVEAPIToken=tf@pam!terraform_token_id=0b313fa7-e5ef-451a-92c6-d30e11e4e84a
Accept-Encoding: gzip

2024/11/09 19:33:05 <<<<<<<<<< RESULT:
HTTP/1.1 200 OK
Content-Length: 277
Cache-Control: max-age=0
Connection: Keep-Alive
Connection: Keep-Alive
Content-Type: application/json;charset=UTF-8
Date: Sat, 09 Nov 2024 19:33:06 GMT
Expires: Sat, 09 Nov 2024 19:33:06 GMT
Pragma: no-cache
Server: pve-api-daemon/3.0

{"data":{"pstart":424935186,"pid":1791894,"starttime":1731180783,"upid":"UPID:host1:001B5796:1953FF12:672FB8EF:resize:100:tf@pam!terraform_token_id:","tokenid":"terraform_token_id","node":"host1","user":"tf@pam","type":"resize","status":"stopped","id":"100","exitstatus":"OK"}}
2024/11/09 19:33:05 >>>>>>>>>> REQUEST:
GET /api2/json/nodes/host1/qemu/100/config HTTP/1.1
Host: 192.168.1.131:8006
User-Agent: Go-http-client/1.1
Accept: application/json
Authorization: PVEAPIToken=tf@pam!terraform_token_id=0b313fa7-e5ef-451a-92c6-d30e11e4e84a
Accept-Encoding: gzip

2024/11/09 19:33:06 <<<<<<<<<< RESULT:
HTTP/1.1 200 OK
Content-Length: 484
Cache-Control: max-age=0
Connection: Keep-Alive
Content-Type: application/json;charset=UTF-8
Date: Sat, 09 Nov 2024 19:33:06 GMT
Expires: Sat, 09 Nov 2024 19:33:06 GMT
Pragma: no-cache
Server: pve-api-daemon/3.0

{"data":{"vmgenid":"31b89fde-e78d-4501-8edf-05ad7ca11f77","scsi0":"vms:100/vm-100-disk-1.qcow2,size=10G","scsihw":"virtio-scsi-pci","smbios1":"uuid=76e18546-bb40-47e5-8a54-01ba60e5e269","memory":2048,"bootdisk":"scsi0","net0":"virtio=22:A1:64:CC:F1:87,bridge=vmbr0","boot":"c","agent":"enabled=1","meta":"creation-qemu=8.0.2,ctime=1731179948","cores":2,"ide2":"vms:100/vm-100-cloudinit.qcow2,media=cdrom,size=4M","digest":"15681d746e0ac9ef52b1e905ea6c70a7f42c0fda","name":"postgres"}}
2024/11/09 19:33:06 >>>>>>>>>> REQUEST:
GET /api2/json/cluster/resources?type=vm HTTP/1.1
Host: 192.168.1.131:8006
User-Agent: Go-http-client/1.1
Accept: application/json
Authorization: PVEAPIToken=tf@pam!terraform_token_id=0b313fa7-e5ef-451a-92c6-d30e11e4e84a
Accept-Encoding: gzip

2024/11/09 19:33:06 <<<<<<<<<< RESULT:
HTTP/1.1 200 OK
Content-Length: 763
Cache-Control: max-age=0
Connection: Keep-Alive
Content-Type: application/json;charset=UTF-8
Date: Sat, 09 Nov 2024 19:33:06 GMT
Expires: Sat, 09 Nov 2024 19:33:06 GMT
Pragma: no-cache
Server: pve-api-daemon/3.0

{"data":[{"template":0,"maxmem":2147483648,"maxdisk":3758096384,"netin":0,"maxcpu":2,"id":"qemu/100","status":"stopped","netout":0,"vmid":100,"uptime":0,"type":"qemu","diskwrite":0,"mem":0,"disk":0,"name":"postgres","node":"host1","cpu":0,"diskread":0},{"node":"host1","diskread":0,"cpu":0,"name":"mysql","disk":0,"uptime":0,"diskwrite":0,"mem":0,"type":"qemu","status":"stopped","id":"qemu/101","netout":0,"vmid":101,"maxdisk":3758096384,"netin":0,"maxcpu":2,"maxmem":2147483648,"template":0},{"template":1,"maxdisk":3758096384,"maxcpu":2,"netin":0,"maxmem":2147483648,"mem":0,"diskwrite":0,"type":"qemu","uptime":0,"status":"stopped","id":"qemu/9000","vmid":9000,"netout":0,"cpu":0,"diskread":0,"node":"host1","disk":0,"name":"ubuntu-2404-cloudinit-template"}]}
2024/11/09 19:33:06 >>>>>>>>>> REQUEST:
GET /api2/json/cluster/ha/resources/100 HTTP/1.1
Host: 192.168.1.131:8006
User-Agent: Go-http-client/1.1
Accept: application/json
Authorization: PVEAPIToken=tf@pam!terraform_token_id=0b313fa7-e5ef-451a-92c6-d30e11e4e84a
Accept-Encoding: gzip

2024/11/09 19:33:06 <<<<<<<<<< RESULT:
HTTP/1.1 500 no such resource 'vm:100'
Connection: close
Content-Length: 13
Cache-Control: max-age=0
Content-Type: application/json;charset=UTF-8
Date: Sat, 09 Nov 2024 19:33:06 GMT
Expires: Sat, 09 Nov 2024 19:33:06 GMT
Pragma: no-cache
Server: pve-api-daemon/3.0

{"data":null}
2024/11/09 19:33:06 >>>>>>>>>> REQUEST:
PUT /api2/json/nodes/host1/qemu/100/config HTTP/1.1
Host: 192.168.1.131:8006
User-Agent: Go-http-client/1.1
Content-Length: 687
Accept: application/json
Authorization: PVEAPIToken=tf@pam!terraform_token_id=0b313fa7-e5ef-451a-92c6-d30e11e4e84a
Content-Type: application/x-www-form-urlencoded
Accept-Encoding: gzip

agent=1&balloon=0&bios=seabios&cicustom=&cipassword=&ciupgrade=0&cores=1&cpu=host&delete=ide2%2Cshares&hotplug=network%2Cdisk%2Cusb&ipconfig0=ip%3D192.168.1.202%2F24%2Cgw%3D192.168.1.1&kvm=1&memory=4096&name=postgres&net0=virtio%3D7A%3A94%3A55%3A13%3ACB%3ACE%2Cbridge%3Dvmbr0&numa=0&onboot=1&protection=0&scsi0=vms%3A100%2Fvm-100-disk-1.qcow2%2Creplicate%3D0&scsihw=virtio-scsi-pci&sockets=1&sshkeys=%2520ssh-ed25519%2520AAAAC3NzaC1lZDI1NTE5AAAAIOLiEeOqR0KLdVZ64p94nk2fSno1jyminStrv2OPVcd2%2520code%2540paultibbetts.uk%250Assh-ed25519%2520AAAAC3NzaC1lZDI1NTE5AAAAIPfx70ArvHPF%252B9U3GgKgNEAWkXSyZMun83sn9582Pl4e%2520code%2540paultibbetts.uk%250A%250A%250A&tablet=1&tags=database&vmid=100
2024/11/09 19:33:06 <<<<<<<<<< RESULT:
HTTP/1.1 500 only root can set 'ciupgrade' config
Connection: close
Content-Length: 13
Cache-Control: max-age=0
Content-Type: application/json;charset=UTF-8
Date: Sat, 09 Nov 2024 19:33:06 GMT
Expires: Sat, 09 Nov 2024 19:33:06 GMT
Pragma: no-cache
Server: pve-api-daemon/3.0

{"data":null}
[90mSat, 09 Nov 2024 19:33:16 +0000[0m [32mINF[0m [1mgithub.com/Telmate/terraform-provider-proxmox/v2/proxmox/util.go:158[0m[36m >[0m [1mEnabling the capture of log-library logs as ithe _capturelog flag was detected[0m
[90mSat, 09 Nov 2024 19:33:16 +0000[0m [32mINF[0m [1mgithub.com/Telmate/terraform-provider-proxmox/v2/proxmox/util.go:191[0m[36m >[0m [1mLogging Started. Root Logger Set to level debug[0m
[90mSat, 09 Nov 2024 19:33:16 +0000[0m [32mINF[0m [1mgithub.com/Telmate/terraform-provider-proxmox/v2/proxmox/resource_vm_qemu.go:1432[0m[36m >[0m [1mReading configuration for vmid[0m [36mloggerName=[0mresource_vm_read [36mvmid=[0m100
[90mSat, 09 Nov 2024 19:33:16 +0000[0m [32mINF[0m [1mgithub.com/Telmate/terraform-provider-proxmox/v2/proxmox/resource_vm_qemu.go:1432[0m[36m >[0m [1mReading configuration for vmid[0m [36mloggerName=[0mresource_vm_read [36mvmid=[0m101
2024/11/09 19:33:16 >>>>>>>>>> REQUEST:
GET /api2/json/cluster/resources?type=vm HTTP/1.1
Host: 192.168.1.131:8006
User-Agent: Go-http-client/1.1
Accept: application/json
Authorization: PVEAPIToken=tf@pam!terraform_token_id=0b313fa7-e5ef-451a-92c6-d30e11e4e84a
Accept-Encoding: gzip

2024/11/09 19:33:16 >>>>>>>>>> REQUEST:
GET /api2/json/cluster/resources?type=vm HTTP/1.1
Host: 192.168.1.131:8006
User-Agent: Go-http-client/1.1
Accept: application/json
Authorization: PVEAPIToken=tf@pam!terraform_token_id=0b313fa7-e5ef-451a-92c6-d30e11e4e84a
Accept-Encoding: gzip

2024/11/09 19:33:16 <<<<<<<<<< RESULT:
HTTP/1.1 200 OK
Content-Length: 765
Cache-Control: max-age=0
Connection: Keep-Alive
Content-Type: application/json;charset=UTF-8
Date: Sat, 09 Nov 2024 19:33:16 GMT
Expires: Sat, 09 Nov 2024 19:33:16 GMT
Pragma: no-cache
Server: pve-api-daemon/3.0

{"data":[{"template":0,"maxmem":2147483648,"maxcpu":2,"netin":0,"maxdisk":10737418240,"vmid":100,"netout":0,"status":"stopped","id":"qemu/100","diskwrite":0,"mem":0,"type":"qemu","uptime":0,"name":"postgres","disk":0,"cpu":0,"diskread":0,"node":"host1"},{"disk":0,"name":"mysql","diskread":0,"cpu":0,"node":"host1","vmid":101,"netout":0,"status":"stopped","id":"qemu/101","diskwrite":0,"mem":0,"type":"qemu","uptime":0,"maxmem":2147483648,"maxcpu":2,"netin":0,"maxdisk":10737418240,"template":0},{"template":1,"netin":0,"maxcpu":2,"maxdisk":3758096384,"maxmem":2147483648,"uptime":0,"mem":0,"diskwrite":0,"type":"qemu","netout":0,"vmid":9000,"status":"stopped","id":"qemu/9000","node":"host1","diskread":0,"cpu":0,"name":"ubuntu-2404-cloudinit-template","disk":0}]}
2024/11/09 19:33:16 >>>>>>>>>> REQUEST:
GET /api2/json/nodes/host1/qemu/101/config HTTP/1.1
Host: 192.168.1.131:8006
User-Agent: Go-http-client/1.1
Accept: application/json
Authorization: PVEAPIToken=tf@pam!terraform_token_id=0b313fa7-e5ef-451a-92c6-d30e11e4e84a
Accept-Encoding: gzip

2024/11/09 19:33:16 <<<<<<<<<< RESULT:
HTTP/1.1 200 OK
Content-Length: 765
Cache-Control: max-age=0
Connection: Keep-Alive
Content-Type: application/json;charset=UTF-8
Date: Sat, 09 Nov 2024 19:33:16 GMT
Expires: Sat, 09 Nov 2024 19:33:16 GMT
Pragma: no-cache
Server: pve-api-daemon/3.0

{"data":[{"netin":0,"maxcpu":2,"maxdisk":10737418240,"maxmem":2147483648,"template":0,"node":"host1","cpu":0,"diskread":0,"name":"postgres","disk":0,"uptime":0,"diskwrite":0,"type":"qemu","mem":0,"netout":0,"vmid":100,"id":"qemu/100","status":"stopped"},{"diskread":0,"cpu":0,"node":"host1","disk":0,"name":"mysql","mem":0,"diskwrite":0,"type":"qemu","uptime":0,"id":"qemu/101","status":"stopped","vmid":101,"netout":0,"maxdisk":10737418240,"maxcpu":2,"netin":0,"maxmem":2147483648,"template":0},{"node":"host1","diskread":0,"cpu":0,"name":"ubuntu-2404-cloudinit-template","disk":0,"uptime":0,"type":"qemu","diskwrite":0,"mem":0,"status":"stopped","id":"qemu/9000","netout":0,"vmid":9000,"maxdisk":3758096384,"netin":0,"maxcpu":2,"maxmem":2147483648,"template":1}]}
2024/11/09 19:33:16 >>>>>>>>>> REQUEST:
GET /api2/json/nodes/host1/qemu/100/config HTTP/1.1
Host: 192.168.1.131:8006
User-Agent: Go-http-client/1.1
Accept: application/json
Authorization: PVEAPIToken=tf@pam!terraform_token_id=0b313fa7-e5ef-451a-92c6-d30e11e4e84a
Accept-Encoding: gzip

2024/11/09 19:33:16 <<<<<<<<<< RESULT:
HTTP/1.1 200 OK
Content-Length: 481
Cache-Control: max-age=0
Connection: Keep-Alive
Content-Type: application/json;charset=UTF-8
Date: Sat, 09 Nov 2024 19:33:16 GMT
Expires: Sat, 09 Nov 2024 19:33:16 GMT
Pragma: no-cache
Server: pve-api-daemon/3.0

{"data":{"boot":"c","agent":"enabled=1","meta":"creation-qemu=8.0.2,ctime=1731179948","cores":2,"ide2":"vms:101/vm-101-cloudinit.qcow2,media=cdrom,size=4M","digest":"6d8c7c5744c7507e4c284a94942a9bb417bb2d4c","name":"mysql","vmgenid":"7f5764b5-b71c-41ec-ba6c-6ae7fe1c1709","scsi0":"vms:101/vm-101-disk-1.qcow2,size=10G","scsihw":"virtio-scsi-pci","smbios1":"uuid=e8634e1e-75e0-4139-a4cd-8c4a07142d74","memory":2048,"bootdisk":"scsi0","net0":"virtio=72:6C:5C:36:E0:D6,bridge=vmbr0"}}
2024/11/09 19:33:16 >>>>>>>>>> REQUEST:
GET /api2/json/cluster/resources?type=vm HTTP/1.1
Host: 192.168.1.131:8006
User-Agent: Go-http-client/1.1
Accept: application/json
Authorization: PVEAPIToken=tf@pam!terraform_token_id=0b313fa7-e5ef-451a-92c6-d30e11e4e84a
Accept-Encoding: gzip

2024/11/09 19:33:16 <<<<<<<<<< RESULT:
HTTP/1.1 200 OK
Content-Length: 484
Cache-Control: max-age=0
Connection: Keep-Alive
Content-Type: application/json;charset=UTF-8
Date: Sat, 09 Nov 2024 19:33:16 GMT
Expires: Sat, 09 Nov 2024 19:33:16 GMT
Pragma: no-cache
Server: pve-api-daemon/3.0

{"data":{"boot":"c","agent":"enabled=1","meta":"creation-qemu=8.0.2,ctime=1731179948","cores":2,"digest":"15681d746e0ac9ef52b1e905ea6c70a7f42c0fda","name":"postgres","ide2":"vms:100/vm-100-cloudinit.qcow2,media=cdrom,size=4M","scsi0":"vms:100/vm-100-disk-1.qcow2,size=10G","vmgenid":"31b89fde-e78d-4501-8edf-05ad7ca11f77","smbios1":"uuid=76e18546-bb40-47e5-8a54-01ba60e5e269","memory":2048,"scsihw":"virtio-scsi-pci","bootdisk":"scsi0","net0":"virtio=22:A1:64:CC:F1:87,bridge=vmbr0"}}
2024/11/09 19:33:16 >>>>>>>>>> REQUEST:
GET /api2/json/cluster/resources?type=vm HTTP/1.1
Host: 192.168.1.131:8006
User-Agent: Go-http-client/1.1
Accept: application/json
Authorization: PVEAPIToken=tf@pam!terraform_token_id=0b313fa7-e5ef-451a-92c6-d30e11e4e84a
Accept-Encoding: gzip

2024/11/09 19:33:16 <<<<<<<<<< RESULT:
HTTP/1.1 200 OK
Content-Length: 765
Cache-Control: max-age=0
Connection: Keep-Alive
Content-Type: application/json;charset=UTF-8
Date: Sat, 09 Nov 2024 19:33:16 GMT
Expires: Sat, 09 Nov 2024 19:33:16 GMT
Pragma: no-cache
Server: pve-api-daemon/3.0

{"data":[{"uptime":0,"type":"qemu","diskwrite":0,"mem":0,"id":"qemu/100","status":"stopped","netout":0,"vmid":100,"node":"host1","cpu":0,"diskread":0,"name":"postgres","disk":0,"template":0,"maxdisk":10737418240,"netin":0,"maxcpu":2,"maxmem":2147483648},{"name":"mysql","disk":0,"diskread":0,"cpu":0,"node":"host1","status":"stopped","id":"qemu/101","vmid":101,"netout":0,"type":"qemu","diskwrite":0,"mem":0,"uptime":0,"maxmem":2147483648,"maxdisk":10737418240,"maxcpu":2,"netin":0,"template":0},{"maxmem":2147483648,"maxdisk":3758096384,"maxcpu":2,"netin":0,"template":1,"disk":0,"name":"ubuntu-2404-cloudinit-template","diskread":0,"cpu":0,"node":"host1","status":"stopped","id":"qemu/9000","vmid":9000,"netout":0,"diskwrite":0,"type":"qemu","mem":0,"uptime":0}]}
2024/11/09 19:33:16 <<<<<<<<<< RESULT:
HTTP/1.1 200 OK
Content-Length: 765
Cache-Control: max-age=0
Connection: Keep-Alive
Content-Type: application/json;charset=UTF-8
Date: Sat, 09 Nov 2024 19:33:16 GMT
Expires: Sat, 09 Nov 2024 19:33:16 GMT
Pragma: no-cache
Server: pve-api-daemon/3.0

{"data":[{"type":"qemu","diskwrite":0,"mem":0,"uptime":0,"vmid":100,"netout":0,"status":"stopped","id":"qemu/100","diskread":0,"cpu":0,"node":"host1","disk":0,"name":"postgres","template":0,"maxcpu":2,"netin":0,"maxdisk":10737418240,"maxmem":2147483648},{"netin":0,"maxcpu":2,"maxdisk":10737418240,"maxmem":2147483648,"template":0,"node":"host1","diskread":0,"cpu":0,"name":"mysql","disk":0,"uptime":0,"mem":0,"diskwrite":0,"type":"qemu","netout":0,"vmid":101,"status":"stopped","id":"qemu/101"},{"cpu":0,"diskread":0,"node":"host1","name":"ubuntu-2404-cloudinit-template","disk":0,"mem":0,"diskwrite":0,"type":"qemu","uptime":0,"vmid":9000,"netout":0,"id":"qemu/9000","status":"stopped","maxcpu":2,"netin":0,"maxdisk":3758096384,"maxmem":2147483648,"template":1}]}
2024/11/09 19:33:16 >>>>>>>>>> REQUEST:
GET /api2/json/cluster/ha/resources/101 HTTP/1.1
Host: 192.168.1.131:8006
User-Agent: Go-http-client/1.1
Accept: application/json
Authorization: PVEAPIToken=tf@pam!terraform_token_id=0b313fa7-e5ef-451a-92c6-d30e11e4e84a
Accept-Encoding: gzip

2024/11/09 19:33:16 >>>>>>>>>> REQUEST:
GET /api2/json/cluster/ha/resources/100 HTTP/1.1
Host: 192.168.1.131:8006
User-Agent: Go-http-client/1.1
Accept: application/json
Authorization: PVEAPIToken=tf@pam!terraform_token_id=0b313fa7-e5ef-451a-92c6-d30e11e4e84a
Accept-Encoding: gzip

2024/11/09 19:33:16 <<<<<<<<<< RESULT:
HTTP/1.1 500 no such resource 'vm:101'
Connection: close
Content-Length: 13
Cache-Control: max-age=0
Content-Type: application/json;charset=UTF-8
Date: Sat, 09 Nov 2024 19:33:16 GMT
Expires: Sat, 09 Nov 2024 19:33:16 GMT
Pragma: no-cache
Server: pve-api-daemon/3.0

{"data":null}
2024/11/09 19:33:16 <<<<<<<<<< RESULT:
HTTP/1.1 500 no such resource 'vm:100'
Connection: close
Content-Length: 13
Cache-Control: max-age=0
Content-Type: application/json;charset=UTF-8
Date: Sat, 09 Nov 2024 19:33:16 GMT
Expires: Sat, 09 Nov 2024 19:33:16 GMT
Pragma: no-cache
Server: pve-api-daemon/3.0

{"data":null}
2024/11/09 19:33:16 >>>>>>>>>> REQUEST:
GET /api2/json/nodes/host1/qemu/101/status/current HTTP/1.1
Host: 192.168.1.131:8006
User-Agent: Go-http-client/1.1
Accept: application/json
Authorization: PVEAPIToken=tf@pam!terraform_token_id=0b313fa7-e5ef-451a-92c6-d30e11e4e84a
Accept-Encoding: gzip

2024/11/09 19:33:16 >>>>>>>>>> REQUEST:
GET /api2/json/nodes/host1/qemu/100/status/current HTTP/1.1
Host: 192.168.1.131:8006
User-Agent: Go-http-client/1.1
Accept: application/json
Authorization: PVEAPIToken=tf@pam!terraform_token_id=0b313fa7-e5ef-451a-92c6-d30e11e4e84a
Accept-Encoding: gzip

2024/11/09 19:33:16 <<<<<<<<<< RESULT:
HTTP/1.1 200 OK
Content-Length: 241
Cache-Control: max-age=0
Connection: Keep-Alive
Connection: Keep-Alive
Content-Type: application/json;charset=UTF-8
Date: Sat, 09 Nov 2024 19:33:16 GMT
Expires: Sat, 09 Nov 2024 19:33:16 GMT
Pragma: no-cache
Server: pve-api-daemon/3.0

{"data":{"maxdisk":10737418240,"cpus":2,"agent":1,"name":"mysql","vmid":101,"cpu":0,"maxmem":2147483648,"status":"stopped","diskread":0,"ha":{"managed":0},"netout":0,"netin":0,"mem":0,"uptime":0,"qmpstatus":"stopped","disk":0,"diskwrite":0}}
2024/11/09 19:33:16 <<<<<<<<<< RESULT:
HTTP/1.1 200 OK
Content-Length: 244
Cache-Control: max-age=0
Connection: Keep-Alive
Connection: Keep-Alive
Content-Type: application/json;charset=UTF-8
Date: Sat, 09 Nov 2024 19:33:16 GMT
Expires: Sat, 09 Nov 2024 19:33:16 GMT
Pragma: no-cache
Server: pve-api-daemon/3.0

{"data":{"vmid":100,"cpu":0,"maxmem":2147483648,"maxdisk":10737418240,"cpus":2,"name":"postgres","agent":1,"uptime":0,"mem":0,"qmpstatus":"stopped","diskwrite":0,"disk":0,"status":"stopped","ha":{"managed":0},"netout":0,"netin":0,"diskread":0}}
2024/11/09 19:33:16 [DEBUG] VM status: stopped
2024/11/09 19:33:16 [DEBUG] VM status: stopped
[90mSat, 09 Nov 2024 19:33:16 +0000[0m DBG [1mgithub.com/Telmate/terraform-provider-proxmox/v2/proxmox/resource_vm_qemu.go:1500[0m[36m >[0m [READ] Received Config from Proxmox API: {"agent":{"enable":false},"bios":"seabios","boot":"c","bootdisk":"scsi0","cpu":{"cores":2},"disks":{"ide":{"2":{"cloudinit":{"format":"qcow2","storage":"vms"}}},"scsi":{"0":{"disk":{"backup":true,"bandwidth":{"mbps":{"read":{},"write":{}},"iops":{"read":{},"write":{}}},"discard":false,"emulatessd":false,"format":"qcow2","id":1,"iothread":false,"linked":null,"readonly":false,"replicate":true,"size":10485760,"storage":"vms","wwn":""}}}},"hotplug":"network,disk,usb","memory":{"capacity":2048},"name":"postgres","node":"host1","onboot":true,"pool":"","protection":false,"kvm":true,"network":{"0":{"bridge":"vmbr0","id":0,"macaddr":"22:A1:64:CC:F1:87","model":"virtio"}},"ostype":"other","scsihw":"virtio-scsi-pci","smbios1":"uuid=76e18546-bb40-47e5-8a54-01ba60e5e269","tablet":true,"vmid":100} [36mloggerName=[0mresource_vm_read [36mvmid=[0m100
[90mSat, 09 Nov 2024 19:33:16 +0000[0m DBG [1mgithub.com/Telmate/terraform-provider-proxmox/v2/proxmox/resource_vm_qemu.go:1500[0m[36m >[0m [READ] Received Config from Proxmox API: {"agent":{"enable":false},"bios":"seabios","boot":"c","bootdisk":"scsi0","cpu":{"cores":2},"disks":{"ide":{"2":{"cloudinit":{"format":"qcow2","storage":"vms"}}},"scsi":{"0":{"disk":{"backup":true,"bandwidth":{"mbps":{"read":{},"write":{}},"iops":{"read":{},"write":{}}},"discard":false,"emulatessd":false,"format":"qcow2","id":1,"iothread":false,"linked":null,"readonly":false,"replicate":true,"size":10485760,"storage":"vms","wwn":""}}}},"hotplug":"network,disk,usb","memory":{"capacity":2048},"name":"mysql","node":"host1","onboot":true,"pool":"","protection":false,"kvm":true,"network":{"0":{"bridge":"vmbr0","id":0,"macaddr":"72:6C:5C:36:E0:D6","model":"virtio"}},"ostype":"other","scsihw":"virtio-scsi-pci","smbios1":"uuid=e8634e1e-75e0-4139-a4cd-8c4a07142d74","tablet":true,"vmid":101} [36mloggerName=[0mresource_vm_read [36mvmid=[0m101
[90mSat, 09 Nov 2024 19:33:16 +0000[0m DBG [1mgithub.com/Telmate/terraform-provider-proxmox/v2/proxmox/resource_vm_qemu.go:1541[0m[36m >[0m key 'force_create' is set to false [36mloggerName=[0mresource_vm_read [36mvmid=[0m101
[90mSat, 09 Nov 2024 19:33:16 +0000[0m DBG [1mgithub.com/Telmate/terraform-provider-proxmox/v2/proxmox/resource_vm_qemu.go:1541[0m[36m >[0m key 'force_create' is set to false [36mloggerName=[0mresource_vm_read [36mvmid=[0m100
[90mSat, 09 Nov 2024 19:33:16 +0000[0m DBG [1mgithub.com/Telmate/terraform-provider-proxmox/v2/proxmox/resource_vm_qemu.go:1541[0m[36m >[0m key 'define_connection_info' is set to true [36mloggerName=[0mresource_vm_read [36mvmid=[0m101
[90mSat, 09 Nov 2024 19:33:16 +0000[0m DBG [1mgithub.com/Telmate/terraform-provider-proxmox/v2/proxmox/resource_vm_qemu.go:1541[0m[36m >[0m key 'define_connection_info' is set to true [36mloggerName=[0mresource_vm_read [36mvmid=[0m100
[90mSat, 09 Nov 2024 19:33:16 +0000[0m DBG [1mgithub.com/Telmate/terraform-provider-proxmox/v2/proxmox/resource_vm_qemu.go:1555[0m[36m >[0m Hostpci Block Processed 'map[]' [36mloggerName=[0mresource_vm_read [36mvmid=[0m101
[90mSat, 09 Nov 2024 19:33:16 +0000[0m DBG [1mgithub.com/Telmate/terraform-provider-proxmox/v2/proxmox/resource_vm_qemu.go:1555[0m[36m >[0m Hostpci Block Processed 'map[]' [36mloggerName=[0mresource_vm_read [36mvmid=[0m100
[90mSat, 09 Nov 2024 19:33:16 +0000[0m DBG [1mgithub.com/Telmate/terraform-provider-proxmox/v2/proxmox/resource_vm_qemu.go:1563[0m[36m >[0m Usb Block Processed 'map[]' [36mloggerName=[0mresource_vm_read [36mvmid=[0m101
[90mSat, 09 Nov 2024 19:33:16 +0000[0m DBG [1mgithub.com/Telmate/terraform-provider-proxmox/v2/proxmox/resource_vm_qemu.go:1563[0m[36m >[0m Usb Block Processed 'map[]' [36mloggerName=[0mresource_vm_read [36mvmid=[0m100
[90mSat, 09 Nov 2024 19:33:16 +0000[0m DBG [1mgithub.com/Telmate/terraform-provider-proxmox/v2/proxmox/resource_vm_qemu.go:1570[0m[36m >[0m Unused Disk Block Processed 'map[]' [36mloggerName=[0mresource_vm_read [36mvmid=[0m101
[90mSat, 09 Nov 2024 19:33:16 +0000[0m DBG [1mgithub.com/Telmate/terraform-provider-proxmox/v2/proxmox/resource_vm_qemu.go:1570[0m[36m >[0m Unused Disk Block Processed 'map[]' [36mloggerName=[0mresource_vm_read [36mvmid=[0m100
[90mSat, 09 Nov 2024 19:33:16 +0000[0m DBG [1mgithub.com/Telmate/terraform-provider-proxmox/v2/proxmox/resource_vm_qemu.go:1584[0m[36m >[0m Analyzing Network blocks  [36mloggerName=[0mresource_vm_read [36mvmid=[0m101
[90mSat, 09 Nov 2024 19:33:16 +0000[0m DBG [1mgithub.com/Telmate/terraform-provider-proxmox/v2/proxmox/resource_vm_qemu.go:1584[0m[36m >[0m Analyzing Network blocks  [36mloggerName=[0mresource_vm_read [36mvmid=[0m100
[90mSat, 09 Nov 2024 19:33:16 +0000[0m DBG [1mgithub.com/Telmate/terraform-provider-proxmox/v2/proxmox/resource_vm_qemu.go:1586[0m[36m >[0m Network block received 'map[bridge:vmbr0 id:0 macaddr:72:6C:5C:36:E0:D6 model:virtio]' [36mloggerName=[0mresource_vm_read [36mvmid=[0m101
[90mSat, 09 Nov 2024 19:33:16 +0000[0m DBG [1mgithub.com/Telmate/terraform-provider-proxmox/v2/proxmox/resource_vm_qemu.go:1586[0m[36m >[0m Network block received 'map[bridge:vmbr0 id:0 macaddr:22:A1:64:CC:F1:87 model:virtio]' [36mloggerName=[0mresource_vm_read [36mvmid=[0m100
[90mSat, 09 Nov 2024 19:33:16 +0000[0m DBG [1mgithub.com/Telmate/terraform-provider-proxmox/v2/proxmox/resource_vm_qemu.go:1617[0m[36m >[0m VM Net Config 'map[0:map[bridge:vmbr0 id:0 macaddr:72:6C:5C:36:E0:D6 model:virtio tag:-1]]' from '[map[bridge:vmbr0 macaddr:72:6C:5C:36:E0:D6 model:virtio tag:-1]]' set as '[map[bridge:vmbr0 firewall:false link_down:false macaddr:72:6C:5C:36:E0:D6 model:virtio mtu:0 queues:0 rate:0 tag:-1]]' type of 'string' [36mloggerName=[0mresource_vm_read [36mvmid=[0m101
[90mSat, 09 Nov 2024 19:33:16 +0000[0m DBG [1mgithub.com/Telmate/terraform-provider-proxmox/v2/proxmox/resource_vm_qemu.go:1619[0m[36m >[0m Finished VM read resulting in data: '' [36mloggerName=[0mresource_vm_read [36mvmid=[0m101
[90mSat, 09 Nov 2024 19:33:16 +0000[0m DBG [1mgithub.com/Telmate/terraform-provider-proxmox/v2/proxmox/resource_vm_qemu.go:1617[0m[36m >[0m VM Net Config 'map[0:map[bridge:vmbr0 id:0 macaddr:22:A1:64:CC:F1:87 model:virtio tag:-1]]' from '[map[bridge:vmbr0 macaddr:22:A1:64:CC:F1:87 model:virtio tag:-1]]' set as '[map[bridge:vmbr0 firewall:false link_down:false macaddr:22:A1:64:CC:F1:87 model:virtio mtu:0 queues:0 rate:0 tag:-1]]' type of 'string' [36mloggerName=[0mresource_vm_read [36mvmid=[0m100
[90mSat, 09 Nov 2024 19:33:16 +0000[0m DBG [1mgithub.com/Telmate/terraform-provider-proxmox/v2/proxmox/resource_vm_qemu.go:1619[0m[36m >[0m Finished VM read resulting in data: '' [36mloggerName=[0mresource_vm_read [36mvmid=[0m100
[90mSat, 09 Nov 2024 19:33:21 +0000[0m [32mINF[0m [1mgithub.com/Telmate/terraform-provider-proxmox/v2/proxmox/util.go:158[0m[36m >[0m [1mEnabling the capture of log-library logs as ithe _capturelog flag was detected[0m
[90mSat, 09 Nov 2024 19:33:21 +0000[0m [32mINF[0m [1mgithub.com/Telmate/terraform-provider-proxmox/v2/proxmox/util.go:191[0m[36m >[0m [1mLogging Started. Root Logger Set to level debug[0m
[90mSat, 09 Nov 2024 19:33:21 +0000[0m [32mINF[0m [1mgithub.com/Telmate/terraform-provider-proxmox/v2/proxmox/resource_vm_qemu.go:1432[0m[36m >[0m [1mReading configuration for vmid[0m [36mloggerName=[0mresource_vm_read [36mvmid=[0m101
[90mSat, 09 Nov 2024 19:33:21 +0000[0m [32mINF[0m [1mgithub.com/Telmate/terraform-provider-proxmox/v2/proxmox/resource_vm_qemu.go:1432[0m[36m >[0m [1mReading configuration for vmid[0m [36mloggerName=[0mresource_vm_read [36mvmid=[0m100
2024/11/09 19:33:21 >>>>>>>>>> REQUEST:
GET /api2/json/cluster/resources?type=vm HTTP/1.1
Host: 192.168.1.131:8006
User-Agent: Go-http-client/1.1
Accept: application/json
Authorization: PVEAPIToken=tf@pam!terraform_token_id=0b313fa7-e5ef-451a-92c6-d30e11e4e84a
Accept-Encoding: gzip

2024/11/09 19:33:21 >>>>>>>>>> REQUEST:
GET /api2/json/cluster/resources?type=vm HTTP/1.1
Host: 192.168.1.131:8006
User-Agent: Go-http-client/1.1
Accept: application/json
Authorization: PVEAPIToken=tf@pam!terraform_token_id=0b313fa7-e5ef-451a-92c6-d30e11e4e84a
Accept-Encoding: gzip

2024/11/09 19:33:21 <<<<<<<<<< RESULT:
HTTP/1.1 200 OK
Content-Length: 765
Cache-Control: max-age=0
Connection: Keep-Alive
Content-Type: application/json;charset=UTF-8
Date: Sat, 09 Nov 2024 19:33:21 GMT
Expires: Sat, 09 Nov 2024 19:33:21 GMT
Pragma: no-cache
Server: pve-api-daemon/3.0

{"data":[{"template":0,"maxmem":2147483648,"maxdisk":10737418240,"maxcpu":2,"netin":0,"id":"qemu/100","status":"stopped","vmid":100,"netout":0,"type":"qemu","diskwrite":0,"mem":0,"uptime":0,"name":"postgres","disk":0,"diskread":0,"cpu":0,"node":"host1"},{"template":0,"netin":0,"maxcpu":2,"maxdisk":10737418240,"maxmem":2147483648,"uptime":0,"diskwrite":0,"type":"qemu","mem":0,"netout":0,"vmid":101,"id":"qemu/101","status":"stopped","node":"host1","diskread":0,"cpu":0,"disk":0,"name":"mysql"},{"netout":0,"vmid":9000,"status":"stopped","id":"qemu/9000","uptime":0,"type":"qemu","diskwrite":0,"mem":0,"name":"ubuntu-2404-cloudinit-template","disk":0,"node":"host1","cpu":0,"diskread":0,"template":1,"maxmem":2147483648,"netin":0,"maxcpu":2,"maxdisk":3758096384}]}
2024/11/09 19:33:21 >>>>>>>>>> REQUEST:
GET /api2/json/nodes/host1/qemu/100/config HTTP/1.1
Host: 192.168.1.131:8006
User-Agent: Go-http-client/1.1
Accept: application/json
Authorization: PVEAPIToken=tf@pam!terraform_token_id=0b313fa7-e5ef-451a-92c6-d30e11e4e84a
Accept-Encoding: gzip

2024/11/09 19:33:22 <<<<<<<<<< RESULT:
HTTP/1.1 200 OK
Content-Length: 484
Cache-Control: max-age=0
Connection: Keep-Alive
Content-Type: application/json;charset=UTF-8
Date: Sat, 09 Nov 2024 19:33:22 GMT
Expires: Sat, 09 Nov 2024 19:33:22 GMT
Pragma: no-cache
Server: pve-api-daemon/3.0

{"data":{"ide2":"vms:100/vm-100-cloudinit.qcow2,media=cdrom,size=4M","digest":"15681d746e0ac9ef52b1e905ea6c70a7f42c0fda","name":"postgres","cores":2,"agent":"enabled=1","meta":"creation-qemu=8.0.2,ctime=1731179948","boot":"c","net0":"virtio=22:A1:64:CC:F1:87,bridge=vmbr0","bootdisk":"scsi0","scsihw":"virtio-scsi-pci","smbios1":"uuid=76e18546-bb40-47e5-8a54-01ba60e5e269","memory":2048,"vmgenid":"31b89fde-e78d-4501-8edf-05ad7ca11f77","scsi0":"vms:100/vm-100-disk-1.qcow2,size=10G"}}
2024/11/09 19:33:22 >>>>>>>>>> REQUEST:
GET /api2/json/cluster/resources?type=vm HTTP/1.1
Host: 192.168.1.131:8006
User-Agent: Go-http-client/1.1
Accept: application/json
Authorization: PVEAPIToken=tf@pam!terraform_token_id=0b313fa7-e5ef-451a-92c6-d30e11e4e84a
Accept-Encoding: gzip

2024/11/09 19:33:22 <<<<<<<<<< RESULT:
HTTP/1.1 200 OK
Content-Length: 765
Cache-Control: max-age=0
Connection: Keep-Alive
Content-Type: application/json;charset=UTF-8
Date: Sat, 09 Nov 2024 19:33:22 GMT
Expires: Sat, 09 Nov 2024 19:33:22 GMT
Pragma: no-cache
Server: pve-api-daemon/3.0

{"data":[{"template":0,"netin":0,"maxcpu":2,"maxdisk":10737418240,"maxmem":2147483648,"uptime":0,"mem":0,"diskwrite":0,"type":"qemu","netout":0,"vmid":100,"id":"qemu/100","status":"stopped","node":"host1","diskread":0,"cpu":0,"name":"postgres","disk":0},{"template":0,"maxmem":2147483648,"maxdisk":10737418240,"maxcpu":2,"netin":0,"id":"qemu/101","status":"stopped","vmid":101,"netout":0,"mem":0,"diskwrite":0,"type":"qemu","uptime":0,"name":"mysql","disk":0,"diskread":0,"cpu":0,"node":"host1"},{"node":"host1","cpu":0,"diskread":0,"disk":0,"name":"ubuntu-2404-cloudinit-template","uptime":0,"diskwrite":0,"type":"qemu","mem":0,"netout":0,"vmid":9000,"id":"qemu/9000","status":"stopped","netin":0,"maxcpu":2,"maxdisk":3758096384,"maxmem":2147483648,"template":1}]}
2024/11/09 19:33:22 >>>>>>>>>> REQUEST:
GET /api2/json/cluster/ha/resources/100 HTTP/1.1
Host: 192.168.1.131:8006
User-Agent: Go-http-client/1.1
Accept: application/json
Authorization: PVEAPIToken=tf@pam!terraform_token_id=0b313fa7-e5ef-451a-92c6-d30e11e4e84a
Accept-Encoding: gzip

2024/11/09 19:33:22 <<<<<<<<<< RESULT:
HTTP/1.1 500 no such resource 'vm:100'
Connection: close
Content-Length: 13
Cache-Control: max-age=0
Content-Type: application/json;charset=UTF-8
Date: Sat, 09 Nov 2024 19:33:22 GMT
Expires: Sat, 09 Nov 2024 19:33:22 GMT
Pragma: no-cache
Server: pve-api-daemon/3.0

{"data":null}
2024/11/09 19:33:22 >>>>>>>>>> REQUEST:
GET /api2/json/nodes/host1/qemu/100/status/current HTTP/1.1
Host: 192.168.1.131:8006
User-Agent: Go-http-client/1.1
Accept: application/json
Authorization: PVEAPIToken=tf@pam!terraform_token_id=0b313fa7-e5ef-451a-92c6-d30e11e4e84a
Accept-Encoding: gzip

2024/11/09 19:33:22 <<<<<<<<<< RESULT:
HTTP/1.1 200 OK
Content-Length: 765
Cache-Control: max-age=0
Connection: Keep-Alive
Content-Type: application/json;charset=UTF-8
Date: Sat, 09 Nov 2024 19:33:22 GMT
Expires: Sat, 09 Nov 2024 19:33:22 GMT
Pragma: no-cache
Server: pve-api-daemon/3.0

{"data":[{"maxcpu":2,"netin":0,"maxdisk":10737418240,"maxmem":2147483648,"template":0,"cpu":0,"diskread":0,"node":"host1","disk":0,"name":"postgres","diskwrite":0,"type":"qemu","mem":0,"uptime":0,"vmid":100,"netout":0,"id":"qemu/100","status":"stopped"},{"netout":0,"vmid":101,"id":"qemu/101","status":"stopped","uptime":0,"type":"qemu","diskwrite":0,"mem":0,"disk":0,"name":"mysql","node":"host1","cpu":0,"diskread":0,"template":0,"maxmem":2147483648,"netin":0,"maxcpu":2,"maxdisk":10737418240},{"name":"ubuntu-2404-cloudinit-template","disk":0,"cpu":0,"diskread":0,"node":"host1","vmid":9000,"netout":0,"id":"qemu/9000","status":"stopped","type":"qemu","diskwrite":0,"mem":0,"uptime":0,"maxmem":2147483648,"maxcpu":2,"netin":0,"maxdisk":3758096384,"template":1}]}
2024/11/09 19:33:22 >>>>>>>>>> REQUEST:
GET /api2/json/nodes/host1/qemu/101/config HTTP/1.1
Host: 192.168.1.131:8006
User-Agent: Go-http-client/1.1
Accept: application/json
Authorization: PVEAPIToken=tf@pam!terraform_token_id=0b313fa7-e5ef-451a-92c6-d30e11e4e84a
Accept-Encoding: gzip

2024/11/09 19:33:22 <<<<<<<<<< RESULT:
HTTP/1.1 200 OK
Content-Length: 481
Cache-Control: max-age=0
Connection: Keep-Alive
Content-Type: application/json;charset=UTF-8
Date: Sat, 09 Nov 2024 19:33:22 GMT
Expires: Sat, 09 Nov 2024 19:33:22 GMT
Pragma: no-cache
Server: pve-api-daemon/3.0

{"data":{"scsi0":"vms:101/vm-101-disk-1.qcow2,size=10G","vmgenid":"7f5764b5-b71c-41ec-ba6c-6ae7fe1c1709","smbios1":"uuid=e8634e1e-75e0-4139-a4cd-8c4a07142d74","memory":2048,"scsihw":"virtio-scsi-pci","bootdisk":"scsi0","net0":"virtio=72:6C:5C:36:E0:D6,bridge=vmbr0","boot":"c","agent":"enabled=1","meta":"creation-qemu=8.0.2,ctime=1731179948","cores":2,"digest":"6d8c7c5744c7507e4c284a94942a9bb417bb2d4c","name":"mysql","ide2":"vms:101/vm-101-cloudinit.qcow2,media=cdrom,size=4M"}}
2024/11/09 19:33:22 <<<<<<<<<< RESULT:
HTTP/1.1 200 OK
Content-Length: 244
Cache-Control: max-age=0
Connection: Keep-Alive
Connection: Keep-Alive
Content-Type: application/json;charset=UTF-8
Date: Sat, 09 Nov 2024 19:33:22 GMT
Expires: Sat, 09 Nov 2024 19:33:22 GMT
Pragma: no-cache
Server: pve-api-daemon/3.0

{"data":{"maxdisk":10737418240,"cpus":2,"agent":1,"name":"postgres","vmid":100,"cpu":0,"maxmem":2147483648,"status":"stopped","diskread":0,"ha":{"managed":0},"netout":0,"netin":0,"mem":0,"uptime":0,"qmpstatus":"stopped","diskwrite":0,"disk":0}}
2024/11/09 19:33:22 [DEBUG] VM status: stopped
2024/11/09 19:33:22 >>>>>>>>>> REQUEST:
GET /api2/json/cluster/resources?type=vm HTTP/1.1
Host: 192.168.1.131:8006
User-Agent: Go-http-client/1.1
Accept: application/json
Authorization: PVEAPIToken=tf@pam!terraform_token_id=0b313fa7-e5ef-451a-92c6-d30e11e4e84a
Accept-Encoding: gzip

[90mSat, 09 Nov 2024 19:33:22 +0000[0m DBG [1mgithub.com/Telmate/terraform-provider-proxmox/v2/proxmox/resource_vm_qemu.go:1500[0m[36m >[0m [READ] Received Config from Proxmox API: {"agent":{"enable":false},"bios":"seabios","boot":"c","bootdisk":"scsi0","cpu":{"cores":2},"disks":{"ide":{"2":{"cloudinit":{"format":"qcow2","storage":"vms"}}},"scsi":{"0":{"disk":{"backup":true,"bandwidth":{"mbps":{"read":{},"write":{}},"iops":{"read":{},"write":{}}},"discard":false,"emulatessd":false,"format":"qcow2","id":1,"iothread":false,"linked":null,"readonly":false,"replicate":true,"size":10485760,"storage":"vms","wwn":""}}}},"hotplug":"network,disk,usb","memory":{"capacity":2048},"name":"postgres","node":"host1","onboot":true,"pool":"","protection":false,"kvm":true,"network":{"0":{"bridge":"vmbr0","id":0,"macaddr":"22:A1:64:CC:F1:87","model":"virtio"}},"ostype":"other","scsihw":"virtio-scsi-pci","smbios1":"uuid=76e18546-bb40-47e5-8a54-01ba60e5e269","tablet":true,"vmid":100} [36mloggerName=[0mresource_vm_read [36mvmid=[0m100
[90mSat, 09 Nov 2024 19:33:22 +0000[0m DBG [1mgithub.com/Telmate/terraform-provider-proxmox/v2/proxmox/resource_vm_qemu.go:1541[0m[36m >[0m key 'force_create' is set to false [36mloggerName=[0mresource_vm_read [36mvmid=[0m100
[90mSat, 09 Nov 2024 19:33:22 +0000[0m DBG [1mgithub.com/Telmate/terraform-provider-proxmox/v2/proxmox/resource_vm_qemu.go:1541[0m[36m >[0m key 'define_connection_info' is set to true [36mloggerName=[0mresource_vm_read [36mvmid=[0m100
[90mSat, 09 Nov 2024 19:33:22 +0000[0m DBG [1mgithub.com/Telmate/terraform-provider-proxmox/v2/proxmox/resource_vm_qemu.go:1555[0m[36m >[0m Hostpci Block Processed 'map[]' [36mloggerName=[0mresource_vm_read [36mvmid=[0m100
[90mSat, 09 Nov 2024 19:33:22 +0000[0m DBG [1mgithub.com/Telmate/terraform-provider-proxmox/v2/proxmox/resource_vm_qemu.go:1563[0m[36m >[0m Usb Block Processed 'map[]' [36mloggerName=[0mresource_vm_read [36mvmid=[0m100
[90mSat, 09 Nov 2024 19:33:22 +0000[0m DBG [1mgithub.com/Telmate/terraform-provider-proxmox/v2/proxmox/resource_vm_qemu.go:1570[0m[36m >[0m Unused Disk Block Processed 'map[]' [36mloggerName=[0mresource_vm_read [36mvmid=[0m100
[90mSat, 09 Nov 2024 19:33:22 +0000[0m DBG [1mgithub.com/Telmate/terraform-provider-proxmox/v2/proxmox/resource_vm_qemu.go:1584[0m[36m >[0m Analyzing Network blocks  [36mloggerName=[0mresource_vm_read [36mvmid=[0m100
[90mSat, 09 Nov 2024 19:33:22 +0000[0m DBG [1mgithub.com/Telmate/terraform-provider-proxmox/v2/proxmox/resource_vm_qemu.go:1586[0m[36m >[0m Network block received 'map[bridge:vmbr0 id:0 macaddr:22:A1:64:CC:F1:87 model:virtio]' [36mloggerName=[0mresource_vm_read [36mvmid=[0m100
[90mSat, 09 Nov 2024 19:33:22 +0000[0m DBG [1mgithub.com/Telmate/terraform-provider-proxmox/v2/proxmox/resource_vm_qemu.go:1617[0m[36m >[0m VM Net Config 'map[0:map[bridge:vmbr0 id:0 macaddr:22:A1:64:CC:F1:87 model:virtio tag:-1]]' from '[map[bridge:vmbr0 macaddr:22:A1:64:CC:F1:87 model:virtio tag:-1]]' set as '[map[bridge:vmbr0 firewall:false link_down:false macaddr:22:A1:64:CC:F1:87 model:virtio mtu:0 queues:0 rate:0 tag:-1]]' type of 'string' [36mloggerName=[0mresource_vm_read [36mvmid=[0m100
[90mSat, 09 Nov 2024 19:33:22 +0000[0m DBG [1mgithub.com/Telmate/terraform-provider-proxmox/v2/proxmox/resource_vm_qemu.go:1619[0m[36m >[0m Finished VM read resulting in data: '' [36mloggerName=[0mresource_vm_read [36mvmid=[0m100
2024/11/09 19:33:22 <<<<<<<<<< RESULT:
HTTP/1.1 200 OK
Content-Length: 765
Cache-Control: max-age=0
Connection: Keep-Alive
Content-Type: application/json;charset=UTF-8
Date: Sat, 09 Nov 2024 19:33:22 GMT
Expires: Sat, 09 Nov 2024 19:33:22 GMT
Pragma: no-cache
Server: pve-api-daemon/3.0

{"data":[{"uptime":0,"mem":0,"diskwrite":0,"type":"qemu","status":"stopped","id":"qemu/100","netout":0,"vmid":100,"node":"host1","diskread":0,"cpu":0,"name":"postgres","disk":0,"template":0,"maxdisk":10737418240,"netin":0,"maxcpu":2,"maxmem":2147483648},{"maxmem":2147483648,"maxdisk":10737418240,"maxcpu":2,"netin":0,"template":0,"name":"mysql","disk":0,"cpu":0,"diskread":0,"node":"host1","id":"qemu/101","status":"stopped","vmid":101,"netout":0,"diskwrite":0,"mem":0,"type":"qemu","uptime":0},{"maxdisk":3758096384,"netin":0,"maxcpu":2,"maxmem":2147483648,"template":1,"node":"host1","diskread":0,"cpu":0,"name":"ubuntu-2404-cloudinit-template","disk":0,"uptime":0,"type":"qemu","diskwrite":0,"mem":0,"id":"qemu/9000","status":"stopped","netout":0,"vmid":9000}]}
2024/11/09 19:33:22 >>>>>>>>>> REQUEST:
GET /api2/json/cluster/ha/resources/101 HTTP/1.1
Host: 192.168.1.131:8006
User-Agent: Go-http-client/1.1
Accept: application/json
Authorization: PVEAPIToken=tf@pam!terraform_token_id=0b313fa7-e5ef-451a-92c6-d30e11e4e84a
Accept-Encoding: gzip

2024/11/09 19:33:22 <<<<<<<<<< RESULT:
HTTP/1.1 500 no such resource 'vm:101'
Connection: close
Content-Length: 13
Cache-Control: max-age=0
Content-Type: application/json;charset=UTF-8
Date: Sat, 09 Nov 2024 19:33:22 GMT
Expires: Sat, 09 Nov 2024 19:33:22 GMT
Pragma: no-cache
Server: pve-api-daemon/3.0

{"data":null}
2024/11/09 19:33:22 >>>>>>>>>> REQUEST:
GET /api2/json/nodes/host1/qemu/101/status/current HTTP/1.1
Host: 192.168.1.131:8006
User-Agent: Go-http-client/1.1
Accept: application/json
Authorization: PVEAPIToken=tf@pam!terraform_token_id=0b313fa7-e5ef-451a-92c6-d30e11e4e84a
Accept-Encoding: gzip

2024/11/09 19:33:22 <<<<<<<<<< RESULT:
HTTP/1.1 200 OK
Content-Length: 241
Cache-Control: max-age=0
Connection: Keep-Alive
Connection: Keep-Alive
Content-Type: application/json;charset=UTF-8
Date: Sat, 09 Nov 2024 19:33:22 GMT
Expires: Sat, 09 Nov 2024 19:33:22 GMT
Pragma: no-cache
Server: pve-api-daemon/3.0

{"data":{"qmpstatus":"stopped","disk":0,"diskwrite":0,"mem":0,"uptime":0,"diskread":0,"netout":0,"ha":{"managed":0},"netin":0,"status":"stopped","maxmem":2147483648,"vmid":101,"cpu":0,"agent":1,"name":"mysql","maxdisk":10737418240,"cpus":2}}
2024/11/09 19:33:22 [DEBUG] VM status: stopped
[90mSat, 09 Nov 2024 19:33:22 +0000[0m DBG [1mgithub.com/Telmate/terraform-provider-proxmox/v2/proxmox/resource_vm_qemu.go:1500[0m[36m >[0m [READ] Received Config from Proxmox API: {"agent":{"enable":false},"bios":"seabios","boot":"c","bootdisk":"scsi0","cpu":{"cores":2},"disks":{"ide":{"2":{"cloudinit":{"format":"qcow2","storage":"vms"}}},"scsi":{"0":{"disk":{"backup":true,"bandwidth":{"mbps":{"read":{},"write":{}},"iops":{"read":{},"write":{}}},"discard":false,"emulatessd":false,"format":"qcow2","id":1,"iothread":false,"linked":null,"readonly":false,"replicate":true,"size":10485760,"storage":"vms","wwn":""}}}},"hotplug":"network,disk,usb","memory":{"capacity":2048},"name":"mysql","node":"host1","onboot":true,"pool":"","protection":false,"kvm":true,"network":{"0":{"bridge":"vmbr0","id":0,"macaddr":"72:6C:5C:36:E0:D6","model":"virtio"}},"ostype":"other","scsihw":"virtio-scsi-pci","smbios1":"uuid=e8634e1e-75e0-4139-a4cd-8c4a07142d74","tablet":true,"vmid":101} [36mloggerName=[0mresource_vm_read [36mvmid=[0m101
[90mSat, 09 Nov 2024 19:33:22 +0000[0m DBG [1mgithub.com/Telmate/terraform-provider-proxmox/v2/proxmox/resource_vm_qemu.go:1541[0m[36m >[0m key 'force_create' is set to false [36mloggerName=[0mresource_vm_read [36mvmid=[0m101
[90mSat, 09 Nov 2024 19:33:22 +0000[0m DBG [1mgithub.com/Telmate/terraform-provider-proxmox/v2/proxmox/resource_vm_qemu.go:1541[0m[36m >[0m key 'define_connection_info' is set to true [36mloggerName=[0mresource_vm_read [36mvmid=[0m101
[90mSat, 09 Nov 2024 19:33:22 +0000[0m DBG [1mgithub.com/Telmate/terraform-provider-proxmox/v2/proxmox/resource_vm_qemu.go:1555[0m[36m >[0m Hostpci Block Processed 'map[]' [36mloggerName=[0mresource_vm_read [36mvmid=[0m101
[90mSat, 09 Nov 2024 19:33:22 +0000[0m DBG [1mgithub.com/Telmate/terraform-provider-proxmox/v2/proxmox/resource_vm_qemu.go:1563[0m[36m >[0m Usb Block Processed 'map[]' [36mloggerName=[0mresource_vm_read [36mvmid=[0m101
[90mSat, 09 Nov 2024 19:33:22 +0000[0m DBG [1mgithub.com/Telmate/terraform-provider-proxmox/v2/proxmox/resource_vm_qemu.go:1570[0m[36m >[0m Unused Disk Block Processed 'map[]' [36mloggerName=[0mresource_vm_read [36mvmid=[0m101
[90mSat, 09 Nov 2024 19:33:22 +0000[0m DBG [1mgithub.com/Telmate/terraform-provider-proxmox/v2/proxmox/resource_vm_qemu.go:1584[0m[36m >[0m Analyzing Network blocks  [36mloggerName=[0mresource_vm_read [36mvmid=[0m101
[90mSat, 09 Nov 2024 19:33:22 +0000[0m DBG [1mgithub.com/Telmate/terraform-provider-proxmox/v2/proxmox/resource_vm_qemu.go:1586[0m[36m >[0m Network block received 'map[bridge:vmbr0 id:0 macaddr:72:6C:5C:36:E0:D6 model:virtio]' [36mloggerName=[0mresource_vm_read [36mvmid=[0m101
[90mSat, 09 Nov 2024 19:33:22 +0000[0m DBG [1mgithub.com/Telmate/terraform-provider-proxmox/v2/proxmox/resource_vm_qemu.go:1617[0m[36m >[0m VM Net Config 'map[0:map[bridge:vmbr0 id:0 macaddr:72:6C:5C:36:E0:D6 model:virtio tag:-1]]' from '[map[bridge:vmbr0 macaddr:72:6C:5C:36:E0:D6 model:virtio tag:-1]]' set as '[map[bridge:vmbr0 firewall:false link_down:false macaddr:72:6C:5C:36:E0:D6 model:virtio mtu:0 queues:0 rate:0 tag:-1]]' type of 'string' [36mloggerName=[0mresource_vm_read [36mvmid=[0m101
[90mSat, 09 Nov 2024 19:33:22 +0000[0m DBG [1mgithub.com/Telmate/terraform-provider-proxmox/v2/proxmox/resource_vm_qemu.go:1619[0m[36m >[0m Finished VM read resulting in data: '' [36mloggerName=[0mresource_vm_read [36mvmid=[0m101
[90mSat, 09 Nov 2024 19:33:27 +0000[0m [32mINF[0m [1mgithub.com/Telmate/terraform-provider-proxmox/v2/proxmox/util.go:158[0m[36m >[0m [1mEnabling the capture of log-library logs as ithe _capturelog flag was detected[0m
[90mSat, 09 Nov 2024 19:33:27 +0000[0m [32mINF[0m [1mgithub.com/Telmate/terraform-provider-proxmox/v2/proxmox/util.go:191[0m[36m >[0m [1mLogging Started. Root Logger Set to level debug[0m
2024/11/09 19:33:27 >>>>>>>>>> REQUEST:
GET /api2/json/cluster/resources?type=vm HTTP/1.1
Host: 192.168.1.131:8006
User-Agent: Go-http-client/1.1
Accept: application/json
Authorization: PVEAPIToken=tf@pam!terraform_token_id=0b313fa7-e5ef-451a-92c6-d30e11e4e84a
Accept-Encoding: gzip

2024/11/09 19:33:27 >>>>>>>>>> REQUEST:
GET /api2/json/cluster/resources?type=vm HTTP/1.1
Host: 192.168.1.131:8006
User-Agent: Go-http-client/1.1
Accept: application/json
Authorization: PVEAPIToken=tf@pam!terraform_token_id=0b313fa7-e5ef-451a-92c6-d30e11e4e84a
Accept-Encoding: gzip

2024/11/09 19:33:27 <<<<<<<<<< RESULT:
HTTP/1.1 200 OK
Content-Length: 765
Cache-Control: max-age=0
Connection: Keep-Alive
Content-Type: application/json;charset=UTF-8
Date: Sat, 09 Nov 2024 19:33:27 GMT
Expires: Sat, 09 Nov 2024 19:33:27 GMT
Pragma: no-cache
Server: pve-api-daemon/3.0

{"data":[{"diskwrite":0,"type":"qemu","mem":0,"uptime":0,"id":"qemu/100","status":"stopped","vmid":100,"netout":0,"cpu":0,"diskread":0,"node":"host1","name":"postgres","disk":0,"template":0,"maxdisk":10737418240,"maxcpu":2,"netin":0,"maxmem":2147483648},{"cpu":0,"diskread":0,"node":"host1","name":"mysql","disk":0,"diskwrite":0,"mem":0,"type":"qemu","uptime":0,"id":"qemu/101","status":"stopped","vmid":101,"netout":0,"maxdisk":10737418240,"maxcpu":2,"netin":0,"maxmem":2147483648,"template":0},{"status":"stopped","id":"qemu/9000","vmid":9000,"netout":0,"diskwrite":0,"type":"qemu","mem":0,"uptime":0,"disk":0,"name":"ubuntu-2404-cloudinit-template","cpu":0,"diskread":0,"node":"host1","template":1,"maxmem":2147483648,"maxdisk":3758096384,"maxcpu":2,"netin":0}]}
2024/11/09 19:33:27 >>>>>>>>>> REQUEST:
GET /api2/json/nodes/host1/qemu/101/status/current HTTP/1.1
Host: 192.168.1.131:8006
User-Agent: Go-http-client/1.1
Accept: application/json
Authorization: PVEAPIToken=tf@pam!terraform_token_id=0b313fa7-e5ef-451a-92c6-d30e11e4e84a
Accept-Encoding: gzip

2024/11/09 19:33:27 <<<<<<<<<< RESULT:
HTTP/1.1 200 OK
Content-Length: 765
Cache-Control: max-age=0
Connection: Keep-Alive
Content-Type: application/json;charset=UTF-8
Date: Sat, 09 Nov 2024 19:33:27 GMT
Expires: Sat, 09 Nov 2024 19:33:27 GMT
Pragma: no-cache
Server: pve-api-daemon/3.0

{"data":[{"node":"host1","diskread":0,"cpu":0,"name":"postgres","disk":0,"uptime":0,"mem":0,"diskwrite":0,"type":"qemu","netout":0,"vmid":100,"id":"qemu/100","status":"stopped","netin":0,"maxcpu":2,"maxdisk":10737418240,"maxmem":2147483648,"template":0},{"diskwrite":0,"type":"qemu","mem":0,"uptime":0,"status":"stopped","id":"qemu/101","vmid":101,"netout":0,"diskread":0,"cpu":0,"node":"host1","name":"mysql","disk":0,"template":0,"maxdisk":10737418240,"maxcpu":2,"netin":0,"maxmem":2147483648},{"maxcpu":2,"netin":0,"maxdisk":3758096384,"maxmem":2147483648,"template":1,"diskread":0,"cpu":0,"node":"host1","disk":0,"name":"ubuntu-2404-cloudinit-template","mem":0,"diskwrite":0,"type":"qemu","uptime":0,"vmid":9000,"netout":0,"id":"qemu/9000","status":"stopped"}]}
2024/11/09 19:33:27 >>>>>>>>>> REQUEST:
GET /api2/json/nodes/host1/qemu/100/status/current HTTP/1.1
Host: 192.168.1.131:8006
User-Agent: Go-http-client/1.1
Accept: application/json
Authorization: PVEAPIToken=tf@pam!terraform_token_id=0b313fa7-e5ef-451a-92c6-d30e11e4e84a
Accept-Encoding: gzip

2024/11/09 19:33:27 <<<<<<<<<< RESULT:
HTTP/1.1 200 OK
Content-Length: 241
Cache-Control: max-age=0
Connection: Keep-Alive
Connection: Keep-Alive
Content-Type: application/json;charset=UTF-8
Date: Sat, 09 Nov 2024 19:33:27 GMT
Expires: Sat, 09 Nov 2024 19:33:27 GMT
Pragma: no-cache
Server: pve-api-daemon/3.0

{"data":{"cpu":0,"vmid":101,"maxmem":2147483648,"cpus":2,"maxdisk":10737418240,"agent":1,"name":"mysql","mem":0,"uptime":0,"disk":0,"diskwrite":0,"qmpstatus":"stopped","status":"stopped","diskread":0,"netin":0,"netout":0,"ha":{"managed":0}}}
2024/11/09 19:33:27 <<<<<<<<<< RESULT:
HTTP/1.1 200 OK
Content-Length: 244
Cache-Control: max-age=0
Connection: Keep-Alive
Connection: Keep-Alive
Content-Type: application/json;charset=UTF-8
Date: Sat, 09 Nov 2024 19:33:27 GMT
Expires: Sat, 09 Nov 2024 19:33:27 GMT
Pragma: no-cache
Server: pve-api-daemon/3.0

{"data":{"vmid":100,"cpu":0,"maxmem":2147483648,"maxdisk":10737418240,"cpus":2,"name":"postgres","agent":1,"uptime":0,"mem":0,"qmpstatus":"stopped","disk":0,"diskwrite":0,"status":"stopped","ha":{"managed":0},"netout":0,"netin":0,"diskread":0}}
2024/11/09 19:33:27 >>>>>>>>>> REQUEST:
DELETE /api2/json/nodes/host1/qemu/101 HTTP/1.1
Host: 192.168.1.131:8006
User-Agent: Go-http-client/1.1
Accept: application/json
Authorization: PVEAPIToken=tf@pam!terraform_token_id=0b313fa7-e5ef-451a-92c6-d30e11e4e84a
Accept-Encoding: gzip

2024/11/09 19:33:27 >>>>>>>>>> REQUEST:
DELETE /api2/json/nodes/host1/qemu/100 HTTP/1.1
Host: 192.168.1.131:8006
User-Agent: Go-http-client/1.1
Accept: application/json
Authorization: PVEAPIToken=tf@pam!terraform_token_id=0b313fa7-e5ef-451a-92c6-d30e11e4e84a
Accept-Encoding: gzip

2024/11/09 19:33:27 <<<<<<<<<< RESULT:
HTTP/1.1 200 OK
Content-Length: 89
Cache-Control: max-age=0
Connection: Keep-Alive
Connection: Keep-Alive
Content-Type: application/json;charset=UTF-8
Date: Sat, 09 Nov 2024 19:33:27 GMT
Expires: Sat, 09 Nov 2024 19:33:27 GMT
Pragma: no-cache
Server: pve-api-daemon/3.0

{"data":"UPID:host1:001B57DD:19540877:672FB907:qmdestroy:101:tf@pam!terraform_token_id:"}
2024/11/09 19:33:27 >>>>>>>>>> REQUEST:
GET /api2/json/nodes/host1/tasks/UPID:host1:001B57DD:19540877:672FB907:qmdestroy:101:tf@pam!terraform_token_id:/status HTTP/1.1
Host: 192.168.1.131:8006
User-Agent: Go-http-client/1.1
Accept: application/json
Authorization: PVEAPIToken=tf@pam!terraform_token_id=0b313fa7-e5ef-451a-92c6-d30e11e4e84a
Accept-Encoding: gzip

2024/11/09 19:33:27 <<<<<<<<<< RESULT:
HTTP/1.1 200 OK
Content-Length: 89
Cache-Control: max-age=0
Connection: Keep-Alive
Connection: Keep-Alive
Content-Type: application/json;charset=UTF-8
Date: Sat, 09 Nov 2024 19:33:27 GMT
Expires: Sat, 09 Nov 2024 19:33:27 GMT
Pragma: no-cache
Server: pve-api-daemon/3.0

{"data":"UPID:host1:001B57E0:19540878:672FB907:qmdestroy:100:tf@pam!terraform_token_id:"}
2024/11/09 19:33:27 >>>>>>>>>> REQUEST:
GET /api2/json/nodes/host1/tasks/UPID:host1:001B57E0:19540878:672FB907:qmdestroy:100:tf@pam!terraform_token_id:/status HTTP/1.1
Host: 192.168.1.131:8006
User-Agent: Go-http-client/1.1
Accept: application/json
Authorization: PVEAPIToken=tf@pam!terraform_token_id=0b313fa7-e5ef-451a-92c6-d30e11e4e84a
Accept-Encoding: gzip

2024/11/09 19:33:27 <<<<<<<<<< RESULT:
HTTP/1.1 200 OK
Content-Length: 265
Cache-Control: max-age=0
Connection: Keep-Alive
Connection: Keep-Alive
Content-Type: application/json;charset=UTF-8
Date: Sat, 09 Nov 2024 19:33:27 GMT
Expires: Sat, 09 Nov 2024 19:33:27 GMT
Pragma: no-cache
Server: pve-api-daemon/3.0

{"data":{"user":"tf@pam","type":"qmdestroy","starttime":1731180807,"pstart":424937592,"pid":1791968,"node":"host1","id":"100","status":"running","tokenid":"terraform_token_id","upid":"UPID:host1:001B57E0:19540878:672FB907:qmdestroy:100:tf@pam!terraform_token_id:"}}
2024/11/09 19:33:27 <<<<<<<<<< RESULT:
HTTP/1.1 200 OK
Content-Length: 265
Cache-Control: max-age=0
Connection: Keep-Alive
Connection: Keep-Alive
Content-Type: application/json;charset=UTF-8
Date: Sat, 09 Nov 2024 19:33:28 GMT
Expires: Sat, 09 Nov 2024 19:33:28 GMT
Pragma: no-cache
Server: pve-api-daemon/3.0

{"data":{"node":"host1","id":"101","status":"running","tokenid":"terraform_token_id","upid":"UPID:host1:001B57DD:19540877:672FB907:qmdestroy:101:tf@pam!terraform_token_id:","type":"qmdestroy","user":"tf@pam","starttime":1731180807,"pstart":424937591,"pid":1791965}}
2024/11/09 19:33:29 >>>>>>>>>> REQUEST:
GET /api2/json/nodes/host1/tasks/UPID:host1:001B57DD:19540877:672FB907:qmdestroy:101:tf@pam!terraform_token_id:/status HTTP/1.1
Host: 192.168.1.131:8006
User-Agent: Go-http-client/1.1
Accept: application/json
Authorization: PVEAPIToken=tf@pam!terraform_token_id=0b313fa7-e5ef-451a-92c6-d30e11e4e84a
Accept-Encoding: gzip

2024/11/09 19:33:29 >>>>>>>>>> REQUEST:
GET /api2/json/nodes/host1/tasks/UPID:host1:001B57E0:19540878:672FB907:qmdestroy:100:tf@pam!terraform_token_id:/status HTTP/1.1
Host: 192.168.1.131:8006
User-Agent: Go-http-client/1.1
Accept: application/json
Authorization: PVEAPIToken=tf@pam!terraform_token_id=0b313fa7-e5ef-451a-92c6-d30e11e4e84a
Accept-Encoding: gzip

2024/11/09 19:33:30 <<<<<<<<<< RESULT:
HTTP/1.1 200 OK
Content-Length: 283
Cache-Control: max-age=0
Connection: Keep-Alive
Connection: Keep-Alive
Content-Type: application/json;charset=UTF-8
Date: Sat, 09 Nov 2024 19:33:30 GMT
Expires: Sat, 09 Nov 2024 19:33:30 GMT
Pragma: no-cache
Server: pve-api-daemon/3.0

{"data":{"user":"tf@pam","type":"qmdestroy","exitstatus":"OK","id":"101","status":"stopped","pid":1791965,"pstart":424937591,"starttime":1731180807,"tokenid":"terraform_token_id","upid":"UPID:host1:001B57DD:19540877:672FB907:qmdestroy:101:tf@pam!terraform_token_id:","node":"host1"}}
2024/11/09 19:33:30 <<<<<<<<<< RESULT:
HTTP/1.1 200 OK
Content-Length: 283
Cache-Control: max-age=0
Connection: Keep-Alive
Connection: Keep-Alive
Content-Type: application/json;charset=UTF-8
Date: Sat, 09 Nov 2024 19:33:30 GMT
Expires: Sat, 09 Nov 2024 19:33:30 GMT
Pragma: no-cache
Server: pve-api-daemon/3.0

{"data":{"starttime":1731180807,"pstart":424937592,"pid":1791968,"node":"host1","tokenid":"terraform_token_id","upid":"UPID:host1:001B57E0:19540878:672FB907:qmdestroy:100:tf@pam!terraform_token_id:","type":"qmdestroy","user":"tf@pam","id":"100","status":"stopped","exitstatus":"OK"}}
2024/11/09 19:33:30 [DEBUG] setting computed for "unused_disk" from ComputedKeys
2024/11/09 19:33:30 [DEBUG] setting computed for "unused_disk" from ComputedKeys
2024/11/09 19:33:30 [DEBUG] setting computed for "smbios" from ComputedKeys
[90mSat, 09 Nov 2024 19:33:30 +0000[0m [32mINF[0m [1mgithub.com/Telmate/terraform-provider-proxmox/v2/proxmox/resource_vm_qemu.go:942[0m[36m >[0m [1mVM creation[0m [36mloggerName=[0mresource_vm_create [36mvmid=[0m
[90mSat, 09 Nov 2024 19:33:30 +0000[0m DBG [1mgithub.com/Telmate/terraform-provider-proxmox/v2/proxmox/resource_vm_qemu.go:943[0m[36m >[0m VM creation resource data: '' [36mloggerName=[0mresource_vm_create [36mvmid=[0m
2024/11/09 19:33:30 [DEBUG][QemuVmCreate] checking for duplicate name: postgres
2024/11/09 19:33:30 >>>>>>>>>> REQUEST:
GET /api2/json/cluster/resources?type=vm HTTP/1.1
Host: 192.168.1.131:8006
User-Agent: Go-http-client/1.1
Accept: application/json
Authorization: PVEAPIToken=tf@pam!terraform_token_id=0b313fa7-e5ef-451a-92c6-d30e11e4e84a
Accept-Encoding: gzip

2024/11/09 19:33:30 [DEBUG] setting computed for "smbios" from ComputedKeys
[90mSat, 09 Nov 2024 19:33:30 +0000[0m [32mINF[0m [1mgithub.com/Telmate/terraform-provider-proxmox/v2/proxmox/resource_vm_qemu.go:942[0m[36m >[0m [1mVM creation[0m [36mloggerName=[0mresource_vm_create [36mvmid=[0m
[90mSat, 09 Nov 2024 19:33:30 +0000[0m DBG [1mgithub.com/Telmate/terraform-provider-proxmox/v2/proxmox/resource_vm_qemu.go:943[0m[36m >[0m VM creation resource data: '' [36mloggerName=[0mresource_vm_create [36mvmid=[0m
2024/11/09 19:33:30 [DEBUG][QemuVmCreate] checking for duplicate name: mysql
2024/11/09 19:33:30 >>>>>>>>>> REQUEST:
GET /api2/json/cluster/resources?type=vm HTTP/1.1
Host: 192.168.1.131:8006
User-Agent: Go-http-client/1.1
Accept: application/json
Authorization: PVEAPIToken=tf@pam!terraform_token_id=0b313fa7-e5ef-451a-92c6-d30e11e4e84a
Accept-Encoding: gzip

2024/11/09 19:33:30 <<<<<<<<<< RESULT:
HTTP/1.1 200 OK
Content-Length: 278
Cache-Control: max-age=0
Connection: Keep-Alive
Content-Type: application/json;charset=UTF-8
Date: Sat, 09 Nov 2024 19:33:30 GMT
Expires: Sat, 09 Nov 2024 19:33:30 GMT
Pragma: no-cache
Server: pve-api-daemon/3.0

{"data":[{"template":1,"maxmem":2147483648,"maxcpu":2,"netin":0,"maxdisk":3758096384,"vmid":9000,"netout":0,"id":"qemu/9000","status":"stopped","diskwrite":0,"mem":0,"type":"qemu","uptime":0,"name":"ubuntu-2404-cloudinit-template","disk":0,"cpu":0,"diskread":0,"node":"host1"}]}
2024/11/09 19:33:30 <<<<<<<<<< RESULT:
HTTP/1.1 200 OK
Content-Length: 278
Cache-Control: max-age=0
Connection: Keep-Alive
Content-Type: application/json;charset=UTF-8
Date: Sat, 09 Nov 2024 19:33:30 GMT
Expires: Sat, 09 Nov 2024 19:33:30 GMT
Pragma: no-cache
Server: pve-api-daemon/3.0

{"data":[{"template":1,"maxdisk":3758096384,"netin":0,"maxcpu":2,"maxmem":2147483648,"uptime":0,"diskwrite":0,"mem":0,"type":"qemu","status":"stopped","id":"qemu/9000","netout":0,"vmid":9000,"node":"host1","diskread":0,"cpu":0,"name":"ubuntu-2404-cloudinit-template","disk":0}]}
2024/11/09 19:33:30 >>>>>>>>>> REQUEST:
GET /api2/json/cluster/nextid HTTP/1.1
Host: 192.168.1.131:8006
User-Agent: Go-http-client/1.1
Accept: application/json
Authorization: PVEAPIToken=tf@pam!terraform_token_id=0b313fa7-e5ef-451a-92c6-d30e11e4e84a
Accept-Encoding: gzip

2024/11/09 19:33:30 <<<<<<<<<< RESULT:
HTTP/1.1 200 OK
Content-Length: 14
Cache-Control: max-age=0
Connection: Keep-Alive
Content-Type: application/json;charset=UTF-8
Date: Sat, 09 Nov 2024 19:33:30 GMT
Expires: Sat, 09 Nov 2024 19:33:30 GMT
Pragma: no-cache
Server: pve-api-daemon/3.0

{"data":"100"}
2024/11/09 19:33:30 >>>>>>>>>> REQUEST:
GET /api2/json/cluster/resources?type=vm HTTP/1.1
Host: 192.168.1.131:8006
User-Agent: Go-http-client/1.1
Accept: application/json
Authorization: PVEAPIToken=tf@pam!terraform_token_id=0b313fa7-e5ef-451a-92c6-d30e11e4e84a
Accept-Encoding: gzip

2024/11/09 19:33:30 >>>>>>>>>> REQUEST:
GET /api2/json/cluster/nextid HTTP/1.1
Host: 192.168.1.131:8006
User-Agent: Go-http-client/1.1
Accept: application/json
Authorization: PVEAPIToken=tf@pam!terraform_token_id=0b313fa7-e5ef-451a-92c6-d30e11e4e84a
Accept-Encoding: gzip

2024/11/09 19:33:30 <<<<<<<<<< RESULT:
HTTP/1.1 200 OK
Content-Length: 278
Cache-Control: max-age=0
Connection: Keep-Alive
Content-Type: application/json;charset=UTF-8
Date: Sat, 09 Nov 2024 19:33:30 GMT
Expires: Sat, 09 Nov 2024 19:33:30 GMT
Pragma: no-cache
Server: pve-api-daemon/3.0

{"data":[{"netout":0,"vmid":9000,"status":"stopped","id":"qemu/9000","uptime":0,"diskwrite":0,"mem":0,"type":"qemu","disk":0,"name":"ubuntu-2404-cloudinit-template","node":"host1","cpu":0,"diskread":0,"template":1,"maxmem":2147483648,"netin":0,"maxcpu":2,"maxdisk":3758096384}]}
2024/11/09 19:33:30 <<<<<<<<<< RESULT:
HTTP/1.1 200 OK
Content-Length: 14
Cache-Control: max-age=0
Connection: Keep-Alive
Content-Type: application/json;charset=UTF-8
Date: Sat, 09 Nov 2024 19:33:30 GMT
Expires: Sat, 09 Nov 2024 19:33:30 GMT
Pragma: no-cache
Server: pve-api-daemon/3.0

{"data":"100"}
2024/11/09 19:33:30 [DEBUG][QemuVmCreate] cloning VM
2024/11/09 19:33:30 >>>>>>>>>> REQUEST:
GET /api2/json/cluster/resources?type=vm HTTP/1.1
Host: 192.168.1.131:8006
User-Agent: Go-http-client/1.1
Accept: application/json
Authorization: PVEAPIToken=tf@pam!terraform_token_id=0b313fa7-e5ef-451a-92c6-d30e11e4e84a
Accept-Encoding: gzip

[90mSat, 09 Nov 2024 19:33:30 +0000[0m DBG [1mgithub.com/Telmate/terraform-provider-proxmox/v2/proxmox/resource_vm_qemu.go:1079[0m[36m >[0m Cloning VM [36mloggerName=[0mresource_vm_create [36mvmid=[0m
2024/11/09 19:33:30 >>>>>>>>>> REQUEST:
POST /api2/json/nodes/host1/qemu/9000/clone HTTP/1.1
Host: 192.168.1.131:8006
User-Agent: Go-http-client/1.1
Content-Length: 43
Accept: application/json
Authorization: PVEAPIToken=tf@pam!terraform_token_id=0b313fa7-e5ef-451a-92c6-d30e11e4e84a
Content-Type: application/x-www-form-urlencoded
Accept-Encoding: gzip

full=1&name=postgres&newid=100&target=host1
2024/11/09 19:33:30 <<<<<<<<<< RESULT:
HTTP/1.1 200 OK
Content-Length: 278
Cache-Control: max-age=0
Connection: Keep-Alive
Content-Type: application/json;charset=UTF-8
Date: Sat, 09 Nov 2024 19:33:30 GMT
Expires: Sat, 09 Nov 2024 19:33:30 GMT
Pragma: no-cache
Server: pve-api-daemon/3.0

{"data":[{"status":"stopped","id":"qemu/9000","vmid":9000,"netout":0,"mem":0,"diskwrite":0,"type":"qemu","uptime":0,"name":"ubuntu-2404-cloudinit-template","disk":0,"diskread":0,"cpu":0,"node":"host1","template":1,"maxmem":2147483648,"maxdisk":3758096384,"maxcpu":2,"netin":0}]}
2024/11/09 19:33:30 [DEBUG][QemuVmCreate] cloning VM
[90mSat, 09 Nov 2024 19:33:30 +0000[0m DBG [1mgithub.com/Telmate/terraform-provider-proxmox/v2/proxmox/resource_vm_qemu.go:1079[0m[36m >[0m Cloning VM [36mloggerName=[0mresource_vm_create [36mvmid=[0m
2024/11/09 19:33:30 >>>>>>>>>> REQUEST:
POST /api2/json/nodes/host1/qemu/9000/clone HTTP/1.1
Host: 192.168.1.131:8006
User-Agent: Go-http-client/1.1
Content-Length: 40
Accept: application/json
Authorization: PVEAPIToken=tf@pam!terraform_token_id=0b313fa7-e5ef-451a-92c6-d30e11e4e84a
Content-Type: application/x-www-form-urlencoded
Accept-Encoding: gzip

full=1&name=mysql&newid=100&target=host1
2024/11/09 19:33:30 <<<<<<<<<< RESULT:
HTTP/1.1 200 OK
Connection: close
Content-Length: 88
Cache-Control: max-age=0
Content-Type: application/json;charset=UTF-8
Date: Sat, 09 Nov 2024 19:33:30 GMT
Expires: Sat, 09 Nov 2024 19:33:30 GMT
Pragma: no-cache
Server: pve-api-daemon/3.0

{"data":"UPID:host1:001B57EC:19540964:672FB90A:qmclone:9000:tf@pam!terraform_token_id:"}
2024/11/09 19:33:30 >>>>>>>>>> REQUEST:
GET /api2/json/nodes/host1/tasks/UPID:host1:001B57EC:19540964:672FB90A:qmclone:9000:tf@pam!terraform_token_id:/status HTTP/1.1
Host: 192.168.1.131:8006
User-Agent: Go-http-client/1.1
Accept: application/json
Authorization: PVEAPIToken=tf@pam!terraform_token_id=0b313fa7-e5ef-451a-92c6-d30e11e4e84a
Accept-Encoding: gzip

2024/11/09 19:33:30 <<<<<<<<<< RESULT:
HTTP/1.1 500 unable to create VM 100: config file already exists
Connection: close
Content-Length: 13
Cache-Control: max-age=0
Content-Type: application/json;charset=UTF-8
Date: Sat, 09 Nov 2024 19:33:30 GMT
Expires: Sat, 09 Nov 2024 19:33:30 GMT
Pragma: no-cache
Server: pve-api-daemon/3.0

{"data":null}
2024/11/09 19:33:30 <<<<<<<<<< RESULT:
HTTP/1.1 200 OK
Content-Length: 263
Cache-Control: max-age=0
Connection: Keep-Alive
Connection: Keep-Alive
Content-Type: application/json;charset=UTF-8
Date: Sat, 09 Nov 2024 19:33:30 GMT
Expires: Sat, 09 Nov 2024 19:33:30 GMT
Pragma: no-cache
Server: pve-api-daemon/3.0

{"data":{"status":"running","id":"9000","upid":"UPID:host1:001B57EC:19540964:672FB90A:qmclone:9000:tf@pam!terraform_token_id:","tokenid":"terraform_token_id","node":"host1","pstart":424937828,"pid":1791980,"type":"qmclone","user":"tf@pam","starttime":1731180810}}
2024/11/09 19:33:32 >>>>>>>>>> REQUEST:
GET /api2/json/nodes/host1/tasks/UPID:host1:001B57EC:19540964:672FB90A:qmclone:9000:tf@pam!terraform_token_id:/status HTTP/1.1
Host: 192.168.1.131:8006
User-Agent: Go-http-client/1.1
Accept: application/json
Authorization: PVEAPIToken=tf@pam!terraform_token_id=0b313fa7-e5ef-451a-92c6-d30e11e4e84a
Accept-Encoding: gzip

2024/11/09 19:33:32 <<<<<<<<<< RESULT:
HTTP/1.1 200 OK
Content-Length: 281
Cache-Control: max-age=0
Connection: Keep-Alive
Connection: Keep-Alive
Content-Type: application/json;charset=UTF-8
Date: Sat, 09 Nov 2024 19:33:32 GMT
Expires: Sat, 09 Nov 2024 19:33:32 GMT
Pragma: no-cache
Server: pve-api-daemon/3.0

{"data":{"exitstatus":"OK","status":"stopped","id":"9000","type":"qmclone","user":"tf@pam","node":"host1","upid":"UPID:host1:001B57EC:19540964:672FB90A:qmclone:9000:tf@pam!terraform_token_id:","tokenid":"terraform_token_id","starttime":1731180810,"pid":1791980,"pstart":424937828}}
2024/11/09 19:33:42 [DEBUG][QemuVmCreate] update VM after clone
2024/11/09 19:33:42 >>>>>>>>>> REQUEST:
GET /api2/json/nodes/host1/qemu/100/config HTTP/1.1
Host: 192.168.1.131:8006
User-Agent: Go-http-client/1.1
Accept: application/json
Authorization: PVEAPIToken=tf@pam!terraform_token_id=0b313fa7-e5ef-451a-92c6-d30e11e4e84a
Accept-Encoding: gzip

2024/11/09 19:33:42 <<<<<<<<<< RESULT:
HTTP/1.1 200 OK
Content-Length: 484
Cache-Control: max-age=0
Connection: Keep-Alive
Content-Type: application/json;charset=UTF-8
Date: Sat, 09 Nov 2024 19:33:42 GMT
Expires: Sat, 09 Nov 2024 19:33:42 GMT
Pragma: no-cache
Server: pve-api-daemon/3.0

{"data":{"scsi0":"vms:100/vm-100-disk-0.raw,size=3584M","vmgenid":"4a7e82d7-b748-4500-98ee-f89251c23299","smbios1":"uuid=407cfe49-658e-477b-af41-3dfca788374f","memory":2048,"scsihw":"virtio-scsi-pci","bootdisk":"scsi0","net0":"virtio=96:39:42:1D:71:94,bridge=vmbr0","boot":"c","agent":"enabled=1","meta":"creation-qemu=8.0.2,ctime=1731179948","cores":2,"digest":"acd6bdd131a2bfd7a1d66bb9dd0c6f1aa170a484","name":"postgres","ide2":"vms:100/vm-100-cloudinit.qcow2,media=cdrom,size=4M"}}
2024/11/09 19:33:42 >>>>>>>>>> REQUEST:
GET /api2/json/cluster/resources?type=vm HTTP/1.1
Host: 192.168.1.131:8006
User-Agent: Go-http-client/1.1
Accept: application/json
Authorization: PVEAPIToken=tf@pam!terraform_token_id=0b313fa7-e5ef-451a-92c6-d30e11e4e84a
Accept-Encoding: gzip

2024/11/09 19:33:42 <<<<<<<<<< RESULT:
HTTP/1.1 200 OK
Content-Length: 522
Cache-Control: max-age=0
Connection: Keep-Alive
Content-Type: application/json;charset=UTF-8
Date: Sat, 09 Nov 2024 19:33:42 GMT
Expires: Sat, 09 Nov 2024 19:33:42 GMT
Pragma: no-cache
Server: pve-api-daemon/3.0

{"data":[{"maxcpu":2,"netin":0,"maxdisk":3758096384,"maxmem":2147483648,"template":0,"cpu":0,"diskread":0,"node":"host1","disk":0,"name":"postgres","diskwrite":0,"type":"qemu","mem":0,"uptime":0,"vmid":100,"netout":0,"id":"qemu/100","status":"stopped"},{"node":"host1","cpu":0,"diskread":0,"disk":0,"name":"ubuntu-2404-cloudinit-template","uptime":0,"diskwrite":0,"mem":0,"type":"qemu","netout":0,"vmid":9000,"id":"qemu/9000","status":"stopped","netin":0,"maxcpu":2,"maxdisk":3758096384,"maxmem":2147483648,"template":1}]}
2024/11/09 19:33:42 >>>>>>>>>> REQUEST:
GET /api2/json/cluster/ha/resources/100 HTTP/1.1
Host: 192.168.1.131:8006
User-Agent: Go-http-client/1.1
Accept: application/json
Authorization: PVEAPIToken=tf@pam!terraform_token_id=0b313fa7-e5ef-451a-92c6-d30e11e4e84a
Accept-Encoding: gzip

2024/11/09 19:33:42 <<<<<<<<<< RESULT:
HTTP/1.1 500 no such resource 'vm:100'
Connection: close
Content-Length: 13
Cache-Control: max-age=0
Content-Type: application/json;charset=UTF-8
Date: Sat, 09 Nov 2024 19:33:42 GMT
Expires: Sat, 09 Nov 2024 19:33:42 GMT
Pragma: no-cache
Server: pve-api-daemon/3.0

{"data":null}
2024/11/09 19:33:42 >>>>>>>>>> REQUEST:
GET /api2/json/version HTTP/1.1
Host: 192.168.1.131:8006
User-Agent: Go-http-client/1.1
Accept: application/json
Authorization: PVEAPIToken=tf@pam!terraform_token_id=0b313fa7-e5ef-451a-92c6-d30e11e4e84a
Accept-Encoding: gzip

2024/11/09 19:33:42 <<<<<<<<<< RESULT:
HTTP/1.1 200 OK
Content-Length: 72
Cache-Control: max-age=0
Connection: Keep-Alive
Content-Type: application/json;charset=UTF-8
Date: Sat, 09 Nov 2024 19:33:42 GMT
Expires: Sat, 09 Nov 2024 19:33:42 GMT
Pragma: no-cache
Server: pve-api-daemon/3.0

{"data":{"repoid":"bbf3993334bfa916","release":"8.0","version":"8.0.3"}}
2024/11/09 19:33:42 >>>>>>>>>> REQUEST:
POST /api2/json/nodes/host1/qemu/100/move_disk HTTP/1.1
Host: 192.168.1.131:8006
User-Agent: Go-http-client/1.1
Content-Length: 44
Accept: application/json
Authorization: PVEAPIToken=tf@pam!terraform_token_id=0b313fa7-e5ef-451a-92c6-d30e11e4e84a
Content-Type: application/x-www-form-urlencoded
Accept-Encoding: gzip

delete=1&disk=scsi0&format=qcow2&storage=vms
2024/11/09 19:33:42 <<<<<<<<<< RESULT:
HTTP/1.1 200 OK
Connection: close
Content-Length: 86
Cache-Control: max-age=0
Content-Type: application/json;charset=UTF-8
Date: Sat, 09 Nov 2024 19:33:42 GMT
Expires: Sat, 09 Nov 2024 19:33:42 GMT
Pragma: no-cache
Server: pve-api-daemon/3.0

{"data":"UPID:host1:001B583A:19540E48:672FB916:qmmove:100:tf@pam!terraform_token_id:"}
2024/11/09 19:33:42 >>>>>>>>>> REQUEST:
GET /api2/json/nodes/host1/tasks/UPID:host1:001B583A:19540E48:672FB916:qmmove:100:tf@pam!terraform_token_id:/status HTTP/1.1
Host: 192.168.1.131:8006
User-Agent: Go-http-client/1.1
Accept: application/json
Authorization: PVEAPIToken=tf@pam!terraform_token_id=0b313fa7-e5ef-451a-92c6-d30e11e4e84a
Accept-Encoding: gzip

2024/11/09 19:33:42 <<<<<<<<<< RESULT:
HTTP/1.1 200 OK
Connection: close
Content-Length: 259
Cache-Control: max-age=0
Content-Type: application/json;charset=UTF-8
Date: Sat, 09 Nov 2024 19:33:42 GMT
Expires: Sat, 09 Nov 2024 19:33:42 GMT
Pragma: no-cache
Server: pve-api-daemon/3.0

{"data":{"user":"tf@pam","type":"qmmove","starttime":1731180822,"pstart":424939080,"pid":1792058,"node":"host1","status":"running","id":"100","upid":"UPID:host1:001B583A:19540E48:672FB916:qmmove:100:tf@pam!terraform_token_id:","tokenid":"terraform_token_id"}}
2024/11/09 19:33:44 >>>>>>>>>> REQUEST:
GET /api2/json/nodes/host1/tasks/UPID:host1:001B583A:19540E48:672FB916:qmmove:100:tf@pam!terraform_token_id:/status HTTP/1.1
Host: 192.168.1.131:8006
User-Agent: Go-http-client/1.1
Accept: application/json
Authorization: PVEAPIToken=tf@pam!terraform_token_id=0b313fa7-e5ef-451a-92c6-d30e11e4e84a
Accept-Encoding: gzip

2024/11/09 19:33:44 <<<<<<<<<< RESULT:
HTTP/1.1 200 OK
Content-Length: 277
Cache-Control: max-age=0
Connection: Keep-Alive
Connection: Keep-Alive
Content-Type: application/json;charset=UTF-8
Date: Sat, 09 Nov 2024 19:33:44 GMT
Expires: Sat, 09 Nov 2024 19:33:44 GMT
Pragma: no-cache
Server: pve-api-daemon/3.0

{"data":{"type":"qmmove","user":"tf@pam","exitstatus":"OK","status":"stopped","id":"100","starttime":1731180822,"pid":1792058,"pstart":424939080,"node":"host1","upid":"UPID:host1:001B583A:19540E48:672FB916:qmmove:100:tf@pam!terraform_token_id:","tokenid":"terraform_token_id"}}
2024/11/09 19:33:44 >>>>>>>>>> REQUEST:
PUT /api2/json/nodes/host1/qemu/100/resize HTTP/1.1
Host: 192.168.1.131:8006
User-Agent: Go-http-client/1.1
Content-Length: 25
Accept: application/json
Authorization: PVEAPIToken=tf@pam!terraform_token_id=0b313fa7-e5ef-451a-92c6-d30e11e4e84a
Content-Type: application/x-www-form-urlencoded
Accept-Encoding: gzip

disk=scsi0&size=10485760K
2024/11/09 19:33:44 <<<<<<<<<< RESULT:
HTTP/1.1 200 OK
Content-Length: 86
Cache-Control: max-age=0
Connection: Keep-Alive
Connection: Keep-Alive
Content-Type: application/json;charset=UTF-8
Date: Sat, 09 Nov 2024 19:33:45 GMT
Expires: Sat, 09 Nov 2024 19:33:45 GMT
Pragma: no-cache
Server: pve-api-daemon/3.0

{"data":"UPID:host1:001B585A:19540F23:672FB919:resize:100:tf@pam!terraform_token_id:"}
2024/11/09 19:33:44 >>>>>>>>>> REQUEST:
GET /api2/json/nodes/host1/tasks/UPID:host1:001B585A:19540F23:672FB919:resize:100:tf@pam!terraform_token_id:/status HTTP/1.1
Host: 192.168.1.131:8006
User-Agent: Go-http-client/1.1
Accept: application/json
Authorization: PVEAPIToken=tf@pam!terraform_token_id=0b313fa7-e5ef-451a-92c6-d30e11e4e84a
Accept-Encoding: gzip

2024/11/09 19:33:45 <<<<<<<<<< RESULT:
HTTP/1.1 200 OK
Content-Length: 259
Cache-Control: max-age=0
Connection: Keep-Alive
Connection: Keep-Alive
Content-Type: application/json;charset=UTF-8
Date: Sat, 09 Nov 2024 19:33:45 GMT
Expires: Sat, 09 Nov 2024 19:33:45 GMT
Pragma: no-cache
Server: pve-api-daemon/3.0

{"data":{"id":"100","status":"running","tokenid":"terraform_token_id","upid":"UPID:host1:001B585A:19540F23:672FB919:resize:100:tf@pam!terraform_token_id:","node":"host1","pstart":424939299,"pid":1792090,"type":"resize","user":"tf@pam","starttime":1731180825}}
2024/11/09 19:33:47 >>>>>>>>>> REQUEST:
GET /api2/json/nodes/host1/tasks/UPID:host1:001B585A:19540F23:672FB919:resize:100:tf@pam!terraform_token_id:/status HTTP/1.1
Host: 192.168.1.131:8006
User-Agent: Go-http-client/1.1
Accept: application/json
Authorization: PVEAPIToken=tf@pam!terraform_token_id=0b313fa7-e5ef-451a-92c6-d30e11e4e84a
Accept-Encoding: gzip

2024/11/09 19:33:47 <<<<<<<<<< RESULT:
HTTP/1.1 200 OK
Content-Length: 277
Cache-Control: max-age=0
Connection: Keep-Alive
Connection: Keep-Alive
Content-Type: application/json;charset=UTF-8
Date: Sat, 09 Nov 2024 19:33:47 GMT
Expires: Sat, 09 Nov 2024 19:33:47 GMT
Pragma: no-cache
Server: pve-api-daemon/3.0

{"data":{"pid":1792090,"pstart":424939299,"starttime":1731180825,"upid":"UPID:host1:001B585A:19540F23:672FB919:resize:100:tf@pam!terraform_token_id:","tokenid":"terraform_token_id","node":"host1","user":"tf@pam","type":"resize","exitstatus":"OK","status":"stopped","id":"100"}}
2024/11/09 19:33:47 >>>>>>>>>> REQUEST:
GET /api2/json/nodes/host1/qemu/100/config HTTP/1.1
Host: 192.168.1.131:8006
User-Agent: Go-http-client/1.1
Accept: application/json
Authorization: PVEAPIToken=tf@pam!terraform_token_id=0b313fa7-e5ef-451a-92c6-d30e11e4e84a
Accept-Encoding: gzip

2024/11/09 19:33:47 <<<<<<<<<< RESULT:
HTTP/1.1 200 OK
Content-Length: 484
Cache-Control: max-age=0
Connection: Keep-Alive
Content-Type: application/json;charset=UTF-8
Date: Sat, 09 Nov 2024 19:33:47 GMT
Expires: Sat, 09 Nov 2024 19:33:47 GMT
Pragma: no-cache
Server: pve-api-daemon/3.0

{"data":{"bootdisk":"scsi0","net0":"virtio=96:39:42:1D:71:94,bridge=vmbr0","scsi0":"vms:100/vm-100-disk-1.qcow2,size=10G","vmgenid":"4a7e82d7-b748-4500-98ee-f89251c23299","memory":2048,"smbios1":"uuid=407cfe49-658e-477b-af41-3dfca788374f","scsihw":"virtio-scsi-pci","cores":2,"name":"postgres","digest":"53f95883da23ffd2e6e333722d4e82ef0f9974ce","ide2":"vms:100/vm-100-cloudinit.qcow2,media=cdrom,size=4M","boot":"c","meta":"creation-qemu=8.0.2,ctime=1731179948","agent":"enabled=1"}}
2024/11/09 19:33:47 >>>>>>>>>> REQUEST:
GET /api2/json/cluster/resources?type=vm HTTP/1.1
Host: 192.168.1.131:8006
User-Agent: Go-http-client/1.1
Accept: application/json
Authorization: PVEAPIToken=tf@pam!terraform_token_id=0b313fa7-e5ef-451a-92c6-d30e11e4e84a
Accept-Encoding: gzip

2024/11/09 19:33:47 <<<<<<<<<< RESULT:
HTTP/1.1 200 OK
Content-Length: 522
Cache-Control: max-age=0
Connection: Keep-Alive
Content-Type: application/json;charset=UTF-8
Date: Sat, 09 Nov 2024 19:33:47 GMT
Expires: Sat, 09 Nov 2024 19:33:47 GMT
Pragma: no-cache
Server: pve-api-daemon/3.0

{"data":[{"netin":0,"maxcpu":2,"maxdisk":3758096384,"maxmem":2147483648,"template":0,"node":"host1","diskread":0,"cpu":0,"disk":0,"name":"postgres","uptime":0,"diskwrite":0,"type":"qemu","mem":0,"netout":0,"vmid":100,"status":"stopped","id":"qemu/100"},{"node":"host1","cpu":0,"diskread":0,"disk":0,"name":"ubuntu-2404-cloudinit-template","uptime":0,"type":"qemu","diskwrite":0,"mem":0,"status":"stopped","id":"qemu/9000","netout":0,"vmid":9000,"maxdisk":3758096384,"netin":0,"maxcpu":2,"maxmem":2147483648,"template":1}]}
2024/11/09 19:33:47 >>>>>>>>>> REQUEST:
GET /api2/json/cluster/ha/resources/100 HTTP/1.1
Host: 192.168.1.131:8006
User-Agent: Go-http-client/1.1
Accept: application/json
Authorization: PVEAPIToken=tf@pam!terraform_token_id=0b313fa7-e5ef-451a-92c6-d30e11e4e84a
Accept-Encoding: gzip

2024/11/09 19:33:47 <<<<<<<<<< RESULT:
HTTP/1.1 500 no such resource 'vm:100'
Connection: close
Content-Length: 13
Cache-Control: max-age=0
Content-Type: application/json;charset=UTF-8
Date: Sat, 09 Nov 2024 19:33:47 GMT
Expires: Sat, 09 Nov 2024 19:33:47 GMT
Pragma: no-cache
Server: pve-api-daemon/3.0

{"data":null}
2024/11/09 19:33:47 >>>>>>>>>> REQUEST:
PUT /api2/json/nodes/host1/qemu/100/config HTTP/1.1
Host: 192.168.1.131:8006
User-Agent: Go-http-client/1.1
Content-Length: 687
Accept: application/json
Authorization: PVEAPIToken=tf@pam!terraform_token_id=0b313fa7-e5ef-451a-92c6-d30e11e4e84a
Content-Type: application/x-www-form-urlencoded
Accept-Encoding: gzip

agent=1&balloon=0&bios=seabios&cicustom=&cipassword=&ciupgrade=0&cores=1&cpu=host&delete=ide2%2Cshares&hotplug=network%2Cdisk%2Cusb&ipconfig0=ip%3D192.168.1.202%2F24%2Cgw%3D192.168.1.1&kvm=1&memory=4096&name=postgres&net0=virtio%3D9E%3A27%3A08%3ACC%3AF2%3A85%2Cbridge%3Dvmbr0&numa=0&onboot=1&protection=0&scsi0=vms%3A100%2Fvm-100-disk-1.qcow2%2Creplicate%3D0&scsihw=virtio-scsi-pci&sockets=1&sshkeys=%2520ssh-ed25519%2520AAAAC3NzaC1lZDI1NTE5AAAAIOLiEeOqR0KLdVZ64p94nk2fSno1jyminStrv2OPVcd2%2520code%2540paultibbetts.uk%250Assh-ed25519%2520AAAAC3NzaC1lZDI1NTE5AAAAIPfx70ArvHPF%252B9U3GgKgNEAWkXSyZMun83sn9582Pl4e%2520code%2540paultibbetts.uk%250A%250A%250A&tablet=1&tags=database&vmid=100
2024/11/09 19:33:47 <<<<<<<<<< RESULT:
HTTP/1.1 500 only root can set 'ciupgrade' config
Connection: close
Content-Length: 13
Cache-Control: max-age=0
Content-Type: application/json;charset=UTF-8
Date: Sat, 09 Nov 2024 19:33:47 GMT
Expires: Sat, 09 Nov 2024 19:33:47 GMT
Pragma: no-cache
Server: pve-api-daemon/3.0

{"data":null}
[90mSat, 09 Nov 2024 19:43:20 +0000[0m [32mINF[0m [1mgithub.com/Telmate/terraform-provider-proxmox/v2/proxmox/util.go:158[0m[36m >[0m [1mEnabling the capture of log-library logs as ithe _capturelog flag was detected[0m
[90mSat, 09 Nov 2024 19:43:20 +0000[0m [32mINF[0m [1mgithub.com/Telmate/terraform-provider-proxmox/v2/proxmox/util.go:191[0m[36m >[0m [1mLogging Started. Root Logger Set to level debug[0m
[90mSat, 09 Nov 2024 19:43:20 +0000[0m [32mINF[0m [1mgithub.com/Telmate/terraform-provider-proxmox/v2/proxmox/resource_vm_qemu.go:1432[0m[36m >[0m [1mReading configuration for vmid[0m [36mloggerName=[0mresource_vm_read [36mvmid=[0m100
2024/11/09 19:43:20 >>>>>>>>>> REQUEST:
GET /api2/json/cluster/resources?type=vm HTTP/1.1
Host: 192.168.1.131:8006
User-Agent: Go-http-client/1.1
Accept: application/json
Authorization: PVEAPIToken=root@pam!terraform=dba20ece-0d5e-4bb1-ba59-456e7d36738f
Accept-Encoding: gzip

2024/11/09 19:43:20 <<<<<<<<<< RESULT:
HTTP/1.1 200 OK
Content-Length: 523
Cache-Control: max-age=0
Connection: Keep-Alive
Content-Type: application/json;charset=UTF-8
Date: Sat, 09 Nov 2024 19:43:20 GMT
Expires: Sat, 09 Nov 2024 19:43:20 GMT
Pragma: no-cache
Server: pve-api-daemon/3.0

{"data":[{"diskwrite":0,"type":"qemu","mem":0,"uptime":0,"vmid":100,"netout":0,"id":"qemu/100","status":"stopped","cpu":0,"diskread":0,"node":"host1","name":"postgres","disk":0,"template":0,"maxcpu":2,"netin":0,"maxdisk":10737418240,"maxmem":2147483648},{"maxmem":2147483648,"maxcpu":2,"netin":0,"maxdisk":3758096384,"template":1,"disk":0,"name":"ubuntu-2404-cloudinit-template","cpu":0,"diskread":0,"node":"host1","vmid":9000,"netout":0,"id":"qemu/9000","status":"stopped","type":"qemu","diskwrite":0,"mem":0,"uptime":0}]}
2024/11/09 19:43:20 >>>>>>>>>> REQUEST:
GET /api2/json/nodes/host1/qemu/100/config HTTP/1.1
Host: 192.168.1.131:8006
User-Agent: Go-http-client/1.1
Accept: application/json
Authorization: PVEAPIToken=root@pam!terraform=dba20ece-0d5e-4bb1-ba59-456e7d36738f
Accept-Encoding: gzip

2024/11/09 19:43:20 <<<<<<<<<< RESULT:
HTTP/1.1 200 OK
Content-Length: 484
Cache-Control: max-age=0
Connection: Keep-Alive
Content-Type: application/json;charset=UTF-8
Date: Sat, 09 Nov 2024 19:43:20 GMT
Expires: Sat, 09 Nov 2024 19:43:20 GMT
Pragma: no-cache
Server: pve-api-daemon/3.0

{"data":{"memory":2048,"smbios1":"uuid=407cfe49-658e-477b-af41-3dfca788374f","scsihw":"virtio-scsi-pci","scsi0":"vms:100/vm-100-disk-1.qcow2,size=10G","vmgenid":"4a7e82d7-b748-4500-98ee-f89251c23299","net0":"virtio=96:39:42:1D:71:94,bridge=vmbr0","bootdisk":"scsi0","meta":"creation-qemu=8.0.2,ctime=1731179948","agent":"enabled=1","boot":"c","name":"postgres","digest":"53f95883da23ffd2e6e333722d4e82ef0f9974ce","ide2":"vms:100/vm-100-cloudinit.qcow2,media=cdrom,size=4M","cores":2}}
2024/11/09 19:43:20 >>>>>>>>>> REQUEST:
GET /api2/json/cluster/resources?type=vm HTTP/1.1
Host: 192.168.1.131:8006
User-Agent: Go-http-client/1.1
Accept: application/json
Authorization: PVEAPIToken=root@pam!terraform=dba20ece-0d5e-4bb1-ba59-456e7d36738f
Accept-Encoding: gzip

2024/11/09 19:43:20 <<<<<<<<<< RESULT:
HTTP/1.1 200 OK
Content-Length: 523
Cache-Control: max-age=0
Connection: Keep-Alive
Content-Type: application/json;charset=UTF-8
Date: Sat, 09 Nov 2024 19:43:20 GMT
Expires: Sat, 09 Nov 2024 19:43:20 GMT
Pragma: no-cache
Server: pve-api-daemon/3.0

{"data":[{"maxcpu":2,"netin":0,"maxdisk":10737418240,"maxmem":2147483648,"template":0,"cpu":0,"diskread":0,"node":"host1","disk":0,"name":"postgres","diskwrite":0,"type":"qemu","mem":0,"uptime":0,"vmid":100,"netout":0,"id":"qemu/100","status":"stopped"},{"name":"ubuntu-2404-cloudinit-template","disk":0,"node":"host1","cpu":0,"diskread":0,"id":"qemu/9000","status":"stopped","netout":0,"vmid":9000,"uptime":0,"type":"qemu","diskwrite":0,"mem":0,"maxmem":2147483648,"maxdisk":3758096384,"netin":0,"maxcpu":2,"template":1}]}
2024/11/09 19:43:20 >>>>>>>>>> REQUEST:
GET /api2/json/cluster/ha/resources/100 HTTP/1.1
Host: 192.168.1.131:8006
User-Agent: Go-http-client/1.1
Accept: application/json
Authorization: PVEAPIToken=root@pam!terraform=dba20ece-0d5e-4bb1-ba59-456e7d36738f
Accept-Encoding: gzip

2024/11/09 19:43:20 <<<<<<<<<< RESULT:
HTTP/1.1 500 no such resource 'vm:100'
Connection: close
Content-Length: 13
Cache-Control: max-age=0
Content-Type: application/json;charset=UTF-8
Date: Sat, 09 Nov 2024 19:43:20 GMT
Expires: Sat, 09 Nov 2024 19:43:20 GMT
Pragma: no-cache
Server: pve-api-daemon/3.0

{"data":null}
2024/11/09 19:43:20 >>>>>>>>>> REQUEST:
GET /api2/json/nodes/host1/qemu/100/status/current HTTP/1.1
Host: 192.168.1.131:8006
User-Agent: Go-http-client/1.1
Accept: application/json
Authorization: PVEAPIToken=root@pam!terraform=dba20ece-0d5e-4bb1-ba59-456e7d36738f
Accept-Encoding: gzip

2024/11/09 19:43:20 <<<<<<<<<< RESULT:
HTTP/1.1 200 OK
Content-Length: 244
Cache-Control: max-age=0
Connection: Keep-Alive
Connection: Keep-Alive
Content-Type: application/json;charset=UTF-8
Date: Sat, 09 Nov 2024 19:43:20 GMT
Expires: Sat, 09 Nov 2024 19:43:20 GMT
Pragma: no-cache
Server: pve-api-daemon/3.0

{"data":{"status":"stopped","diskread":0,"netin":0,"netout":0,"ha":{"managed":0},"mem":0,"uptime":0,"disk":0,"diskwrite":0,"qmpstatus":"stopped","cpus":2,"maxdisk":10737418240,"agent":1,"name":"postgres","cpu":0,"vmid":100,"maxmem":2147483648}}
2024/11/09 19:43:20 [DEBUG] VM status: stopped
[90mSat, 09 Nov 2024 19:43:20 +0000[0m DBG [1mgithub.com/Telmate/terraform-provider-proxmox/v2/proxmox/resource_vm_qemu.go:1500[0m[36m >[0m [READ] Received Config from Proxmox API: {"agent":{"enable":false},"bios":"seabios","boot":"c","bootdisk":"scsi0","cpu":{"cores":2},"disks":{"ide":{"2":{"cloudinit":{"format":"qcow2","storage":"vms"}}},"scsi":{"0":{"disk":{"backup":true,"bandwidth":{"mbps":{"read":{},"write":{}},"iops":{"read":{},"write":{}}},"discard":false,"emulatessd":false,"format":"qcow2","id":1,"iothread":false,"linked":null,"readonly":false,"replicate":true,"size":10485760,"storage":"vms","wwn":""}}}},"hotplug":"network,disk,usb","memory":{"capacity":2048},"name":"postgres","node":"host1","onboot":true,"pool":"","protection":false,"kvm":true,"network":{"0":{"bridge":"vmbr0","id":0,"macaddr":"96:39:42:1D:71:94","model":"virtio"}},"ostype":"other","scsihw":"virtio-scsi-pci","smbios1":"uuid=407cfe49-658e-477b-af41-3dfca788374f","tablet":true,"vmid":100} [36mloggerName=[0mresource_vm_read [36mvmid=[0m100
[90mSat, 09 Nov 2024 19:43:20 +0000[0m DBG [1mgithub.com/Telmate/terraform-provider-proxmox/v2/proxmox/resource_vm_qemu.go:1541[0m[36m >[0m key 'force_create' is set to false [36mloggerName=[0mresource_vm_read [36mvmid=[0m100
[90mSat, 09 Nov 2024 19:43:20 +0000[0m DBG [1mgithub.com/Telmate/terraform-provider-proxmox/v2/proxmox/resource_vm_qemu.go:1541[0m[36m >[0m key 'define_connection_info' is set to true [36mloggerName=[0mresource_vm_read [36mvmid=[0m100
[90mSat, 09 Nov 2024 19:43:20 +0000[0m DBG [1mgithub.com/Telmate/terraform-provider-proxmox/v2/proxmox/resource_vm_qemu.go:1555[0m[36m >[0m Hostpci Block Processed 'map[]' [36mloggerName=[0mresource_vm_read [36mvmid=[0m100
[90mSat, 09 Nov 2024 19:43:20 +0000[0m DBG [1mgithub.com/Telmate/terraform-provider-proxmox/v2/proxmox/resource_vm_qemu.go:1563[0m[36m >[0m Usb Block Processed 'map[]' [36mloggerName=[0mresource_vm_read [36mvmid=[0m100
[90mSat, 09 Nov 2024 19:43:20 +0000[0m DBG [1mgithub.com/Telmate/terraform-provider-proxmox/v2/proxmox/resource_vm_qemu.go:1570[0m[36m >[0m Unused Disk Block Processed 'map[]' [36mloggerName=[0mresource_vm_read [36mvmid=[0m100
[90mSat, 09 Nov 2024 19:43:20 +0000[0m DBG [1mgithub.com/Telmate/terraform-provider-proxmox/v2/proxmox/resource_vm_qemu.go:1584[0m[36m >[0m Analyzing Network blocks  [36mloggerName=[0mresource_vm_read [36mvmid=[0m100
[90mSat, 09 Nov 2024 19:43:20 +0000[0m DBG [1mgithub.com/Telmate/terraform-provider-proxmox/v2/proxmox/resource_vm_qemu.go:1586[0m[36m >[0m Network block received 'map[bridge:vmbr0 id:0 macaddr:96:39:42:1D:71:94 model:virtio]' [36mloggerName=[0mresource_vm_read [36mvmid=[0m100
[90mSat, 09 Nov 2024 19:43:20 +0000[0m DBG [1mgithub.com/Telmate/terraform-provider-proxmox/v2/proxmox/resource_vm_qemu.go:1617[0m[36m >[0m VM Net Config 'map[0:map[bridge:vmbr0 id:0 macaddr:96:39:42:1D:71:94 model:virtio tag:-1]]' from '[map[bridge:vmbr0 macaddr:96:39:42:1D:71:94 model:virtio tag:-1]]' set as '[map[bridge:vmbr0 firewall:false link_down:false macaddr:96:39:42:1D:71:94 model:virtio mtu:0 queues:0 rate:0 tag:-1]]' type of 'string' [36mloggerName=[0mresource_vm_read [36mvmid=[0m100
[90mSat, 09 Nov 2024 19:43:20 +0000[0m DBG [1mgithub.com/Telmate/terraform-provider-proxmox/v2/proxmox/resource_vm_qemu.go:1619[0m[36m >[0m Finished VM read resulting in data: '' [36mloggerName=[0mresource_vm_read [36mvmid=[0m100
[90mSat, 09 Nov 2024 19:43:22 +0000[0m [32mINF[0m [1mgithub.com/Telmate/terraform-provider-proxmox/v2/proxmox/util.go:158[0m[36m >[0m [1mEnabling the capture of log-library logs as ithe _capturelog flag was detected[0m
[90mSat, 09 Nov 2024 19:43:22 +0000[0m [32mINF[0m [1mgithub.com/Telmate/terraform-provider-proxmox/v2/proxmox/util.go:191[0m[36m >[0m [1mLogging Started. Root Logger Set to level debug[0m
2024/11/09 19:43:22 >>>>>>>>>> REQUEST:
GET /api2/json/cluster/resources?type=vm HTTP/1.1
Host: 192.168.1.131:8006
User-Agent: Go-http-client/1.1
Accept: application/json
Authorization: PVEAPIToken=root@pam!terraform=dba20ece-0d5e-4bb1-ba59-456e7d36738f
Accept-Encoding: gzip

2024/11/09 19:43:22 <<<<<<<<<< RESULT:
HTTP/1.1 200 OK
Content-Length: 523
Cache-Control: max-age=0
Connection: Keep-Alive
Content-Type: application/json;charset=UTF-8
Date: Sat, 09 Nov 2024 19:43:22 GMT
Expires: Sat, 09 Nov 2024 19:43:22 GMT
Pragma: no-cache
Server: pve-api-daemon/3.0

{"data":[{"template":0,"maxmem":2147483648,"netin":0,"maxcpu":2,"maxdisk":10737418240,"netout":0,"vmid":100,"id":"qemu/100","status":"stopped","uptime":0,"mem":0,"diskwrite":0,"type":"qemu","name":"postgres","disk":0,"node":"host1","diskread":0,"cpu":0},{"cpu":0,"diskread":0,"node":"host1","disk":0,"name":"ubuntu-2404-cloudinit-template","mem":0,"diskwrite":0,"type":"qemu","uptime":0,"status":"stopped","id":"qemu/9000","vmid":9000,"netout":0,"maxdisk":3758096384,"maxcpu":2,"netin":0,"maxmem":2147483648,"template":1}]}
2024/11/09 19:43:22 >>>>>>>>>> REQUEST:
GET /api2/json/nodes/host1/qemu/100/status/current HTTP/1.1
Host: 192.168.1.131:8006
User-Agent: Go-http-client/1.1
Accept: application/json
Authorization: PVEAPIToken=root@pam!terraform=dba20ece-0d5e-4bb1-ba59-456e7d36738f
Accept-Encoding: gzip

2024/11/09 19:43:22 [DEBUG] setting computed for "smbios" from ComputedKeys
2024/11/09 19:43:22 [DEBUG] setting computed for "unused_disk" from ComputedKeys
[90mSat, 09 Nov 2024 19:43:22 +0000[0m [32mINF[0m [1mgithub.com/Telmate/terraform-provider-proxmox/v2/proxmox/resource_vm_qemu.go:942[0m[36m >[0m [1mVM creation[0m [36mloggerName=[0mresource_vm_create [36mvmid=[0m
[90mSat, 09 Nov 2024 19:43:22 +0000[0m DBG [1mgithub.com/Telmate/terraform-provider-proxmox/v2/proxmox/resource_vm_qemu.go:943[0m[36m >[0m VM creation resource data: '' [36mloggerName=[0mresource_vm_create [36mvmid=[0m
2024/11/09 19:43:22 [DEBUG][QemuVmCreate] checking for duplicate name: mysql
2024/11/09 19:43:22 >>>>>>>>>> REQUEST:
GET /api2/json/cluster/resources?type=vm HTTP/1.1
Host: 192.168.1.131:8006
User-Agent: Go-http-client/1.1
Accept: application/json
Authorization: PVEAPIToken=root@pam!terraform=dba20ece-0d5e-4bb1-ba59-456e7d36738f
Accept-Encoding: gzip

2024/11/09 19:43:22 <<<<<<<<<< RESULT:
HTTP/1.1 200 OK
Content-Length: 244
Cache-Control: max-age=0
Connection: Keep-Alive
Connection: Keep-Alive
Content-Type: application/json;charset=UTF-8
Date: Sat, 09 Nov 2024 19:43:22 GMT
Expires: Sat, 09 Nov 2024 19:43:22 GMT
Pragma: no-cache
Server: pve-api-daemon/3.0

{"data":{"diskwrite":0,"disk":0,"qmpstatus":"stopped","uptime":0,"mem":0,"netin":0,"ha":{"managed":0},"netout":0,"diskread":0,"status":"stopped","maxmem":2147483648,"cpu":0,"vmid":100,"name":"postgres","agent":1,"cpus":2,"maxdisk":10737418240}}
2024/11/09 19:43:22 >>>>>>>>>> REQUEST:
DELETE /api2/json/nodes/host1/qemu/100 HTTP/1.1
Host: 192.168.1.131:8006
User-Agent: Go-http-client/1.1
Accept: application/json
Authorization: PVEAPIToken=root@pam!terraform=dba20ece-0d5e-4bb1-ba59-456e7d36738f
Accept-Encoding: gzip

2024/11/09 19:43:22 <<<<<<<<<< RESULT:
HTTP/1.1 200 OK
Content-Length: 523
Cache-Control: max-age=0
Connection: Keep-Alive
Content-Type: application/json;charset=UTF-8
Date: Sat, 09 Nov 2024 19:43:22 GMT
Expires: Sat, 09 Nov 2024 19:43:22 GMT
Pragma: no-cache
Server: pve-api-daemon/3.0

{"data":[{"type":"qemu","diskwrite":0,"mem":0,"uptime":0,"vmid":100,"netout":0,"status":"stopped","id":"qemu/100","diskread":0,"cpu":0,"node":"host1","name":"postgres","disk":0,"template":0,"maxcpu":2,"netin":0,"maxdisk":10737418240,"maxmem":2147483648},{"maxmem":2147483648,"maxcpu":2,"netin":0,"maxdisk":3758096384,"template":1,"name":"ubuntu-2404-cloudinit-template","disk":0,"diskread":0,"cpu":0,"node":"host1","vmid":9000,"netout":0,"status":"stopped","id":"qemu/9000","diskwrite":0,"mem":0,"type":"qemu","uptime":0}]}
2024/11/09 19:43:22 >>>>>>>>>> REQUEST:
GET /api2/json/cluster/nextid HTTP/1.1
Host: 192.168.1.131:8006
User-Agent: Go-http-client/1.1
Accept: application/json
Authorization: PVEAPIToken=root@pam!terraform=dba20ece-0d5e-4bb1-ba59-456e7d36738f
Accept-Encoding: gzip

2024/11/09 19:43:22 <<<<<<<<<< RESULT:
HTTP/1.1 200 OK
Content-Length: 82
Cache-Control: max-age=0
Connection: Keep-Alive
Connection: Keep-Alive
Content-Type: application/json;charset=UTF-8
Date: Sat, 09 Nov 2024 19:43:22 GMT
Expires: Sat, 09 Nov 2024 19:43:22 GMT
Pragma: no-cache
Server: pve-api-daemon/3.0

{"data":"UPID:host1:001B5E92:1954F09D:672FBB5A:qmdestroy:100:root@pam!terraform:"}
2024/11/09 19:43:22 >>>>>>>>>> REQUEST:
GET /api2/json/nodes/host1/tasks/UPID:host1:001B5E92:1954F09D:672FBB5A:qmdestroy:100:root@pam!terraform:/status HTTP/1.1
Host: 192.168.1.131:8006
User-Agent: Go-http-client/1.1
Accept: application/json
Authorization: PVEAPIToken=root@pam!terraform=dba20ece-0d5e-4bb1-ba59-456e7d36738f
Accept-Encoding: gzip

2024/11/09 19:43:22 <<<<<<<<<< RESULT:
HTTP/1.1 200 OK
Content-Length: 14
Cache-Control: max-age=0
Connection: Keep-Alive
Content-Type: application/json;charset=UTF-8
Date: Sat, 09 Nov 2024 19:43:22 GMT
Expires: Sat, 09 Nov 2024 19:43:22 GMT
Pragma: no-cache
Server: pve-api-daemon/3.0

{"data":"101"}
2024/11/09 19:43:22 >>>>>>>>>> REQUEST:
GET /api2/json/cluster/resources?type=vm HTTP/1.1
Host: 192.168.1.131:8006
User-Agent: Go-http-client/1.1
Accept: application/json
Authorization: PVEAPIToken=root@pam!terraform=dba20ece-0d5e-4bb1-ba59-456e7d36738f
Accept-Encoding: gzip

2024/11/09 19:43:22 <<<<<<<<<< RESULT:
HTTP/1.1 200 OK
Content-Length: 251
Cache-Control: max-age=0
Connection: Keep-Alive
Connection: Keep-Alive
Content-Type: application/json;charset=UTF-8
Date: Sat, 09 Nov 2024 19:43:22 GMT
Expires: Sat, 09 Nov 2024 19:43:22 GMT
Pragma: no-cache
Server: pve-api-daemon/3.0

{"data":{"starttime":1731181402,"user":"root@pam","type":"qmdestroy","pid":1793682,"pstart":424997021,"node":"host1","tokenid":"terraform","upid":"UPID:host1:001B5E92:1954F09D:672FBB5A:qmdestroy:100:root@pam!terraform:","id":"100","status":"running"}}
2024/11/09 19:43:22 <<<<<<<<<< RESULT:
HTTP/1.1 200 OK
Content-Length: 523
Cache-Control: max-age=0
Connection: Keep-Alive
Content-Type: application/json;charset=UTF-8
Date: Sat, 09 Nov 2024 19:43:22 GMT
Expires: Sat, 09 Nov 2024 19:43:22 GMT
Pragma: no-cache
Server: pve-api-daemon/3.0

{"data":[{"template":0,"maxmem":2147483648,"maxdisk":10737418240,"maxcpu":2,"netin":0,"id":"qemu/100","status":"stopped","vmid":100,"netout":0,"diskwrite":0,"type":"qemu","mem":0,"uptime":0,"name":"postgres","disk":0,"cpu":0,"diskread":0,"node":"host1"},{"template":1,"maxmem":2147483648,"netin":0,"maxcpu":2,"maxdisk":3758096384,"netout":0,"vmid":9000,"id":"qemu/9000","status":"stopped","uptime":0,"diskwrite":0,"mem":0,"type":"qemu","name":"ubuntu-2404-cloudinit-template","disk":0,"node":"host1","cpu":0,"diskread":0}]}
2024/11/09 19:43:22 [DEBUG][QemuVmCreate] cloning VM
[90mSat, 09 Nov 2024 19:43:22 +0000[0m DBG [1mgithub.com/Telmate/terraform-provider-proxmox/v2/proxmox/resource_vm_qemu.go:1079[0m[36m >[0m Cloning VM [36mloggerName=[0mresource_vm_create [36mvmid=[0m
2024/11/09 19:43:22 >>>>>>>>>> REQUEST:
POST /api2/json/nodes/host1/qemu/9000/clone HTTP/1.1
Host: 192.168.1.131:8006
User-Agent: Go-http-client/1.1
Content-Length: 40
Accept: application/json
Authorization: PVEAPIToken=root@pam!terraform=dba20ece-0d5e-4bb1-ba59-456e7d36738f
Content-Type: application/x-www-form-urlencoded
Accept-Encoding: gzip

full=1&name=mysql&newid=101&target=host1
2024/11/09 19:43:22 <<<<<<<<<< RESULT:
HTTP/1.1 200 OK
Connection: close
Content-Length: 81
Cache-Control: max-age=0
Content-Type: application/json;charset=UTF-8
Date: Sat, 09 Nov 2024 19:43:22 GMT
Expires: Sat, 09 Nov 2024 19:43:22 GMT
Pragma: no-cache
Server: pve-api-daemon/3.0

{"data":"UPID:host1:001B5E95:1954F0A7:672FBB5A:qmclone:9000:root@pam!terraform:"}
2024/11/09 19:43:22 >>>>>>>>>> REQUEST:
GET /api2/json/nodes/host1/tasks/UPID:host1:001B5E95:1954F0A7:672FBB5A:qmclone:9000:root@pam!terraform:/status HTTP/1.1
Host: 192.168.1.131:8006
User-Agent: Go-http-client/1.1
Accept: application/json
Authorization: PVEAPIToken=root@pam!terraform=dba20ece-0d5e-4bb1-ba59-456e7d36738f
Accept-Encoding: gzip

2024/11/09 19:43:22 <<<<<<<<<< RESULT:
HTTP/1.1 200 OK
Content-Length: 249
Cache-Control: max-age=0
Connection: Keep-Alive
Connection: Keep-Alive
Content-Type: application/json;charset=UTF-8
Date: Sat, 09 Nov 2024 19:43:22 GMT
Expires: Sat, 09 Nov 2024 19:43:22 GMT
Pragma: no-cache
Server: pve-api-daemon/3.0

{"data":{"status":"running","id":"9000","upid":"UPID:host1:001B5E95:1954F0A7:672FBB5A:qmclone:9000:root@pam!terraform:","tokenid":"terraform","node":"host1","pstart":424997031,"pid":1793685,"user":"root@pam","type":"qmclone","starttime":1731181402}}
2024/11/09 19:43:24 >>>>>>>>>> REQUEST:
GET /api2/json/nodes/host1/tasks/UPID:host1:001B5E92:1954F09D:672FBB5A:qmdestroy:100:root@pam!terraform:/status HTTP/1.1
Host: 192.168.1.131:8006
User-Agent: Go-http-client/1.1
Accept: application/json
Authorization: PVEAPIToken=root@pam!terraform=dba20ece-0d5e-4bb1-ba59-456e7d36738f
Accept-Encoding: gzip

2024/11/09 19:43:24 <<<<<<<<<< RESULT:
HTTP/1.1 200 OK
Content-Length: 269
Cache-Control: max-age=0
Connection: Keep-Alive
Connection: Keep-Alive
Content-Type: application/json;charset=UTF-8
Date: Sat, 09 Nov 2024 19:43:24 GMT
Expires: Sat, 09 Nov 2024 19:43:24 GMT
Pragma: no-cache
Server: pve-api-daemon/3.0

{"data":{"node":"host1","upid":"UPID:host1:001B5E92:1954F09D:672FBB5A:qmdestroy:100:root@pam!terraform:","tokenid":"terraform","starttime":1731181402,"pid":1793682,"pstart":424997021,"exitstatus":"OK","status":"stopped","id":"100","type":"qmdestroy","user":"root@pam"}}
2024/11/09 19:43:24 >>>>>>>>>> REQUEST:
GET /api2/json/nodes/host1/tasks/UPID:host1:001B5E95:1954F0A7:672FBB5A:qmclone:9000:root@pam!terraform:/status HTTP/1.1
Host: 192.168.1.131:8006
User-Agent: Go-http-client/1.1
Accept: application/json
Authorization: PVEAPIToken=root@pam!terraform=dba20ece-0d5e-4bb1-ba59-456e7d36738f
Accept-Encoding: gzip

2024/11/09 19:43:24 <<<<<<<<<< RESULT:
HTTP/1.1 200 OK
Content-Length: 267
Cache-Control: max-age=0
Connection: Keep-Alive
Connection: Keep-Alive
Content-Type: application/json;charset=UTF-8
Date: Sat, 09 Nov 2024 19:43:24 GMT
Expires: Sat, 09 Nov 2024 19:43:24 GMT
Pragma: no-cache
Server: pve-api-daemon/3.0

{"data":{"user":"root@pam","type":"qmclone","exitstatus":"OK","id":"9000","status":"stopped","starttime":1731181402,"pid":1793685,"pstart":424997031,"node":"host1","tokenid":"terraform","upid":"UPID:host1:001B5E95:1954F0A7:672FBB5A:qmclone:9000:root@pam!terraform:"}}
2024/11/09 19:43:24 [DEBUG] setting computed for "smbios" from ComputedKeys
2024/11/09 19:43:24 [DEBUG] setting computed for "unused_disk" from ComputedKeys
[90mSat, 09 Nov 2024 19:43:24 +0000[0m [32mINF[0m [1mgithub.com/Telmate/terraform-provider-proxmox/v2/proxmox/resource_vm_qemu.go:942[0m[36m >[0m [1mVM creation[0m [36mloggerName=[0mresource_vm_create [36mvmid=[0m
[90mSat, 09 Nov 2024 19:43:24 +0000[0m DBG [1mgithub.com/Telmate/terraform-provider-proxmox/v2/proxmox/resource_vm_qemu.go:943[0m[36m >[0m VM creation resource data: '' [36mloggerName=[0mresource_vm_create [36mvmid=[0m
2024/11/09 19:43:24 [DEBUG][QemuVmCreate] checking for duplicate name: postgres
2024/11/09 19:43:24 >>>>>>>>>> REQUEST:
GET /api2/json/cluster/resources?type=vm HTTP/1.1
Host: 192.168.1.131:8006
User-Agent: Go-http-client/1.1
Accept: application/json
Authorization: PVEAPIToken=root@pam!terraform=dba20ece-0d5e-4bb1-ba59-456e7d36738f
Accept-Encoding: gzip

2024/11/09 19:43:24 <<<<<<<<<< RESULT:
HTTP/1.1 200 OK
Content-Length: 355
Cache-Control: max-age=0
Connection: Keep-Alive
Content-Type: application/json;charset=UTF-8
Date: Sat, 09 Nov 2024 19:43:24 GMT
Expires: Sat, 09 Nov 2024 19:43:24 GMT
Pragma: no-cache
Server: pve-api-daemon/3.0

{"data":[{"node":"host1","type":"qemu","id":"qemu/101","status":"unknown","vmid":101},{"node":"host1","diskread":0,"cpu":0,"disk":0,"name":"ubuntu-2404-cloudinit-template","uptime":0,"type":"qemu","diskwrite":0,"mem":0,"id":"qemu/9000","status":"stopped","netout":0,"vmid":9000,"maxdisk":3758096384,"netin":0,"maxcpu":2,"maxmem":2147483648,"template":1}]}
2024/11/09 19:43:24 >>>>>>>>>> REQUEST:
GET /api2/json/cluster/nextid HTTP/1.1
Host: 192.168.1.131:8006
User-Agent: Go-http-client/1.1
Accept: application/json
Authorization: PVEAPIToken=root@pam!terraform=dba20ece-0d5e-4bb1-ba59-456e7d36738f
Accept-Encoding: gzip

2024/11/09 19:43:24 <<<<<<<<<< RESULT:
HTTP/1.1 200 OK
Content-Length: 14
Cache-Control: max-age=0
Connection: Keep-Alive
Content-Type: application/json;charset=UTF-8
Date: Sat, 09 Nov 2024 19:43:24 GMT
Expires: Sat, 09 Nov 2024 19:43:24 GMT
Pragma: no-cache
Server: pve-api-daemon/3.0

{"data":"100"}
2024/11/09 19:43:24 >>>>>>>>>> REQUEST:
GET /api2/json/cluster/resources?type=vm HTTP/1.1
Host: 192.168.1.131:8006
User-Agent: Go-http-client/1.1
Accept: application/json
Authorization: PVEAPIToken=root@pam!terraform=dba20ece-0d5e-4bb1-ba59-456e7d36738f
Accept-Encoding: gzip

2024/11/09 19:43:24 <<<<<<<<<< RESULT:
HTTP/1.1 200 OK
Content-Length: 355
Cache-Control: max-age=0
Connection: Keep-Alive
Content-Type: application/json;charset=UTF-8
Date: Sat, 09 Nov 2024 19:43:24 GMT
Expires: Sat, 09 Nov 2024 19:43:24 GMT
Pragma: no-cache
Server: pve-api-daemon/3.0

{"data":[{"status":"unknown","id":"qemu/101","vmid":101,"node":"host1","type":"qemu"},{"id":"qemu/9000","status":"stopped","netout":0,"vmid":9000,"uptime":0,"mem":0,"diskwrite":0,"type":"qemu","disk":0,"name":"ubuntu-2404-cloudinit-template","node":"host1","cpu":0,"diskread":0,"template":1,"maxmem":2147483648,"maxdisk":3758096384,"netin":0,"maxcpu":2}]}
2024/11/09 19:43:24 [DEBUG][QemuVmCreate] cloning VM
[90mSat, 09 Nov 2024 19:43:24 +0000[0m DBG [1mgithub.com/Telmate/terraform-provider-proxmox/v2/proxmox/resource_vm_qemu.go:1079[0m[36m >[0m Cloning VM [36mloggerName=[0mresource_vm_create [36mvmid=[0m
2024/11/09 19:43:24 >>>>>>>>>> REQUEST:
POST /api2/json/nodes/host1/qemu/9000/clone HTTP/1.1
Host: 192.168.1.131:8006
User-Agent: Go-http-client/1.1
Content-Length: 43
Accept: application/json
Authorization: PVEAPIToken=root@pam!terraform=dba20ece-0d5e-4bb1-ba59-456e7d36738f
Content-Type: application/x-www-form-urlencoded
Accept-Encoding: gzip

full=1&name=postgres&newid=100&target=host1
2024/11/09 19:43:24 <<<<<<<<<< RESULT:
HTTP/1.1 200 OK
Connection: close
Content-Length: 81
Cache-Control: max-age=0
Content-Type: application/json;charset=UTF-8
Date: Sat, 09 Nov 2024 19:43:24 GMT
Expires: Sat, 09 Nov 2024 19:43:24 GMT
Pragma: no-cache
Server: pve-api-daemon/3.0

{"data":"UPID:host1:001B5EBA:1954F197:672FBB5C:qmclone:9000:root@pam!terraform:"}
2024/11/09 19:43:24 >>>>>>>>>> REQUEST:
GET /api2/json/nodes/host1/tasks/UPID:host1:001B5EBA:1954F197:672FBB5C:qmclone:9000:root@pam!terraform:/status HTTP/1.1
Host: 192.168.1.131:8006
User-Agent: Go-http-client/1.1
Accept: application/json
Authorization: PVEAPIToken=root@pam!terraform=dba20ece-0d5e-4bb1-ba59-456e7d36738f
Accept-Encoding: gzip

2024/11/09 19:43:24 <<<<<<<<<< RESULT:
HTTP/1.1 200 OK
Content-Length: 249
Cache-Control: max-age=0
Connection: Keep-Alive
Connection: Keep-Alive
Content-Type: application/json;charset=UTF-8
Date: Sat, 09 Nov 2024 19:43:24 GMT
Expires: Sat, 09 Nov 2024 19:43:24 GMT
Pragma: no-cache
Server: pve-api-daemon/3.0

{"data":{"upid":"UPID:host1:001B5EBA:1954F197:672FBB5C:qmclone:9000:root@pam!terraform:","tokenid":"terraform","status":"running","id":"9000","node":"host1","pid":1793722,"pstart":424997271,"starttime":1731181404,"type":"qmclone","user":"root@pam"}}
2024/11/09 19:43:26 >>>>>>>>>> REQUEST:
GET /api2/json/nodes/host1/tasks/UPID:host1:001B5EBA:1954F197:672FBB5C:qmclone:9000:root@pam!terraform:/status HTTP/1.1
Host: 192.168.1.131:8006
User-Agent: Go-http-client/1.1
Accept: application/json
Authorization: PVEAPIToken=root@pam!terraform=dba20ece-0d5e-4bb1-ba59-456e7d36738f
Accept-Encoding: gzip

2024/11/09 19:43:26 <<<<<<<<<< RESULT:
HTTP/1.1 200 OK
Content-Length: 267
Cache-Control: max-age=0
Connection: Keep-Alive
Connection: Keep-Alive
Content-Type: application/json;charset=UTF-8
Date: Sat, 09 Nov 2024 19:43:26 GMT
Expires: Sat, 09 Nov 2024 19:43:26 GMT
Pragma: no-cache
Server: pve-api-daemon/3.0

{"data":{"node":"host1","upid":"UPID:host1:001B5EBA:1954F197:672FBB5C:qmclone:9000:root@pam!terraform:","tokenid":"terraform","starttime":1731181404,"pstart":424997271,"pid":1793722,"status":"stopped","id":"9000","exitstatus":"OK","type":"qmclone","user":"root@pam"}}
2024/11/09 19:43:34 [DEBUG][QemuVmCreate] update VM after clone
2024/11/09 19:43:34 >>>>>>>>>> REQUEST:
GET /api2/json/nodes/host1/qemu/101/config HTTP/1.1
Host: 192.168.1.131:8006
User-Agent: Go-http-client/1.1
Accept: application/json
Authorization: PVEAPIToken=root@pam!terraform=dba20ece-0d5e-4bb1-ba59-456e7d36738f
Accept-Encoding: gzip

2024/11/09 19:43:34 <<<<<<<<<< RESULT:
HTTP/1.1 200 OK
Content-Length: 481
Cache-Control: max-age=0
Connection: Keep-Alive
Content-Type: application/json;charset=UTF-8
Date: Sat, 09 Nov 2024 19:43:34 GMT
Expires: Sat, 09 Nov 2024 19:43:34 GMT
Pragma: no-cache
Server: pve-api-daemon/3.0

{"data":{"vmgenid":"849d1a43-54b1-4fd7-948e-8f17d8baefc6","scsi0":"vms:101/vm-101-disk-0.raw,size=3584M","scsihw":"virtio-scsi-pci","memory":2048,"smbios1":"uuid=2dd875fb-8b16-4096-a74c-b3357b5d3a16","bootdisk":"scsi0","net0":"virtio=E6:D8:F5:83:FC:11,bridge=vmbr0","boot":"c","meta":"creation-qemu=8.0.2,ctime=1731179948","agent":"enabled=1","cores":2,"ide2":"vms:101/vm-101-cloudinit.qcow2,media=cdrom,size=4M","name":"mysql","digest":"0ac436ee8ddcf490c3b80d86ff70ca0c5066b831"}}
2024/11/09 19:43:34 >>>>>>>>>> REQUEST:
GET /api2/json/cluster/resources?type=vm HTTP/1.1
Host: 192.168.1.131:8006
User-Agent: Go-http-client/1.1
Accept: application/json
Authorization: PVEAPIToken=root@pam!terraform=dba20ece-0d5e-4bb1-ba59-456e7d36738f
Accept-Encoding: gzip

2024/11/09 19:43:34 <<<<<<<<<< RESULT:
HTTP/1.1 200 OK
Content-Length: 763
Cache-Control: max-age=0
Connection: Keep-Alive
Content-Type: application/json;charset=UTF-8
Date: Sat, 09 Nov 2024 19:43:34 GMT
Expires: Sat, 09 Nov 2024 19:43:34 GMT
Pragma: no-cache
Server: pve-api-daemon/3.0

{"data":[{"netin":0,"maxcpu":2,"maxdisk":3758096384,"maxmem":2147483648,"template":0,"node":"host1","cpu":0,"diskread":0,"disk":0,"name":"postgres","uptime":0,"type":"qemu","diskwrite":0,"mem":0,"netout":0,"vmid":100,"status":"stopped","id":"qemu/100"},{"template":0,"maxmem":2147483648,"maxdisk":3758096384,"netin":0,"maxcpu":2,"status":"stopped","id":"qemu/101","netout":0,"vmid":101,"uptime":0,"mem":0,"diskwrite":0,"type":"qemu","name":"mysql","disk":0,"node":"host1","diskread":0,"cpu":0},{"disk":0,"name":"ubuntu-2404-cloudinit-template","node":"host1","diskread":0,"cpu":0,"id":"qemu/9000","status":"stopped","netout":0,"vmid":9000,"uptime":0,"type":"qemu","diskwrite":0,"mem":0,"maxmem":2147483648,"maxdisk":3758096384,"netin":0,"maxcpu":2,"template":1}]}
2024/11/09 19:43:34 >>>>>>>>>> REQUEST:
GET /api2/json/cluster/ha/resources/101 HTTP/1.1
Host: 192.168.1.131:8006
User-Agent: Go-http-client/1.1
Accept: application/json
Authorization: PVEAPIToken=root@pam!terraform=dba20ece-0d5e-4bb1-ba59-456e7d36738f
Accept-Encoding: gzip

2024/11/09 19:43:34 <<<<<<<<<< RESULT:
HTTP/1.1 500 no such resource 'vm:101'
Connection: close
Content-Length: 13
Cache-Control: max-age=0
Content-Type: application/json;charset=UTF-8
Date: Sat, 09 Nov 2024 19:43:34 GMT
Expires: Sat, 09 Nov 2024 19:43:34 GMT
Pragma: no-cache
Server: pve-api-daemon/3.0

{"data":null}
2024/11/09 19:43:34 >>>>>>>>>> REQUEST:
GET /api2/json/version HTTP/1.1
Host: 192.168.1.131:8006
User-Agent: Go-http-client/1.1
Accept: application/json
Authorization: PVEAPIToken=root@pam!terraform=dba20ece-0d5e-4bb1-ba59-456e7d36738f
Accept-Encoding: gzip

2024/11/09 19:43:34 <<<<<<<<<< RESULT:
HTTP/1.1 200 OK
Content-Length: 72
Cache-Control: max-age=0
Connection: Keep-Alive
Content-Type: application/json;charset=UTF-8
Date: Sat, 09 Nov 2024 19:43:34 GMT
Expires: Sat, 09 Nov 2024 19:43:34 GMT
Pragma: no-cache
Server: pve-api-daemon/3.0

{"data":{"repoid":"bbf3993334bfa916","release":"8.0","version":"8.0.3"}}
2024/11/09 19:43:34 >>>>>>>>>> REQUEST:
POST /api2/json/nodes/host1/qemu/101/move_disk HTTP/1.1
Host: 192.168.1.131:8006
User-Agent: Go-http-client/1.1
Content-Length: 44
Accept: application/json
Authorization: PVEAPIToken=root@pam!terraform=dba20ece-0d5e-4bb1-ba59-456e7d36738f
Content-Type: application/x-www-form-urlencoded
Accept-Encoding: gzip

delete=1&disk=scsi0&format=qcow2&storage=vms
2024/11/09 19:43:34 <<<<<<<<<< RESULT:
HTTP/1.1 200 OK
Connection: close
Content-Length: 79
Cache-Control: max-age=0
Content-Type: application/json;charset=UTF-8
Date: Sat, 09 Nov 2024 19:43:34 GMT
Expires: Sat, 09 Nov 2024 19:43:34 GMT
Pragma: no-cache
Server: pve-api-daemon/3.0

{"data":"UPID:host1:001B5EFB:1954F579:672FBB66:qmmove:101:root@pam!terraform:"}
2024/11/09 19:43:34 >>>>>>>>>> REQUEST:
GET /api2/json/nodes/host1/tasks/UPID:host1:001B5EFB:1954F579:672FBB66:qmmove:101:root@pam!terraform:/status HTTP/1.1
Host: 192.168.1.131:8006
User-Agent: Go-http-client/1.1
Accept: application/json
Authorization: PVEAPIToken=root@pam!terraform=dba20ece-0d5e-4bb1-ba59-456e7d36738f
Accept-Encoding: gzip

2024/11/09 19:43:34 <<<<<<<<<< RESULT:
HTTP/1.1 200 OK
Content-Length: 245
Cache-Control: max-age=0
Connection: Keep-Alive
Connection: Keep-Alive
Content-Type: application/json;charset=UTF-8
Date: Sat, 09 Nov 2024 19:43:34 GMT
Expires: Sat, 09 Nov 2024 19:43:34 GMT
Pragma: no-cache
Server: pve-api-daemon/3.0

{"data":{"starttime":1731181414,"user":"root@pam","type":"qmmove","pid":1793787,"pstart":424998265,"node":"host1","tokenid":"terraform","upid":"UPID:host1:001B5EFB:1954F579:672FBB66:qmmove:101:root@pam!terraform:","id":"101","status":"running"}}
2024/11/09 19:43:36 >>>>>>>>>> REQUEST:
GET /api2/json/nodes/host1/tasks/UPID:host1:001B5EFB:1954F579:672FBB66:qmmove:101:root@pam!terraform:/status HTTP/1.1
Host: 192.168.1.131:8006
User-Agent: Go-http-client/1.1
Accept: application/json
Authorization: PVEAPIToken=root@pam!terraform=dba20ece-0d5e-4bb1-ba59-456e7d36738f
Accept-Encoding: gzip

2024/11/09 19:43:36 <<<<<<<<<< RESULT:
HTTP/1.1 200 OK
Content-Length: 263
Cache-Control: max-age=0
Connection: Keep-Alive
Connection: Keep-Alive
Content-Type: application/json;charset=UTF-8
Date: Sat, 09 Nov 2024 19:43:36 GMT
Expires: Sat, 09 Nov 2024 19:43:36 GMT
Pragma: no-cache
Server: pve-api-daemon/3.0

{"data":{"pid":1793787,"pstart":424998265,"starttime":1731181414,"tokenid":"terraform","upid":"UPID:host1:001B5EFB:1954F579:672FBB66:qmmove:101:root@pam!terraform:","node":"host1","user":"root@pam","type":"qmmove","exitstatus":"OK","id":"101","status":"stopped"}}
2024/11/09 19:43:36 >>>>>>>>>> REQUEST:
PUT /api2/json/nodes/host1/qemu/101/resize HTTP/1.1
Host: 192.168.1.131:8006
User-Agent: Go-http-client/1.1
Content-Length: 25
Accept: application/json
Authorization: PVEAPIToken=root@pam!terraform=dba20ece-0d5e-4bb1-ba59-456e7d36738f
Content-Type: application/x-www-form-urlencoded
Accept-Encoding: gzip

disk=scsi0&size=10485760K
2024/11/09 19:43:36 <<<<<<<<<< RESULT:
HTTP/1.1 200 OK
Content-Length: 79
Cache-Control: max-age=0
Connection: Keep-Alive
Connection: Keep-Alive
Content-Type: application/json;charset=UTF-8
Date: Sat, 09 Nov 2024 19:43:36 GMT
Expires: Sat, 09 Nov 2024 19:43:36 GMT
Pragma: no-cache
Server: pve-api-daemon/3.0

{"data":"UPID:host1:001B5F1C:1954F653:672FBB68:resize:101:root@pam!terraform:"}
2024/11/09 19:43:36 >>>>>>>>>> REQUEST:
GET /api2/json/nodes/host1/tasks/UPID:host1:001B5F1C:1954F653:672FBB68:resize:101:root@pam!terraform:/status HTTP/1.1
Host: 192.168.1.131:8006
User-Agent: Go-http-client/1.1
Accept: application/json
Authorization: PVEAPIToken=root@pam!terraform=dba20ece-0d5e-4bb1-ba59-456e7d36738f
Accept-Encoding: gzip

2024/11/09 19:43:36 [DEBUG][QemuVmCreate] update VM after clone
2024/11/09 19:43:36 >>>>>>>>>> REQUEST:
GET /api2/json/nodes/host1/qemu/100/config HTTP/1.1
Host: 192.168.1.131:8006
User-Agent: Go-http-client/1.1
Accept: application/json
Authorization: PVEAPIToken=root@pam!terraform=dba20ece-0d5e-4bb1-ba59-456e7d36738f
Accept-Encoding: gzip

2024/11/09 19:43:36 <<<<<<<<<< RESULT:
HTTP/1.1 200 OK
Content-Length: 245
Cache-Control: max-age=0
Connection: Keep-Alive
Connection: Keep-Alive
Content-Type: application/json;charset=UTF-8
Date: Sat, 09 Nov 2024 19:43:36 GMT
Expires: Sat, 09 Nov 2024 19:43:36 GMT
Pragma: no-cache
Server: pve-api-daemon/3.0

{"data":{"id":"101","status":"running","tokenid":"terraform","upid":"UPID:host1:001B5F1C:1954F653:672FBB68:resize:101:root@pam!terraform:","node":"host1","pstart":424998483,"pid":1793820,"user":"root@pam","type":"resize","starttime":1731181416}}
2024/11/09 19:43:36 <<<<<<<<<< RESULT:
HTTP/1.1 200 OK
Content-Length: 484
Cache-Control: max-age=0
Connection: Keep-Alive
Content-Type: application/json;charset=UTF-8
Date: Sat, 09 Nov 2024 19:43:36 GMT
Expires: Sat, 09 Nov 2024 19:43:36 GMT
Pragma: no-cache
Server: pve-api-daemon/3.0

{"data":{"bootdisk":"scsi0","net0":"virtio=12:BD:C3:D1:FF:F1,bridge=vmbr0","vmgenid":"5d22c828-bf38-42a9-b37c-166bc5e98b30","scsi0":"vms:100/vm-100-disk-0.raw,size=3584M","scsihw":"virtio-scsi-pci","memory":2048,"smbios1":"uuid=db7f66b2-60e1-4fc0-b9e9-75310ff2a869","cores":2,"ide2":"vms:100/vm-100-cloudinit.qcow2,media=cdrom,size=4M","name":"postgres","digest":"ee49d36f3dc353a6f60720e94e9ef9646a9a721b","boot":"c","meta":"creation-qemu=8.0.2,ctime=1731179948","agent":"enabled=1"}}
2024/11/09 19:43:36 >>>>>>>>>> REQUEST:
GET /api2/json/cluster/resources?type=vm HTTP/1.1
Host: 192.168.1.131:8006
User-Agent: Go-http-client/1.1
Accept: application/json
Authorization: PVEAPIToken=root@pam!terraform=dba20ece-0d5e-4bb1-ba59-456e7d36738f
Accept-Encoding: gzip

2024/11/09 19:43:36 <<<<<<<<<< RESULT:
HTTP/1.1 200 OK
Content-Length: 763
Cache-Control: max-age=0
Connection: Keep-Alive
Content-Type: application/json;charset=UTF-8
Date: Sat, 09 Nov 2024 19:43:36 GMT
Expires: Sat, 09 Nov 2024 19:43:36 GMT
Pragma: no-cache
Server: pve-api-daemon/3.0

{"data":[{"name":"postgres","disk":0,"node":"host1","cpu":0,"diskread":0,"id":"qemu/100","status":"stopped","netout":0,"vmid":100,"uptime":0,"diskwrite":0,"type":"qemu","mem":0,"maxmem":2147483648,"maxdisk":3758096384,"netin":0,"maxcpu":2,"template":0},{"template":0,"maxmem":2147483648,"maxdisk":3758096384,"netin":0,"maxcpu":2,"status":"stopped","id":"qemu/101","netout":0,"vmid":101,"uptime":0,"diskwrite":0,"type":"qemu","mem":0,"disk":0,"name":"mysql","node":"host1","diskread":0,"cpu":0},{"node":"host1","diskread":0,"cpu":0,"name":"ubuntu-2404-cloudinit-template","disk":0,"uptime":0,"diskwrite":0,"type":"qemu","mem":0,"id":"qemu/9000","status":"stopped","netout":0,"vmid":9000,"maxdisk":3758096384,"netin":0,"maxcpu":2,"maxmem":2147483648,"template":1}]}
2024/11/09 19:43:36 >>>>>>>>>> REQUEST:
GET /api2/json/cluster/ha/resources/100 HTTP/1.1
Host: 192.168.1.131:8006
User-Agent: Go-http-client/1.1
Accept: application/json
Authorization: PVEAPIToken=root@pam!terraform=dba20ece-0d5e-4bb1-ba59-456e7d36738f
Accept-Encoding: gzip

2024/11/09 19:43:36 <<<<<<<<<< RESULT:
HTTP/1.1 500 no such resource 'vm:100'
Connection: close
Content-Length: 13
Cache-Control: max-age=0
Content-Type: application/json;charset=UTF-8
Date: Sat, 09 Nov 2024 19:43:36 GMT
Expires: Sat, 09 Nov 2024 19:43:36 GMT
Pragma: no-cache
Server: pve-api-daemon/3.0

{"data":null}
2024/11/09 19:43:36 >>>>>>>>>> REQUEST:
POST /api2/json/nodes/host1/qemu/100/move_disk HTTP/1.1
Host: 192.168.1.131:8006
User-Agent: Go-http-client/1.1
Content-Length: 44
Accept: application/json
Authorization: PVEAPIToken=root@pam!terraform=dba20ece-0d5e-4bb1-ba59-456e7d36738f
Content-Type: application/x-www-form-urlencoded
Accept-Encoding: gzip

delete=1&disk=scsi0&format=qcow2&storage=vms
2024/11/09 19:43:36 <<<<<<<<<< RESULT:
HTTP/1.1 200 OK
Connection: close
Content-Length: 79
Cache-Control: max-age=0
Content-Type: application/json;charset=UTF-8
Date: Sat, 09 Nov 2024 19:43:37 GMT
Expires: Sat, 09 Nov 2024 19:43:37 GMT
Pragma: no-cache
Server: pve-api-daemon/3.0

{"data":"UPID:host1:001B5F24:1954F665:672FBB69:qmmove:100:root@pam!terraform:"}
2024/11/09 19:43:36 >>>>>>>>>> REQUEST:
GET /api2/json/nodes/host1/tasks/UPID:host1:001B5F24:1954F665:672FBB69:qmmove:100:root@pam!terraform:/status HTTP/1.1
Host: 192.168.1.131:8006
User-Agent: Go-http-client/1.1
Accept: application/json
Authorization: PVEAPIToken=root@pam!terraform=dba20ece-0d5e-4bb1-ba59-456e7d36738f
Accept-Encoding: gzip

2024/11/09 19:43:37 <<<<<<<<<< RESULT:
HTTP/1.1 200 OK
Content-Length: 245
Cache-Control: max-age=0
Connection: Keep-Alive
Connection: Keep-Alive
Content-Type: application/json;charset=UTF-8
Date: Sat, 09 Nov 2024 19:43:37 GMT
Expires: Sat, 09 Nov 2024 19:43:37 GMT
Pragma: no-cache
Server: pve-api-daemon/3.0

{"data":{"node":"host1","id":"100","status":"running","tokenid":"terraform","upid":"UPID:host1:001B5F24:1954F665:672FBB69:qmmove:100:root@pam!terraform:","user":"root@pam","type":"qmmove","starttime":1731181417,"pstart":424998501,"pid":1793828}}
2024/11/09 19:43:38 >>>>>>>>>> REQUEST:
GET /api2/json/nodes/host1/tasks/UPID:host1:001B5F1C:1954F653:672FBB68:resize:101:root@pam!terraform:/status HTTP/1.1
Host: 192.168.1.131:8006
User-Agent: Go-http-client/1.1
Accept: application/json
Authorization: PVEAPIToken=root@pam!terraform=dba20ece-0d5e-4bb1-ba59-456e7d36738f
Accept-Encoding: gzip

2024/11/09 19:43:38 <<<<<<<<<< RESULT:
HTTP/1.1 200 OK
Content-Length: 263
Cache-Control: max-age=0
Connection: Keep-Alive
Connection: Keep-Alive
Content-Type: application/json;charset=UTF-8
Date: Sat, 09 Nov 2024 19:43:38 GMT
Expires: Sat, 09 Nov 2024 19:43:38 GMT
Pragma: no-cache
Server: pve-api-daemon/3.0

{"data":{"upid":"UPID:host1:001B5F1C:1954F653:672FBB68:resize:101:root@pam!terraform:","tokenid":"terraform","node":"host1","pstart":424998483,"pid":1793820,"starttime":1731181416,"status":"stopped","id":"101","exitstatus":"OK","type":"resize","user":"root@pam"}}
2024/11/09 19:43:38 >>>>>>>>>> REQUEST:
GET /api2/json/nodes/host1/qemu/101/config HTTP/1.1
Host: 192.168.1.131:8006
User-Agent: Go-http-client/1.1
Accept: application/json
Authorization: PVEAPIToken=root@pam!terraform=dba20ece-0d5e-4bb1-ba59-456e7d36738f
Accept-Encoding: gzip

2024/11/09 19:43:38 <<<<<<<<<< RESULT:
HTTP/1.1 200 OK
Content-Length: 481
Cache-Control: max-age=0
Connection: Keep-Alive
Content-Type: application/json;charset=UTF-8
Date: Sat, 09 Nov 2024 19:43:39 GMT
Expires: Sat, 09 Nov 2024 19:43:39 GMT
Pragma: no-cache
Server: pve-api-daemon/3.0

{"data":{"vmgenid":"849d1a43-54b1-4fd7-948e-8f17d8baefc6","scsi0":"vms:101/vm-101-disk-1.qcow2,size=10G","scsihw":"virtio-scsi-pci","smbios1":"uuid=2dd875fb-8b16-4096-a74c-b3357b5d3a16","memory":2048,"bootdisk":"scsi0","net0":"virtio=E6:D8:F5:83:FC:11,bridge=vmbr0","boot":"c","agent":"enabled=1","meta":"creation-qemu=8.0.2,ctime=1731179948","cores":2,"ide2":"vms:101/vm-101-cloudinit.qcow2,media=cdrom,size=4M","digest":"addf0aa82a03a6750b0b0038fb3dc811a7dd9e4d","name":"mysql"}}
2024/11/09 19:43:38 >>>>>>>>>> REQUEST:
GET /api2/json/cluster/resources?type=vm HTTP/1.1
Host: 192.168.1.131:8006
User-Agent: Go-http-client/1.1
Accept: application/json
Authorization: PVEAPIToken=root@pam!terraform=dba20ece-0d5e-4bb1-ba59-456e7d36738f
Accept-Encoding: gzip

2024/11/09 19:43:38 <<<<<<<<<< RESULT:
HTTP/1.1 200 OK
Content-Length: 763
Cache-Control: max-age=0
Connection: Keep-Alive
Content-Type: application/json;charset=UTF-8
Date: Sat, 09 Nov 2024 19:43:39 GMT
Expires: Sat, 09 Nov 2024 19:43:39 GMT
Pragma: no-cache
Server: pve-api-daemon/3.0

{"data":[{"uptime":0,"diskwrite":0,"mem":0,"type":"qemu","netout":0,"vmid":100,"id":"qemu/100","status":"stopped","node":"host1","diskread":0,"cpu":0,"disk":0,"name":"postgres","template":0,"netin":0,"maxcpu":2,"maxdisk":3758096384,"maxmem":2147483648},{"uptime":0,"diskwrite":0,"mem":0,"type":"qemu","netout":0,"vmid":101,"status":"stopped","id":"qemu/101","node":"host1","cpu":0,"diskread":0,"disk":0,"name":"mysql","template":0,"netin":0,"maxcpu":2,"maxdisk":3758096384,"maxmem":2147483648},{"id":"qemu/9000","status":"stopped","vmid":9000,"netout":0,"diskwrite":0,"mem":0,"type":"qemu","uptime":0,"name":"ubuntu-2404-cloudinit-template","disk":0,"diskread":0,"cpu":0,"node":"host1","template":1,"maxmem":2147483648,"maxdisk":3758096384,"maxcpu":2,"netin":0}]}
2024/11/09 19:43:38 >>>>>>>>>> REQUEST:
GET /api2/json/cluster/ha/resources/101 HTTP/1.1
Host: 192.168.1.131:8006
User-Agent: Go-http-client/1.1
Accept: application/json
Authorization: PVEAPIToken=root@pam!terraform=dba20ece-0d5e-4bb1-ba59-456e7d36738f
Accept-Encoding: gzip

2024/11/09 19:43:39 <<<<<<<<<< RESULT:
HTTP/1.1 500 no such resource 'vm:101'
Connection: close
Content-Length: 13
Cache-Control: max-age=0
Content-Type: application/json;charset=UTF-8
Date: Sat, 09 Nov 2024 19:43:39 GMT
Expires: Sat, 09 Nov 2024 19:43:39 GMT
Pragma: no-cache
Server: pve-api-daemon/3.0

{"data":null}
2024/11/09 19:43:39 >>>>>>>>>> REQUEST:
PUT /api2/json/nodes/host1/qemu/101/config HTTP/1.1
Host: 192.168.1.131:8006
User-Agent: Go-http-client/1.1
Content-Length: 684
Accept: application/json
Authorization: PVEAPIToken=root@pam!terraform=dba20ece-0d5e-4bb1-ba59-456e7d36738f
Content-Type: application/x-www-form-urlencoded
Accept-Encoding: gzip

agent=1&balloon=0&bios=seabios&cicustom=&cipassword=&ciupgrade=0&cores=1&cpu=host&delete=ide2%2Cshares&hotplug=network%2Cdisk%2Cusb&ipconfig0=ip%3D192.168.1.201%2F24%2Cgw%3D192.168.1.1&kvm=1&memory=4096&name=mysql&net0=virtio%3DFA%3A1B%3A9F%3A99%3A34%3AF7%2Cbridge%3Dvmbr0&numa=0&onboot=1&protection=0&scsi0=vms%3A101%2Fvm-101-disk-1.qcow2%2Creplicate%3D0&scsihw=virtio-scsi-pci&sockets=1&sshkeys=%2520ssh-ed25519%2520AAAAC3NzaC1lZDI1NTE5AAAAIOLiEeOqR0KLdVZ64p94nk2fSno1jyminStrv2OPVcd2%2520code%2540paultibbetts.uk%250Assh-ed25519%2520AAAAC3NzaC1lZDI1NTE5AAAAIPfx70ArvHPF%252B9U3GgKgNEAWkXSyZMun83sn9582Pl4e%2520code%2540paultibbetts.uk%250A%250A%250A&tablet=1&tags=database&vmid=101
2024/11/09 19:43:39 >>>>>>>>>> REQUEST:
GET /api2/json/nodes/host1/tasks/UPID:host1:001B5F24:1954F665:672FBB69:qmmove:100:root@pam!terraform:/status HTTP/1.1
Host: 192.168.1.131:8006
User-Agent: Go-http-client/1.1
Accept: application/json
Authorization: PVEAPIToken=root@pam!terraform=dba20ece-0d5e-4bb1-ba59-456e7d36738f
Accept-Encoding: gzip

2024/11/09 19:43:39 <<<<<<<<<< RESULT:
HTTP/1.1 500 only root can set 'ciupgrade' config
Connection: close
Content-Length: 13
Cache-Control: max-age=0
Content-Type: application/json;charset=UTF-8
Date: Sat, 09 Nov 2024 19:43:39 GMT
Expires: Sat, 09 Nov 2024 19:43:39 GMT
Pragma: no-cache
Server: pve-api-daemon/3.0

{"data":null}
2024/11/09 19:43:39 <<<<<<<<<< RESULT:
HTTP/1.1 200 OK
Content-Length: 263
Cache-Control: max-age=0
Connection: Keep-Alive
Connection: Keep-Alive
Content-Type: application/json;charset=UTF-8
Date: Sat, 09 Nov 2024 19:43:39 GMT
Expires: Sat, 09 Nov 2024 19:43:39 GMT
Pragma: no-cache
Server: pve-api-daemon/3.0

{"data":{"node":"host1","tokenid":"terraform","upid":"UPID:host1:001B5F24:1954F665:672FBB69:qmmove:100:root@pam!terraform:","starttime":1731181417,"pid":1793828,"pstart":424998501,"exitstatus":"OK","id":"100","status":"stopped","user":"root@pam","type":"qmmove"}}
2024/11/09 19:43:39 >>>>>>>>>> REQUEST:
PUT /api2/json/nodes/host1/qemu/100/resize HTTP/1.1
Host: 192.168.1.131:8006
User-Agent: Go-http-client/1.1
Content-Length: 25
Accept: application/json
Authorization: PVEAPIToken=root@pam!terraform=dba20ece-0d5e-4bb1-ba59-456e7d36738f
Content-Type: application/x-www-form-urlencoded
Accept-Encoding: gzip

disk=scsi0&size=10485760K
2024/11/09 19:43:39 <<<<<<<<<< RESULT:
HTTP/1.1 200 OK
Content-Length: 79
Cache-Control: max-age=0
Connection: Keep-Alive
Connection: Keep-Alive
Content-Type: application/json;charset=UTF-8
Date: Sat, 09 Nov 2024 19:43:39 GMT
Expires: Sat, 09 Nov 2024 19:43:39 GMT
Pragma: no-cache
Server: pve-api-daemon/3.0

{"data":"UPID:host1:001B5F46:1954F740:672FBB6B:resize:100:root@pam!terraform:"}
2024/11/09 19:43:39 >>>>>>>>>> REQUEST:
GET /api2/json/nodes/host1/tasks/UPID:host1:001B5F46:1954F740:672FBB6B:resize:100:root@pam!terraform:/status HTTP/1.1
Host: 192.168.1.131:8006
User-Agent: Go-http-client/1.1
Accept: application/json
Authorization: PVEAPIToken=root@pam!terraform=dba20ece-0d5e-4bb1-ba59-456e7d36738f
Accept-Encoding: gzip

2024/11/09 19:43:39 <<<<<<<<<< RESULT:
HTTP/1.1 200 OK
Content-Length: 245
Cache-Control: max-age=0
Connection: Keep-Alive
Connection: Keep-Alive
Content-Type: application/json;charset=UTF-8
Date: Sat, 09 Nov 2024 19:43:39 GMT
Expires: Sat, 09 Nov 2024 19:43:39 GMT
Pragma: no-cache
Server: pve-api-daemon/3.0

{"data":{"starttime":1731181419,"user":"root@pam","type":"resize","pid":1793862,"pstart":424998720,"node":"host1","tokenid":"terraform","upid":"UPID:host1:001B5F46:1954F740:672FBB6B:resize:100:root@pam!terraform:","id":"100","status":"running"}}
2024/11/09 19:43:41 >>>>>>>>>> REQUEST:
GET /api2/json/nodes/host1/tasks/UPID:host1:001B5F46:1954F740:672FBB6B:resize:100:root@pam!terraform:/status HTTP/1.1
Host: 192.168.1.131:8006
User-Agent: Go-http-client/1.1
Accept: application/json
Authorization: PVEAPIToken=root@pam!terraform=dba20ece-0d5e-4bb1-ba59-456e7d36738f
Accept-Encoding: gzip

2024/11/09 19:43:41 <<<<<<<<<< RESULT:
HTTP/1.1 200 OK
Content-Length: 263
Cache-Control: max-age=0
Connection: Keep-Alive
Connection: Keep-Alive
Content-Type: application/json;charset=UTF-8
Date: Sat, 09 Nov 2024 19:43:41 GMT
Expires: Sat, 09 Nov 2024 19:43:41 GMT
Pragma: no-cache
Server: pve-api-daemon/3.0

{"data":{"starttime":1731181419,"pstart":424998720,"pid":1793862,"node":"host1","upid":"UPID:host1:001B5F46:1954F740:672FBB6B:resize:100:root@pam!terraform:","tokenid":"terraform","user":"root@pam","type":"resize","status":"stopped","id":"100","exitstatus":"OK"}}
2024/11/09 19:43:41 >>>>>>>>>> REQUEST:
GET /api2/json/nodes/host1/qemu/100/config HTTP/1.1
Host: 192.168.1.131:8006
User-Agent: Go-http-client/1.1
Accept: application/json
Authorization: PVEAPIToken=root@pam!terraform=dba20ece-0d5e-4bb1-ba59-456e7d36738f
Accept-Encoding: gzip

2024/11/09 19:43:41 <<<<<<<<<< RESULT:
HTTP/1.1 200 OK
Content-Length: 484
Cache-Control: max-age=0
Connection: Keep-Alive
Content-Type: application/json;charset=UTF-8
Date: Sat, 09 Nov 2024 19:43:41 GMT
Expires: Sat, 09 Nov 2024 19:43:41 GMT
Pragma: no-cache
Server: pve-api-daemon/3.0

{"data":{"bootdisk":"scsi0","net0":"virtio=12:BD:C3:D1:FF:F1,bridge=vmbr0","vmgenid":"5d22c828-bf38-42a9-b37c-166bc5e98b30","scsi0":"vms:100/vm-100-disk-1.qcow2,size=10G","scsihw":"virtio-scsi-pci","memory":2048,"smbios1":"uuid=db7f66b2-60e1-4fc0-b9e9-75310ff2a869","cores":2,"ide2":"vms:100/vm-100-cloudinit.qcow2,media=cdrom,size=4M","name":"postgres","digest":"d87651606736bc54de20bb1bf3c06e6f91ce5114","boot":"c","meta":"creation-qemu=8.0.2,ctime=1731179948","agent":"enabled=1"}}
2024/11/09 19:43:41 >>>>>>>>>> REQUEST:
GET /api2/json/cluster/resources?type=vm HTTP/1.1
Host: 192.168.1.131:8006
User-Agent: Go-http-client/1.1
Accept: application/json
Authorization: PVEAPIToken=root@pam!terraform=dba20ece-0d5e-4bb1-ba59-456e7d36738f
Accept-Encoding: gzip

2024/11/09 19:43:41 <<<<<<<<<< RESULT:
HTTP/1.1 200 OK
Content-Length: 764
Cache-Control: max-age=0
Connection: Keep-Alive
Content-Type: application/json;charset=UTF-8
Date: Sat, 09 Nov 2024 19:43:41 GMT
Expires: Sat, 09 Nov 2024 19:43:41 GMT
Pragma: no-cache
Server: pve-api-daemon/3.0

{"data":[{"status":"stopped","id":"qemu/100","netout":0,"vmid":100,"uptime":0,"diskwrite":0,"mem":0,"type":"qemu","disk":0,"name":"postgres","node":"host1","cpu":0,"diskread":0,"template":0,"maxmem":2147483648,"maxdisk":3758096384,"netin":0,"maxcpu":2},{"uptime":0,"diskwrite":0,"mem":0,"type":"qemu","id":"qemu/101","status":"stopped","netout":0,"vmid":101,"node":"host1","diskread":0,"cpu":0,"name":"mysql","disk":0,"template":0,"maxdisk":10737418240,"netin":0,"maxcpu":2,"maxmem":2147483648},{"maxdisk":3758096384,"maxcpu":2,"netin":0,"maxmem":2147483648,"template":1,"cpu":0,"diskread":0,"node":"host1","name":"ubuntu-2404-cloudinit-template","disk":0,"diskwrite":0,"type":"qemu","mem":0,"uptime":0,"id":"qemu/9000","status":"stopped","vmid":9000,"netout":0}]}
2024/11/09 19:43:41 >>>>>>>>>> REQUEST:
GET /api2/json/cluster/ha/resources/100 HTTP/1.1
Host: 192.168.1.131:8006
User-Agent: Go-http-client/1.1
Accept: application/json
Authorization: PVEAPIToken=root@pam!terraform=dba20ece-0d5e-4bb1-ba59-456e7d36738f
Accept-Encoding: gzip

2024/11/09 19:43:41 <<<<<<<<<< RESULT:
HTTP/1.1 500 no such resource 'vm:100'
Connection: close
Content-Length: 13
Cache-Control: max-age=0
Content-Type: application/json;charset=UTF-8
Date: Sat, 09 Nov 2024 19:43:41 GMT
Expires: Sat, 09 Nov 2024 19:43:41 GMT
Pragma: no-cache
Server: pve-api-daemon/3.0

{"data":null}
2024/11/09 19:43:41 >>>>>>>>>> REQUEST:
PUT /api2/json/nodes/host1/qemu/100/config HTTP/1.1
Host: 192.168.1.131:8006
User-Agent: Go-http-client/1.1
Content-Length: 687
Accept: application/json
Authorization: PVEAPIToken=root@pam!terraform=dba20ece-0d5e-4bb1-ba59-456e7d36738f
Content-Type: application/x-www-form-urlencoded
Accept-Encoding: gzip

agent=1&balloon=0&bios=seabios&cicustom=&cipassword=&ciupgrade=0&cores=1&cpu=host&delete=ide2%2Cshares&hotplug=network%2Cdisk%2Cusb&ipconfig0=ip%3D192.168.1.202%2F24%2Cgw%3D192.168.1.1&kvm=1&memory=4096&name=postgres&net0=virtio%3DAE%3AF4%3A09%3AB1%3AAA%3AC0%2Cbridge%3Dvmbr0&numa=0&onboot=1&protection=0&scsi0=vms%3A100%2Fvm-100-disk-1.qcow2%2Creplicate%3D0&scsihw=virtio-scsi-pci&sockets=1&sshkeys=%2520ssh-ed25519%2520AAAAC3NzaC1lZDI1NTE5AAAAIOLiEeOqR0KLdVZ64p94nk2fSno1jyminStrv2OPVcd2%2520code%2540paultibbetts.uk%250Assh-ed25519%2520AAAAC3NzaC1lZDI1NTE5AAAAIPfx70ArvHPF%252B9U3GgKgNEAWkXSyZMun83sn9582Pl4e%2520code%2540paultibbetts.uk%250A%250A%250A&tablet=1&tags=database&vmid=100
2024/11/09 19:43:41 <<<<<<<<<< RESULT:
HTTP/1.1 500 only root can set 'ciupgrade' config
Connection: close
Content-Length: 13
Cache-Control: max-age=0
Content-Type: application/json;charset=UTF-8
Date: Sat, 09 Nov 2024 19:43:41 GMT
Expires: Sat, 09 Nov 2024 19:43:41 GMT
Pragma: no-cache
Server: pve-api-daemon/3.0

{"data":null}
[90mSat, 09 Nov 2024 19:44:27 +0000[0m [32mINF[0m [1mgithub.com/Telmate/terraform-provider-proxmox/v2/proxmox/util.go:158[0m[36m >[0m [1mEnabling the capture of log-library logs as ithe _capturelog flag was detected[0m
[90mSat, 09 Nov 2024 19:44:27 +0000[0m [32mINF[0m [1mgithub.com/Telmate/terraform-provider-proxmox/v2/proxmox/util.go:191[0m[36m >[0m [1mLogging Started. Root Logger Set to level debug[0m
[90mSat, 09 Nov 2024 19:44:27 +0000[0m [32mINF[0m [1mgithub.com/Telmate/terraform-provider-proxmox/v2/proxmox/resource_vm_qemu.go:1432[0m[36m >[0m [1mReading configuration for vmid[0m [36mloggerName=[0mresource_vm_read [36mvmid=[0m101
2024/11/09 19:44:27 >>>>>>>>>> REQUEST:
GET /api2/json/cluster/resources?type=vm HTTP/1.1
Host: 192.168.1.131:8006
User-Agent: Go-http-client/1.1
Accept: application/json
Authorization: PVEAPIToken=root@pam!terraform=dba20ece-0d5e-4bb1-ba59-456e7d36738f
Accept-Encoding: gzip

[90mSat, 09 Nov 2024 19:44:27 +0000[0m [32mINF[0m [1mgithub.com/Telmate/terraform-provider-proxmox/v2/proxmox/resource_vm_qemu.go:1432[0m[36m >[0m [1mReading configuration for vmid[0m [36mloggerName=[0mresource_vm_read [36mvmid=[0m100
2024/11/09 19:44:27 >>>>>>>>>> REQUEST:
GET /api2/json/cluster/resources?type=vm HTTP/1.1
Host: 192.168.1.131:8006
User-Agent: Go-http-client/1.1
Accept: application/json
Authorization: PVEAPIToken=root@pam!terraform=dba20ece-0d5e-4bb1-ba59-456e7d36738f
Accept-Encoding: gzip

2024/11/09 19:44:27 <<<<<<<<<< RESULT:
HTTP/1.1 200 OK
Content-Length: 765
Cache-Control: max-age=0
Connection: Keep-Alive
Content-Type: application/json;charset=UTF-8
Date: Sat, 09 Nov 2024 19:44:27 GMT
Expires: Sat, 09 Nov 2024 19:44:27 GMT
Pragma: no-cache
Server: pve-api-daemon/3.0

{"data":[{"disk":0,"name":"postgres","cpu":0,"diskread":0,"node":"host1","id":"qemu/100","status":"stopped","vmid":100,"netout":0,"diskwrite":0,"type":"qemu","mem":0,"uptime":0,"maxmem":2147483648,"maxdisk":10737418240,"maxcpu":2,"netin":0,"template":0},{"template":0,"maxcpu":2,"netin":0,"maxdisk":10737418240,"maxmem":2147483648,"mem":0,"diskwrite":0,"type":"qemu","uptime":0,"vmid":101,"netout":0,"status":"stopped","id":"qemu/101","diskread":0,"cpu":0,"node":"host1","disk":0,"name":"mysql"},{"maxdisk":3758096384,"maxcpu":2,"netin":0,"maxmem":2147483648,"template":1,"diskread":0,"cpu":0,"node":"host1","name":"ubuntu-2404-cloudinit-template","disk":0,"diskwrite":0,"mem":0,"type":"qemu","uptime":0,"id":"qemu/9000","status":"stopped","vmid":9000,"netout":0}]}
2024/11/09 19:44:27 >>>>>>>>>> REQUEST:
GET /api2/json/nodes/host1/qemu/101/config HTTP/1.1
Host: 192.168.1.131:8006
User-Agent: Go-http-client/1.1
Accept: application/json
Authorization: PVEAPIToken=root@pam!terraform=dba20ece-0d5e-4bb1-ba59-456e7d36738f
Accept-Encoding: gzip

2024/11/09 19:44:27 <<<<<<<<<< RESULT:
HTTP/1.1 200 OK
Content-Length: 765
Cache-Control: max-age=0
Connection: Keep-Alive
Content-Type: application/json;charset=UTF-8
Date: Sat, 09 Nov 2024 19:44:27 GMT
Expires: Sat, 09 Nov 2024 19:44:27 GMT
Pragma: no-cache
Server: pve-api-daemon/3.0

{"data":[{"template":0,"netin":0,"maxcpu":2,"maxdisk":10737418240,"maxmem":2147483648,"uptime":0,"diskwrite":0,"mem":0,"type":"qemu","netout":0,"vmid":100,"status":"stopped","id":"qemu/100","node":"host1","cpu":0,"diskread":0,"disk":0,"name":"postgres"},{"maxmem":2147483648,"maxdisk":10737418240,"maxcpu":2,"netin":0,"template":0,"name":"mysql","disk":0,"cpu":0,"diskread":0,"node":"host1","id":"qemu/101","status":"stopped","vmid":101,"netout":0,"diskwrite":0,"mem":0,"type":"qemu","uptime":0},{"diskread":0,"cpu":0,"node":"host1","disk":0,"name":"ubuntu-2404-cloudinit-template","type":"qemu","diskwrite":0,"mem":0,"uptime":0,"id":"qemu/9000","status":"stopped","vmid":9000,"netout":0,"maxdisk":3758096384,"maxcpu":2,"netin":0,"maxmem":2147483648,"template":1}]}
2024/11/09 19:44:27 >>>>>>>>>> REQUEST:
GET /api2/json/nodes/host1/qemu/100/config HTTP/1.1
Host: 192.168.1.131:8006
User-Agent: Go-http-client/1.1
Accept: application/json
Authorization: PVEAPIToken=root@pam!terraform=dba20ece-0d5e-4bb1-ba59-456e7d36738f
Accept-Encoding: gzip

2024/11/09 19:44:27 <<<<<<<<<< RESULT:
HTTP/1.1 200 OK
Content-Length: 481
Cache-Control: max-age=0
Connection: Keep-Alive
Content-Type: application/json;charset=UTF-8
Date: Sat, 09 Nov 2024 19:44:27 GMT
Expires: Sat, 09 Nov 2024 19:44:27 GMT
Pragma: no-cache
Server: pve-api-daemon/3.0

{"data":{"agent":"enabled=1","meta":"creation-qemu=8.0.2,ctime=1731179948","boot":"c","digest":"addf0aa82a03a6750b0b0038fb3dc811a7dd9e4d","name":"mysql","ide2":"vms:101/vm-101-cloudinit.qcow2,media=cdrom,size=4M","cores":2,"smbios1":"uuid=2dd875fb-8b16-4096-a74c-b3357b5d3a16","memory":2048,"scsihw":"virtio-scsi-pci","scsi0":"vms:101/vm-101-disk-1.qcow2,size=10G","vmgenid":"849d1a43-54b1-4fd7-948e-8f17d8baefc6","net0":"virtio=E6:D8:F5:83:FC:11,bridge=vmbr0","bootdisk":"scsi0"}}
2024/11/09 19:44:27 >>>>>>>>>> REQUEST:
GET /api2/json/cluster/resources?type=vm HTTP/1.1
Host: 192.168.1.131:8006
User-Agent: Go-http-client/1.1
Accept: application/json
Authorization: PVEAPIToken=root@pam!terraform=dba20ece-0d5e-4bb1-ba59-456e7d36738f
Accept-Encoding: gzip

2024/11/09 19:44:27 <<<<<<<<<< RESULT:
HTTP/1.1 200 OK
Content-Length: 484
Cache-Control: max-age=0
Connection: Keep-Alive
Content-Type: application/json;charset=UTF-8
Date: Sat, 09 Nov 2024 19:44:27 GMT
Expires: Sat, 09 Nov 2024 19:44:27 GMT
Pragma: no-cache
Server: pve-api-daemon/3.0

{"data":{"bootdisk":"scsi0","net0":"virtio=12:BD:C3:D1:FF:F1,bridge=vmbr0","scsi0":"vms:100/vm-100-disk-1.qcow2,size=10G","vmgenid":"5d22c828-bf38-42a9-b37c-166bc5e98b30","memory":2048,"smbios1":"uuid=db7f66b2-60e1-4fc0-b9e9-75310ff2a869","scsihw":"virtio-scsi-pci","cores":2,"name":"postgres","digest":"d87651606736bc54de20bb1bf3c06e6f91ce5114","ide2":"vms:100/vm-100-cloudinit.qcow2,media=cdrom,size=4M","boot":"c","meta":"creation-qemu=8.0.2,ctime=1731179948","agent":"enabled=1"}}
2024/11/09 19:44:27 >>>>>>>>>> REQUEST:
GET /api2/json/cluster/resources?type=vm HTTP/1.1
Host: 192.168.1.131:8006
User-Agent: Go-http-client/1.1
Accept: application/json
Authorization: PVEAPIToken=root@pam!terraform=dba20ece-0d5e-4bb1-ba59-456e7d36738f
Accept-Encoding: gzip

2024/11/09 19:44:27 <<<<<<<<<< RESULT:
HTTP/1.1 200 OK
Content-Length: 765
Cache-Control: max-age=0
Connection: Keep-Alive
Content-Type: application/json;charset=UTF-8
Date: Sat, 09 Nov 2024 19:44:27 GMT
Expires: Sat, 09 Nov 2024 19:44:27 GMT
Pragma: no-cache
Server: pve-api-daemon/3.0

{"data":[{"status":"stopped","id":"qemu/100","netout":0,"vmid":100,"uptime":0,"diskwrite":0,"mem":0,"type":"qemu","disk":0,"name":"postgres","node":"host1","cpu":0,"diskread":0,"template":0,"maxmem":2147483648,"maxdisk":10737418240,"netin":0,"maxcpu":2},{"name":"mysql","disk":0,"diskread":0,"cpu":0,"node":"host1","vmid":101,"netout":0,"status":"stopped","id":"qemu/101","diskwrite":0,"mem":0,"type":"qemu","uptime":0,"maxmem":2147483648,"maxcpu":2,"netin":0,"maxdisk":10737418240,"template":0},{"template":1,"maxmem":2147483648,"maxdisk":3758096384,"netin":0,"maxcpu":2,"status":"stopped","id":"qemu/9000","netout":0,"vmid":9000,"uptime":0,"diskwrite":0,"mem":0,"type":"qemu","disk":0,"name":"ubuntu-2404-cloudinit-template","node":"host1","cpu":0,"diskread":0}]}
2024/11/09 19:44:27 >>>>>>>>>> REQUEST:
GET /api2/json/cluster/ha/resources/101 HTTP/1.1
Host: 192.168.1.131:8006
User-Agent: Go-http-client/1.1
Accept: application/json
Authorization: PVEAPIToken=root@pam!terraform=dba20ece-0d5e-4bb1-ba59-456e7d36738f
Accept-Encoding: gzip

2024/11/09 19:44:27 <<<<<<<<<< RESULT:
HTTP/1.1 200 OK
Content-Length: 765
Cache-Control: max-age=0
Connection: Keep-Alive
Content-Type: application/json;charset=UTF-8
Date: Sat, 09 Nov 2024 19:44:27 GMT
Expires: Sat, 09 Nov 2024 19:44:27 GMT
Pragma: no-cache
Server: pve-api-daemon/3.0

{"data":[{"node":"host1","cpu":0,"diskread":0,"name":"postgres","disk":0,"uptime":0,"diskwrite":0,"mem":0,"type":"qemu","netout":0,"vmid":100,"status":"stopped","id":"qemu/100","netin":0,"maxcpu":2,"maxdisk":10737418240,"maxmem":2147483648,"template":0},{"template":0,"maxdisk":10737418240,"netin":0,"maxcpu":2,"maxmem":2147483648,"uptime":0,"diskwrite":0,"type":"qemu","mem":0,"id":"qemu/101","status":"stopped","netout":0,"vmid":101,"node":"host1","diskread":0,"cpu":0,"name":"mysql","disk":0},{"status":"stopped","id":"qemu/9000","vmid":9000,"netout":0,"mem":0,"diskwrite":0,"type":"qemu","uptime":0,"disk":0,"name":"ubuntu-2404-cloudinit-template","diskread":0,"cpu":0,"node":"host1","template":1,"maxmem":2147483648,"maxdisk":3758096384,"maxcpu":2,"netin":0}]}
2024/11/09 19:44:27 >>>>>>>>>> REQUEST:
GET /api2/json/cluster/ha/resources/100 HTTP/1.1
Host: 192.168.1.131:8006
User-Agent: Go-http-client/1.1
Accept: application/json
Authorization: PVEAPIToken=root@pam!terraform=dba20ece-0d5e-4bb1-ba59-456e7d36738f
Accept-Encoding: gzip

2024/11/09 19:44:27 <<<<<<<<<< RESULT:
HTTP/1.1 500 no such resource 'vm:101'
Connection: close
Content-Length: 13
Cache-Control: max-age=0
Content-Type: application/json;charset=UTF-8
Date: Sat, 09 Nov 2024 19:44:27 GMT
Expires: Sat, 09 Nov 2024 19:44:27 GMT
Pragma: no-cache
Server: pve-api-daemon/3.0

{"data":null}
2024/11/09 19:44:27 >>>>>>>>>> REQUEST:
GET /api2/json/nodes/host1/qemu/101/status/current HTTP/1.1
Host: 192.168.1.131:8006
User-Agent: Go-http-client/1.1
Accept: application/json
Authorization: PVEAPIToken=root@pam!terraform=dba20ece-0d5e-4bb1-ba59-456e7d36738f
Accept-Encoding: gzip

2024/11/09 19:44:27 <<<<<<<<<< RESULT:
HTTP/1.1 500 no such resource 'vm:100'
Connection: close
Content-Length: 13
Cache-Control: max-age=0
Content-Type: application/json;charset=UTF-8
Date: Sat, 09 Nov 2024 19:44:27 GMT
Expires: Sat, 09 Nov 2024 19:44:27 GMT
Pragma: no-cache
Server: pve-api-daemon/3.0

{"data":null}
2024/11/09 19:44:27 >>>>>>>>>> REQUEST:
GET /api2/json/nodes/host1/qemu/100/status/current HTTP/1.1
Host: 192.168.1.131:8006
User-Agent: Go-http-client/1.1
Accept: application/json
Authorization: PVEAPIToken=root@pam!terraform=dba20ece-0d5e-4bb1-ba59-456e7d36738f
Accept-Encoding: gzip

2024/11/09 19:44:27 <<<<<<<<<< RESULT:
HTTP/1.1 200 OK
Content-Length: 241
Cache-Control: max-age=0
Connection: Keep-Alive
Connection: Keep-Alive
Content-Type: application/json;charset=UTF-8
Date: Sat, 09 Nov 2024 19:44:27 GMT
Expires: Sat, 09 Nov 2024 19:44:27 GMT
Pragma: no-cache
Server: pve-api-daemon/3.0

{"data":{"name":"mysql","agent":1,"maxdisk":10737418240,"cpus":2,"maxmem":2147483648,"vmid":101,"cpu":0,"ha":{"managed":0},"netout":0,"netin":0,"diskread":0,"status":"stopped","qmpstatus":"stopped","diskwrite":0,"disk":0,"uptime":0,"mem":0}}
2024/11/09 19:44:27 [DEBUG] VM status: stopped
[90mSat, 09 Nov 2024 19:44:27 +0000[0m DBG [1mgithub.com/Telmate/terraform-provider-proxmox/v2/proxmox/resource_vm_qemu.go:1500[0m[36m >[0m [READ] Received Config from Proxmox API: {"agent":{"enable":false},"bios":"seabios","boot":"c","bootdisk":"scsi0","cpu":{"cores":2},"disks":{"ide":{"2":{"cloudinit":{"format":"qcow2","storage":"vms"}}},"scsi":{"0":{"disk":{"backup":true,"bandwidth":{"mbps":{"read":{},"write":{}},"iops":{"read":{},"write":{}}},"discard":false,"emulatessd":false,"format":"qcow2","id":1,"iothread":false,"linked":null,"readonly":false,"replicate":true,"size":10485760,"storage":"vms","wwn":""}}}},"hotplug":"network,disk,usb","memory":{"capacity":2048},"name":"mysql","node":"host1","onboot":true,"pool":"","protection":false,"kvm":true,"network":{"0":{"bridge":"vmbr0","id":0,"macaddr":"E6:D8:F5:83:FC:11","model":"virtio"}},"ostype":"other","scsihw":"virtio-scsi-pci","smbios1":"uuid=2dd875fb-8b16-4096-a74c-b3357b5d3a16","tablet":true,"vmid":101} [36mloggerName=[0mresource_vm_read [36mvmid=[0m101
[90mSat, 09 Nov 2024 19:44:27 +0000[0m DBG [1mgithub.com/Telmate/terraform-provider-proxmox/v2/proxmox/resource_vm_qemu.go:1541[0m[36m >[0m key 'force_create' is set to false [36mloggerName=[0mresource_vm_read [36mvmid=[0m101
[90mSat, 09 Nov 2024 19:44:27 +0000[0m DBG [1mgithub.com/Telmate/terraform-provider-proxmox/v2/proxmox/resource_vm_qemu.go:1541[0m[36m >[0m key 'define_connection_info' is set to true [36mloggerName=[0mresource_vm_read [36mvmid=[0m101
[90mSat, 09 Nov 2024 19:44:27 +0000[0m DBG [1mgithub.com/Telmate/terraform-provider-proxmox/v2/proxmox/resource_vm_qemu.go:1555[0m[36m >[0m Hostpci Block Processed 'map[]' [36mloggerName=[0mresource_vm_read [36mvmid=[0m101
[90mSat, 09 Nov 2024 19:44:27 +0000[0m DBG [1mgithub.com/Telmate/terraform-provider-proxmox/v2/proxmox/resource_vm_qemu.go:1563[0m[36m >[0m Usb Block Processed 'map[]' [36mloggerName=[0mresource_vm_read [36mvmid=[0m101
[90mSat, 09 Nov 2024 19:44:27 +0000[0m DBG [1mgithub.com/Telmate/terraform-provider-proxmox/v2/proxmox/resource_vm_qemu.go:1570[0m[36m >[0m Unused Disk Block Processed 'map[]' [36mloggerName=[0mresource_vm_read [36mvmid=[0m101
[90mSat, 09 Nov 2024 19:44:27 +0000[0m DBG [1mgithub.com/Telmate/terraform-provider-proxmox/v2/proxmox/resource_vm_qemu.go:1584[0m[36m >[0m Analyzing Network blocks  [36mloggerName=[0mresource_vm_read [36mvmid=[0m101
[90mSat, 09 Nov 2024 19:44:27 +0000[0m DBG [1mgithub.com/Telmate/terraform-provider-proxmox/v2/proxmox/resource_vm_qemu.go:1586[0m[36m >[0m Network block received 'map[bridge:vmbr0 id:0 macaddr:E6:D8:F5:83:FC:11 model:virtio]' [36mloggerName=[0mresource_vm_read [36mvmid=[0m101
[90mSat, 09 Nov 2024 19:44:27 +0000[0m DBG [1mgithub.com/Telmate/terraform-provider-proxmox/v2/proxmox/resource_vm_qemu.go:1617[0m[36m >[0m VM Net Config 'map[0:map[bridge:vmbr0 id:0 macaddr:E6:D8:F5:83:FC:11 model:virtio tag:-1]]' from '[map[bridge:vmbr0 macaddr:E6:D8:F5:83:FC:11 model:virtio tag:-1]]' set as '[map[bridge:vmbr0 firewall:false link_down:false macaddr:E6:D8:F5:83:FC:11 model:virtio mtu:0 queues:0 rate:0 tag:-1]]' type of 'string' [36mloggerName=[0mresource_vm_read [36mvmid=[0m101
[90mSat, 09 Nov 2024 19:44:27 +0000[0m DBG [1mgithub.com/Telmate/terraform-provider-proxmox/v2/proxmox/resource_vm_qemu.go:1619[0m[36m >[0m Finished VM read resulting in data: '' [36mloggerName=[0mresource_vm_read [36mvmid=[0m101
2024/11/09 19:44:27 <<<<<<<<<< RESULT:
HTTP/1.1 200 OK
Content-Length: 244
Cache-Control: max-age=0
Connection: Keep-Alive
Connection: Keep-Alive
Content-Type: application/json;charset=UTF-8
Date: Sat, 09 Nov 2024 19:44:27 GMT
Expires: Sat, 09 Nov 2024 19:44:27 GMT
Pragma: no-cache
Server: pve-api-daemon/3.0

{"data":{"uptime":0,"mem":0,"qmpstatus":"stopped","diskwrite":0,"disk":0,"status":"stopped","ha":{"managed":0},"netout":0,"netin":0,"diskread":0,"vmid":100,"cpu":0,"maxmem":2147483648,"maxdisk":10737418240,"cpus":2,"name":"postgres","agent":1}}
2024/11/09 19:44:27 [DEBUG] VM status: stopped
[90mSat, 09 Nov 2024 19:44:27 +0000[0m DBG [1mgithub.com/Telmate/terraform-provider-proxmox/v2/proxmox/resource_vm_qemu.go:1500[0m[36m >[0m [READ] Received Config from Proxmox API: {"agent":{"enable":false},"bios":"seabios","boot":"c","bootdisk":"scsi0","cpu":{"cores":2},"disks":{"ide":{"2":{"cloudinit":{"format":"qcow2","storage":"vms"}}},"scsi":{"0":{"disk":{"backup":true,"bandwidth":{"mbps":{"read":{},"write":{}},"iops":{"read":{},"write":{}}},"discard":false,"emulatessd":false,"format":"qcow2","id":1,"iothread":false,"linked":null,"readonly":false,"replicate":true,"size":10485760,"storage":"vms","wwn":""}}}},"hotplug":"network,disk,usb","memory":{"capacity":2048},"name":"postgres","node":"host1","onboot":true,"pool":"","protection":false,"kvm":true,"network":{"0":{"bridge":"vmbr0","id":0,"macaddr":"12:BD:C3:D1:FF:F1","model":"virtio"}},"ostype":"other","scsihw":"virtio-scsi-pci","smbios1":"uuid=db7f66b2-60e1-4fc0-b9e9-75310ff2a869","tablet":true,"vmid":100} [36mloggerName=[0mresource_vm_read [36mvmid=[0m100
[90mSat, 09 Nov 2024 19:44:27 +0000[0m DBG [1mgithub.com/Telmate/terraform-provider-proxmox/v2/proxmox/resource_vm_qemu.go:1541[0m[36m >[0m key 'force_create' is set to false [36mloggerName=[0mresource_vm_read [36mvmid=[0m100
[90mSat, 09 Nov 2024 19:44:27 +0000[0m DBG [1mgithub.com/Telmate/terraform-provider-proxmox/v2/proxmox/resource_vm_qemu.go:1541[0m[36m >[0m key 'define_connection_info' is set to true [36mloggerName=[0mresource_vm_read [36mvmid=[0m100
[90mSat, 09 Nov 2024 19:44:27 +0000[0m DBG [1mgithub.com/Telmate/terraform-provider-proxmox/v2/proxmox/resource_vm_qemu.go:1555[0m[36m >[0m Hostpci Block Processed 'map[]' [36mloggerName=[0mresource_vm_read [36mvmid=[0m100
[90mSat, 09 Nov 2024 19:44:27 +0000[0m DBG [1mgithub.com/Telmate/terraform-provider-proxmox/v2/proxmox/resource_vm_qemu.go:1563[0m[36m >[0m Usb Block Processed 'map[]' [36mloggerName=[0mresource_vm_read [36mvmid=[0m100
[90mSat, 09 Nov 2024 19:44:27 +0000[0m DBG [1mgithub.com/Telmate/terraform-provider-proxmox/v2/proxmox/resource_vm_qemu.go:1570[0m[36m >[0m Unused Disk Block Processed 'map[]' [36mloggerName=[0mresource_vm_read [36mvmid=[0m100
[90mSat, 09 Nov 2024 19:44:27 +0000[0m DBG [1mgithub.com/Telmate/terraform-provider-proxmox/v2/proxmox/resource_vm_qemu.go:1584[0m[36m >[0m Analyzing Network blocks  [36mloggerName=[0mresource_vm_read [36mvmid=[0m100
[90mSat, 09 Nov 2024 19:44:27 +0000[0m DBG [1mgithub.com/Telmate/terraform-provider-proxmox/v2/proxmox/resource_vm_qemu.go:1586[0m[36m >[0m Network block received 'map[bridge:vmbr0 id:0 macaddr:12:BD:C3:D1:FF:F1 model:virtio]' [36mloggerName=[0mresource_vm_read [36mvmid=[0m100
[90mSat, 09 Nov 2024 19:44:27 +0000[0m DBG [1mgithub.com/Telmate/terraform-provider-proxmox/v2/proxmox/resource_vm_qemu.go:1617[0m[36m >[0m VM Net Config 'map[0:map[bridge:vmbr0 id:0 macaddr:12:BD:C3:D1:FF:F1 model:virtio tag:-1]]' from '[map[bridge:vmbr0 macaddr:12:BD:C3:D1:FF:F1 model:virtio tag:-1]]' set as '[map[bridge:vmbr0 firewall:false link_down:false macaddr:12:BD:C3:D1:FF:F1 model:virtio mtu:0 queues:0 rate:0 tag:-1]]' type of 'string' [36mloggerName=[0mresource_vm_read [36mvmid=[0m100
[90mSat, 09 Nov 2024 19:44:27 +0000[0m DBG [1mgithub.com/Telmate/terraform-provider-proxmox/v2/proxmox/resource_vm_qemu.go:1619[0m[36m >[0m Finished VM read resulting in data: '' [36mloggerName=[0mresource_vm_read [36mvmid=[0m100
[90mSat, 09 Nov 2024 19:44:28 +0000[0m [32mINF[0m [1mgithub.com/Telmate/terraform-provider-proxmox/v2/proxmox/util.go:158[0m[36m >[0m [1mEnabling the capture of log-library logs as ithe _capturelog flag was detected[0m
[90mSat, 09 Nov 2024 19:44:28 +0000[0m [32mINF[0m [1mgithub.com/Telmate/terraform-provider-proxmox/v2/proxmox/util.go:191[0m[36m >[0m [1mLogging Started. Root Logger Set to level debug[0m
2024/11/09 19:44:29 >>>>>>>>>> REQUEST:
GET /api2/json/cluster/resources?type=vm HTTP/1.1
Host: 192.168.1.131:8006
User-Agent: Go-http-client/1.1
Accept: application/json
Authorization: PVEAPIToken=root@pam!terraform=dba20ece-0d5e-4bb1-ba59-456e7d36738f
Accept-Encoding: gzip

2024/11/09 19:44:29 >>>>>>>>>> REQUEST:
GET /api2/json/cluster/resources?type=vm HTTP/1.1
Host: 192.168.1.131:8006
User-Agent: Go-http-client/1.1
Accept: application/json
Authorization: PVEAPIToken=root@pam!terraform=dba20ece-0d5e-4bb1-ba59-456e7d36738f
Accept-Encoding: gzip

2024/11/09 19:44:29 <<<<<<<<<< RESULT:
HTTP/1.1 200 OK
Content-Length: 765
Cache-Control: max-age=0
Connection: Keep-Alive
Content-Type: application/json;charset=UTF-8
Date: Sat, 09 Nov 2024 19:44:29 GMT
Expires: Sat, 09 Nov 2024 19:44:29 GMT
Pragma: no-cache
Server: pve-api-daemon/3.0

{"data":[{"template":0,"maxmem":2147483648,"maxcpu":2,"netin":0,"maxdisk":10737418240,"vmid":100,"netout":0,"id":"qemu/100","status":"stopped","diskwrite":0,"type":"qemu","mem":0,"uptime":0,"disk":0,"name":"postgres","diskread":0,"cpu":0,"node":"host1"},{"disk":0,"name":"mysql","node":"host1","cpu":0,"diskread":0,"netout":0,"vmid":101,"status":"stopped","id":"qemu/101","uptime":0,"mem":0,"diskwrite":0,"type":"qemu","maxmem":2147483648,"netin":0,"maxcpu":2,"maxdisk":10737418240,"template":0},{"uptime":0,"diskwrite":0,"mem":0,"type":"qemu","id":"qemu/9000","status":"stopped","netout":0,"vmid":9000,"node":"host1","diskread":0,"cpu":0,"name":"ubuntu-2404-cloudinit-template","disk":0,"template":1,"maxdisk":3758096384,"netin":0,"maxcpu":2,"maxmem":2147483648}]}
2024/11/09 19:44:29 >>>>>>>>>> REQUEST:
GET /api2/json/nodes/host1/qemu/100/status/current HTTP/1.1
Host: 192.168.1.131:8006
User-Agent: Go-http-client/1.1
Accept: application/json
Authorization: PVEAPIToken=root@pam!terraform=dba20ece-0d5e-4bb1-ba59-456e7d36738f
Accept-Encoding: gzip

2024/11/09 19:44:29 <<<<<<<<<< RESULT:
HTTP/1.1 200 OK
Content-Length: 765
Cache-Control: max-age=0
Connection: Keep-Alive
Content-Type: application/json;charset=UTF-8
Date: Sat, 09 Nov 2024 19:44:29 GMT
Expires: Sat, 09 Nov 2024 19:44:29 GMT
Pragma: no-cache
Server: pve-api-daemon/3.0

{"data":[{"template":0,"maxmem":2147483648,"netin":0,"maxcpu":2,"maxdisk":10737418240,"netout":0,"vmid":100,"status":"stopped","id":"qemu/100","uptime":0,"diskwrite":0,"mem":0,"type":"qemu","name":"postgres","disk":0,"node":"host1","cpu":0,"diskread":0},{"status":"stopped","id":"qemu/101","vmid":101,"netout":0,"type":"qemu","diskwrite":0,"mem":0,"uptime":0,"disk":0,"name":"mysql","diskread":0,"cpu":0,"node":"host1","template":0,"maxmem":2147483648,"maxdisk":10737418240,"maxcpu":2,"netin":0},{"template":1,"maxcpu":2,"netin":0,"maxdisk":3758096384,"maxmem":2147483648,"diskwrite":0,"type":"qemu","mem":0,"uptime":0,"vmid":9000,"netout":0,"status":"stopped","id":"qemu/9000","cpu":0,"diskread":0,"node":"host1","disk":0,"name":"ubuntu-2404-cloudinit-template"}]}
2024/11/09 19:44:29 >>>>>>>>>> REQUEST:
GET /api2/json/nodes/host1/qemu/101/status/current HTTP/1.1
Host: 192.168.1.131:8006
User-Agent: Go-http-client/1.1
Accept: application/json
Authorization: PVEAPIToken=root@pam!terraform=dba20ece-0d5e-4bb1-ba59-456e7d36738f
Accept-Encoding: gzip

2024/11/09 19:44:29 <<<<<<<<<< RESULT:
HTTP/1.1 200 OK
Content-Length: 244
Cache-Control: max-age=0
Connection: Keep-Alive
Connection: Keep-Alive
Content-Type: application/json;charset=UTF-8
Date: Sat, 09 Nov 2024 19:44:29 GMT
Expires: Sat, 09 Nov 2024 19:44:29 GMT
Pragma: no-cache
Server: pve-api-daemon/3.0

{"data":{"qmpstatus":"stopped","disk":0,"diskwrite":0,"mem":0,"uptime":0,"diskread":0,"netout":0,"ha":{"managed":0},"netin":0,"status":"stopped","maxmem":2147483648,"vmid":100,"cpu":0,"agent":1,"name":"postgres","maxdisk":10737418240,"cpus":2}}
2024/11/09 19:44:29 <<<<<<<<<< RESULT:
HTTP/1.1 200 OK
Content-Length: 241
Cache-Control: max-age=0
Connection: Keep-Alive
Connection: Keep-Alive
Content-Type: application/json;charset=UTF-8
Date: Sat, 09 Nov 2024 19:44:29 GMT
Expires: Sat, 09 Nov 2024 19:44:29 GMT
Pragma: no-cache
Server: pve-api-daemon/3.0

{"data":{"maxmem":2147483648,"cpu":0,"vmid":101,"name":"mysql","agent":1,"cpus":2,"maxdisk":10737418240,"diskwrite":0,"disk":0,"qmpstatus":"stopped","uptime":0,"mem":0,"netin":0,"netout":0,"ha":{"managed":0},"diskread":0,"status":"stopped"}}
2024/11/09 19:44:29 >>>>>>>>>> REQUEST:
DELETE /api2/json/nodes/host1/qemu/100 HTTP/1.1
Host: 192.168.1.131:8006
User-Agent: Go-http-client/1.1
Accept: application/json
Authorization: PVEAPIToken=root@pam!terraform=dba20ece-0d5e-4bb1-ba59-456e7d36738f
Accept-Encoding: gzip

2024/11/09 19:44:29 >>>>>>>>>> REQUEST:
DELETE /api2/json/nodes/host1/qemu/101 HTTP/1.1
Host: 192.168.1.131:8006
User-Agent: Go-http-client/1.1
Accept: application/json
Authorization: PVEAPIToken=root@pam!terraform=dba20ece-0d5e-4bb1-ba59-456e7d36738f
Accept-Encoding: gzip

2024/11/09 19:44:29 <<<<<<<<<< RESULT:
HTTP/1.1 200 OK
Content-Length: 82
Cache-Control: max-age=0
Connection: Keep-Alive
Connection: Keep-Alive
Content-Type: application/json;charset=UTF-8
Date: Sat, 09 Nov 2024 19:44:29 GMT
Expires: Sat, 09 Nov 2024 19:44:29 GMT
Pragma: no-cache
Server: pve-api-daemon/3.0

{"data":"UPID:host1:001B5FDA:19550AC6:672FBB9D:qmdestroy:101:root@pam!terraform:"}
2024/11/09 19:44:29 >>>>>>>>>> REQUEST:
GET /api2/json/nodes/host1/tasks/UPID:host1:001B5FDA:19550AC6:672FBB9D:qmdestroy:101:root@pam!terraform:/status HTTP/1.1
Host: 192.168.1.131:8006
User-Agent: Go-http-client/1.1
Accept: application/json
Authorization: PVEAPIToken=root@pam!terraform=dba20ece-0d5e-4bb1-ba59-456e7d36738f
Accept-Encoding: gzip

2024/11/09 19:44:29 <<<<<<<<<< RESULT:
HTTP/1.1 200 OK
Content-Length: 82
Cache-Control: max-age=0
Connection: Keep-Alive
Connection: Keep-Alive
Content-Type: application/json;charset=UTF-8
Date: Sat, 09 Nov 2024 19:44:29 GMT
Expires: Sat, 09 Nov 2024 19:44:29 GMT
Pragma: no-cache
Server: pve-api-daemon/3.0

{"data":"UPID:host1:001B5FDD:19550AC7:672FBB9D:qmdestroy:100:root@pam!terraform:"}
2024/11/09 19:44:29 >>>>>>>>>> REQUEST:
GET /api2/json/nodes/host1/tasks/UPID:host1:001B5FDD:19550AC7:672FBB9D:qmdestroy:100:root@pam!terraform:/status HTTP/1.1
Host: 192.168.1.131:8006
User-Agent: Go-http-client/1.1
Accept: application/json
Authorization: PVEAPIToken=root@pam!terraform=dba20ece-0d5e-4bb1-ba59-456e7d36738f
Accept-Encoding: gzip

2024/11/09 19:44:29 <<<<<<<<<< RESULT:
HTTP/1.1 200 OK
Content-Length: 251
Cache-Control: max-age=0
Connection: Keep-Alive
Connection: Keep-Alive
Content-Type: application/json;charset=UTF-8
Date: Sat, 09 Nov 2024 19:44:29 GMT
Expires: Sat, 09 Nov 2024 19:44:29 GMT
Pragma: no-cache
Server: pve-api-daemon/3.0

{"data":{"pid":1794010,"pstart":425003718,"starttime":1731181469,"type":"qmdestroy","user":"root@pam","upid":"UPID:host1:001B5FDA:19550AC6:672FBB9D:qmdestroy:101:root@pam!terraform:","tokenid":"terraform","status":"running","id":"101","node":"host1"}}
2024/11/09 19:44:29 <<<<<<<<<< RESULT:
HTTP/1.1 200 OK
Content-Length: 251
Cache-Control: max-age=0
Connection: Keep-Alive
Connection: Keep-Alive
Content-Type: application/json;charset=UTF-8
Date: Sat, 09 Nov 2024 19:44:29 GMT
Expires: Sat, 09 Nov 2024 19:44:29 GMT
Pragma: no-cache
Server: pve-api-daemon/3.0

{"data":{"pstart":425003719,"pid":1794013,"user":"root@pam","type":"qmdestroy","starttime":1731181469,"id":"100","status":"running","tokenid":"terraform","upid":"UPID:host1:001B5FDD:19550AC7:672FBB9D:qmdestroy:100:root@pam!terraform:","node":"host1"}}
2024/11/09 19:44:31 >>>>>>>>>> REQUEST:
GET /api2/json/nodes/host1/tasks/UPID:host1:001B5FDD:19550AC7:672FBB9D:qmdestroy:100:root@pam!terraform:/status HTTP/1.1
Host: 192.168.1.131:8006
User-Agent: Go-http-client/1.1
Accept: application/json
Authorization: PVEAPIToken=root@pam!terraform=dba20ece-0d5e-4bb1-ba59-456e7d36738f
Accept-Encoding: gzip

2024/11/09 19:44:31 >>>>>>>>>> REQUEST:
GET /api2/json/nodes/host1/tasks/UPID:host1:001B5FDA:19550AC6:672FBB9D:qmdestroy:101:root@pam!terraform:/status HTTP/1.1
Host: 192.168.1.131:8006
User-Agent: Go-http-client/1.1
Accept: application/json
Authorization: PVEAPIToken=root@pam!terraform=dba20ece-0d5e-4bb1-ba59-456e7d36738f
Accept-Encoding: gzip

2024/11/09 19:44:31 <<<<<<<<<< RESULT:
HTTP/1.1 200 OK
Content-Length: 269
Cache-Control: max-age=0
Connection: Keep-Alive
Connection: Keep-Alive
Content-Type: application/json;charset=UTF-8
Date: Sat, 09 Nov 2024 19:44:31 GMT
Expires: Sat, 09 Nov 2024 19:44:31 GMT
Pragma: no-cache
Server: pve-api-daemon/3.0

{"data":{"upid":"UPID:host1:001B5FDD:19550AC7:672FBB9D:qmdestroy:100:root@pam!terraform:","tokenid":"terraform","node":"host1","pid":1794013,"pstart":425003719,"starttime":1731181469,"exitstatus":"OK","status":"stopped","id":"100","user":"root@pam","type":"qmdestroy"}}
2024/11/09 19:44:31 <<<<<<<<<< RESULT:
HTTP/1.1 200 OK
Content-Length: 269
Cache-Control: max-age=0
Connection: Keep-Alive
Connection: Keep-Alive
Content-Type: application/json;charset=UTF-8
Date: Sat, 09 Nov 2024 19:44:31 GMT
Expires: Sat, 09 Nov 2024 19:44:31 GMT
Pragma: no-cache
Server: pve-api-daemon/3.0

{"data":{"exitstatus":"OK","status":"stopped","id":"101","user":"root@pam","type":"qmdestroy","node":"host1","upid":"UPID:host1:001B5FDA:19550AC6:672FBB9D:qmdestroy:101:root@pam!terraform:","tokenid":"terraform","starttime":1731181469,"pid":1794010,"pstart":425003718}}
2024/11/09 19:44:31 [DEBUG] setting computed for "unused_disk" from ComputedKeys
2024/11/09 19:44:31 [DEBUG] setting computed for "smbios" from ComputedKeys
2024/11/09 19:44:31 [DEBUG] setting computed for "unused_disk" from ComputedKeys
2024/11/09 19:44:31 [DEBUG] setting computed for "smbios" from ComputedKeys
[90mSat, 09 Nov 2024 19:44:31 +0000[0m [32mINF[0m [1mgithub.com/Telmate/terraform-provider-proxmox/v2/proxmox/resource_vm_qemu.go:942[0m[36m >[0m [1mVM creation[0m [36mloggerName=[0mresource_vm_create [36mvmid=[0m
[90mSat, 09 Nov 2024 19:44:31 +0000[0m DBG [1mgithub.com/Telmate/terraform-provider-proxmox/v2/proxmox/resource_vm_qemu.go:943[0m[36m >[0m VM creation resource data: '' [36mloggerName=[0mresource_vm_create [36mvmid=[0m
2024/11/09 19:44:31 [DEBUG][QemuVmCreate] checking for duplicate name: postgres
2024/11/09 19:44:31 >>>>>>>>>> REQUEST:
GET /api2/json/cluster/resources?type=vm HTTP/1.1
Host: 192.168.1.131:8006
User-Agent: Go-http-client/1.1
Accept: application/json
Authorization: PVEAPIToken=root@pam!terraform=dba20ece-0d5e-4bb1-ba59-456e7d36738f
Accept-Encoding: gzip

[90mSat, 09 Nov 2024 19:44:31 +0000[0m [32mINF[0m [1mgithub.com/Telmate/terraform-provider-proxmox/v2/proxmox/resource_vm_qemu.go:942[0m[36m >[0m [1mVM creation[0m [36mloggerName=[0mresource_vm_create [36mvmid=[0m
[90mSat, 09 Nov 2024 19:44:31 +0000[0m DBG [1mgithub.com/Telmate/terraform-provider-proxmox/v2/proxmox/resource_vm_qemu.go:943[0m[36m >[0m VM creation resource data: '' [36mloggerName=[0mresource_vm_create [36mvmid=[0m
2024/11/09 19:44:31 [DEBUG][QemuVmCreate] checking for duplicate name: mysql
2024/11/09 19:44:31 >>>>>>>>>> REQUEST:
GET /api2/json/cluster/resources?type=vm HTTP/1.1
Host: 192.168.1.131:8006
User-Agent: Go-http-client/1.1
Accept: application/json
Authorization: PVEAPIToken=root@pam!terraform=dba20ece-0d5e-4bb1-ba59-456e7d36738f
Accept-Encoding: gzip

2024/11/09 19:44:31 <<<<<<<<<< RESULT:
HTTP/1.1 200 OK
Content-Length: 278
Cache-Control: max-age=0
Connection: Keep-Alive
Content-Type: application/json;charset=UTF-8
Date: Sat, 09 Nov 2024 19:44:31 GMT
Expires: Sat, 09 Nov 2024 19:44:31 GMT
Pragma: no-cache
Server: pve-api-daemon/3.0

{"data":[{"maxmem":2147483648,"maxcpu":2,"netin":0,"maxdisk":3758096384,"template":1,"name":"ubuntu-2404-cloudinit-template","disk":0,"diskread":0,"cpu":0,"node":"host1","vmid":9000,"netout":0,"id":"qemu/9000","status":"stopped","type":"qemu","diskwrite":0,"mem":0,"uptime":0}]}
2024/11/09 19:44:31 <<<<<<<<<< RESULT:
HTTP/1.1 200 OK
Content-Length: 278
Cache-Control: max-age=0
Connection: Keep-Alive
Content-Type: application/json;charset=UTF-8
Date: Sat, 09 Nov 2024 19:44:31 GMT
Expires: Sat, 09 Nov 2024 19:44:31 GMT
Pragma: no-cache
Server: pve-api-daemon/3.0

{"data":[{"maxmem":2147483648,"netin":0,"maxcpu":2,"maxdisk":3758096384,"template":1,"name":"ubuntu-2404-cloudinit-template","disk":0,"node":"host1","cpu":0,"diskread":0,"netout":0,"vmid":9000,"status":"stopped","id":"qemu/9000","uptime":0,"type":"qemu","diskwrite":0,"mem":0}]}
2024/11/09 19:44:31 >>>>>>>>>> REQUEST:
GET /api2/json/cluster/nextid HTTP/1.1
Host: 192.168.1.131:8006
User-Agent: Go-http-client/1.1
Accept: application/json
Authorization: PVEAPIToken=root@pam!terraform=dba20ece-0d5e-4bb1-ba59-456e7d36738f
Accept-Encoding: gzip

2024/11/09 19:44:31 <<<<<<<<<< RESULT:
HTTP/1.1 200 OK
Content-Length: 14
Cache-Control: max-age=0
Connection: Keep-Alive
Content-Type: application/json;charset=UTF-8
Date: Sat, 09 Nov 2024 19:44:31 GMT
Expires: Sat, 09 Nov 2024 19:44:31 GMT
Pragma: no-cache
Server: pve-api-daemon/3.0

{"data":"100"}
2024/11/09 19:44:31 >>>>>>>>>> REQUEST:
GET /api2/json/cluster/resources?type=vm HTTP/1.1
Host: 192.168.1.131:8006
User-Agent: Go-http-client/1.1
Accept: application/json
Authorization: PVEAPIToken=root@pam!terraform=dba20ece-0d5e-4bb1-ba59-456e7d36738f
Accept-Encoding: gzip

2024/11/09 19:44:31 >>>>>>>>>> REQUEST:
GET /api2/json/cluster/nextid HTTP/1.1
Host: 192.168.1.131:8006
User-Agent: Go-http-client/1.1
Accept: application/json
Authorization: PVEAPIToken=root@pam!terraform=dba20ece-0d5e-4bb1-ba59-456e7d36738f
Accept-Encoding: gzip

2024/11/09 19:44:31 <<<<<<<<<< RESULT:
HTTP/1.1 200 OK
Content-Length: 278
Cache-Control: max-age=0
Connection: Keep-Alive
Content-Type: application/json;charset=UTF-8
Date: Sat, 09 Nov 2024 19:44:31 GMT
Expires: Sat, 09 Nov 2024 19:44:31 GMT
Pragma: no-cache
Server: pve-api-daemon/3.0

{"data":[{"maxmem":2147483648,"maxdisk":3758096384,"netin":0,"maxcpu":2,"template":1,"name":"ubuntu-2404-cloudinit-template","disk":0,"node":"host1","cpu":0,"diskread":0,"status":"stopped","id":"qemu/9000","netout":0,"vmid":9000,"uptime":0,"type":"qemu","diskwrite":0,"mem":0}]}
2024/11/09 19:44:31 <<<<<<<<<< RESULT:
HTTP/1.1 200 OK
Content-Length: 14
Cache-Control: max-age=0
Connection: Keep-Alive
Content-Type: application/json;charset=UTF-8
Date: Sat, 09 Nov 2024 19:44:31 GMT
Expires: Sat, 09 Nov 2024 19:44:31 GMT
Pragma: no-cache
Server: pve-api-daemon/3.0

{"data":"100"}
2024/11/09 19:44:31 [DEBUG][QemuVmCreate] cloning VM
2024/11/09 19:44:31 >>>>>>>>>> REQUEST:
GET /api2/json/cluster/resources?type=vm HTTP/1.1
Host: 192.168.1.131:8006
User-Agent: Go-http-client/1.1
Accept: application/json
Authorization: PVEAPIToken=root@pam!terraform=dba20ece-0d5e-4bb1-ba59-456e7d36738f
Accept-Encoding: gzip

[90mSat, 09 Nov 2024 19:44:31 +0000[0m DBG [1mgithub.com/Telmate/terraform-provider-proxmox/v2/proxmox/resource_vm_qemu.go:1079[0m[36m >[0m Cloning VM [36mloggerName=[0mresource_vm_create [36mvmid=[0m
2024/11/09 19:44:31 >>>>>>>>>> REQUEST:
POST /api2/json/nodes/host1/qemu/9000/clone HTTP/1.1
Host: 192.168.1.131:8006
User-Agent: Go-http-client/1.1
Content-Length: 43
Accept: application/json
Authorization: PVEAPIToken=root@pam!terraform=dba20ece-0d5e-4bb1-ba59-456e7d36738f
Content-Type: application/x-www-form-urlencoded
Accept-Encoding: gzip

full=1&name=postgres&newid=100&target=host1
2024/11/09 19:44:31 <<<<<<<<<< RESULT:
HTTP/1.1 200 OK
Content-Length: 278
Cache-Control: max-age=0
Connection: Keep-Alive
Content-Type: application/json;charset=UTF-8
Date: Sat, 09 Nov 2024 19:44:31 GMT
Expires: Sat, 09 Nov 2024 19:44:31 GMT
Pragma: no-cache
Server: pve-api-daemon/3.0

{"data":[{"template":1,"maxdisk":3758096384,"maxcpu":2,"netin":0,"maxmem":2147483648,"mem":0,"diskwrite":0,"type":"qemu","uptime":0,"status":"stopped","id":"qemu/9000","vmid":9000,"netout":0,"diskread":0,"cpu":0,"node":"host1","disk":0,"name":"ubuntu-2404-cloudinit-template"}]}
2024/11/09 19:44:31 [DEBUG][QemuVmCreate] cloning VM
[90mSat, 09 Nov 2024 19:44:31 +0000[0m DBG [1mgithub.com/Telmate/terraform-provider-proxmox/v2/proxmox/resource_vm_qemu.go:1079[0m[36m >[0m Cloning VM [36mloggerName=[0mresource_vm_create [36mvmid=[0m
2024/11/09 19:44:31 >>>>>>>>>> REQUEST:
POST /api2/json/nodes/host1/qemu/9000/clone HTTP/1.1
Host: 192.168.1.131:8006
User-Agent: Go-http-client/1.1
Content-Length: 40
Accept: application/json
Authorization: PVEAPIToken=root@pam!terraform=dba20ece-0d5e-4bb1-ba59-456e7d36738f
Content-Type: application/x-www-form-urlencoded
Accept-Encoding: gzip

full=1&name=mysql&newid=100&target=host1
2024/11/09 19:44:31 <<<<<<<<<< RESULT:
HTTP/1.1 200 OK
Connection: close
Content-Length: 81
Cache-Control: max-age=0
Content-Type: application/json;charset=UTF-8
Date: Sat, 09 Nov 2024 19:44:31 GMT
Expires: Sat, 09 Nov 2024 19:44:31 GMT
Pragma: no-cache
Server: pve-api-daemon/3.0

{"data":"UPID:host1:001B5FFA:19550BB5:672FBB9F:qmclone:9000:root@pam!terraform:"}
2024/11/09 19:44:31 >>>>>>>>>> REQUEST:
GET /api2/json/nodes/host1/tasks/UPID:host1:001B5FFA:19550BB5:672FBB9F:qmclone:9000:root@pam!terraform:/status HTTP/1.1
Host: 192.168.1.131:8006
User-Agent: Go-http-client/1.1
Accept: application/json
Authorization: PVEAPIToken=root@pam!terraform=dba20ece-0d5e-4bb1-ba59-456e7d36738f
Accept-Encoding: gzip

2024/11/09 19:44:31 <<<<<<<<<< RESULT:
HTTP/1.1 500 unable to create VM 100: config file already exists
Connection: close
Content-Length: 13
Cache-Control: max-age=0
Content-Type: application/json;charset=UTF-8
Date: Sat, 09 Nov 2024 19:44:31 GMT
Expires: Sat, 09 Nov 2024 19:44:31 GMT
Pragma: no-cache
Server: pve-api-daemon/3.0

{"data":null}
2024/11/09 19:44:31 <<<<<<<<<< RESULT:
HTTP/1.1 200 OK
Content-Length: 249
Cache-Control: max-age=0
Connection: Keep-Alive
Connection: Keep-Alive
Content-Type: application/json;charset=UTF-8
Date: Sat, 09 Nov 2024 19:44:31 GMT
Expires: Sat, 09 Nov 2024 19:44:31 GMT
Pragma: no-cache
Server: pve-api-daemon/3.0

{"data":{"pstart":425003957,"pid":1794042,"type":"qmclone","user":"root@pam","starttime":1731181471,"status":"running","id":"9000","upid":"UPID:host1:001B5FFA:19550BB5:672FBB9F:qmclone:9000:root@pam!terraform:","tokenid":"terraform","node":"host1"}}
2024/11/09 19:44:33 >>>>>>>>>> REQUEST:
GET /api2/json/nodes/host1/tasks/UPID:host1:001B5FFA:19550BB5:672FBB9F:qmclone:9000:root@pam!terraform:/status HTTP/1.1
Host: 192.168.1.131:8006
User-Agent: Go-http-client/1.1
Accept: application/json
Authorization: PVEAPIToken=root@pam!terraform=dba20ece-0d5e-4bb1-ba59-456e7d36738f
Accept-Encoding: gzip

2024/11/09 19:44:33 <<<<<<<<<< RESULT:
HTTP/1.1 200 OK
Content-Length: 267
Cache-Control: max-age=0
Connection: Keep-Alive
Connection: Keep-Alive
Content-Type: application/json;charset=UTF-8
Date: Sat, 09 Nov 2024 19:44:33 GMT
Expires: Sat, 09 Nov 2024 19:44:33 GMT
Pragma: no-cache
Server: pve-api-daemon/3.0

{"data":{"pid":1794042,"pstart":425003957,"starttime":1731181471,"tokenid":"terraform","upid":"UPID:host1:001B5FFA:19550BB5:672FBB9F:qmclone:9000:root@pam!terraform:","node":"host1","user":"root@pam","type":"qmclone","exitstatus":"OK","id":"9000","status":"stopped"}}
2024/11/09 19:44:43 [DEBUG][QemuVmCreate] update VM after clone
2024/11/09 19:44:43 >>>>>>>>>> REQUEST:
GET /api2/json/nodes/host1/qemu/100/config HTTP/1.1
Host: 192.168.1.131:8006
User-Agent: Go-http-client/1.1
Accept: application/json
Authorization: PVEAPIToken=root@pam!terraform=dba20ece-0d5e-4bb1-ba59-456e7d36738f
Accept-Encoding: gzip

2024/11/09 19:44:43 <<<<<<<<<< RESULT:
HTTP/1.1 200 OK
Content-Length: 484
Cache-Control: max-age=0
Connection: Keep-Alive
Content-Type: application/json;charset=UTF-8
Date: Sat, 09 Nov 2024 19:44:43 GMT
Expires: Sat, 09 Nov 2024 19:44:43 GMT
Pragma: no-cache
Server: pve-api-daemon/3.0

{"data":{"cores":2,"ide2":"vms:100/vm-100-cloudinit.qcow2,media=cdrom,size=4M","digest":"e6dc2c0e32e984daf4507a4f03268642096daa65","name":"postgres","boot":"c","agent":"enabled=1","meta":"creation-qemu=8.0.2,ctime=1731179948","bootdisk":"scsi0","net0":"virtio=C6:B9:D3:5C:3A:0D,bridge=vmbr0","vmgenid":"45cca967-b00e-4c32-b07a-e9050a4834ee","scsi0":"vms:100/vm-100-disk-0.raw,size=3584M","scsihw":"virtio-scsi-pci","smbios1":"uuid=77f36560-fe24-4cd7-92e1-f60573eb6635","memory":2048}}
2024/11/09 19:44:43 >>>>>>>>>> REQUEST:
GET /api2/json/cluster/resources?type=vm HTTP/1.1
Host: 192.168.1.131:8006
User-Agent: Go-http-client/1.1
Accept: application/json
Authorization: PVEAPIToken=root@pam!terraform=dba20ece-0d5e-4bb1-ba59-456e7d36738f
Accept-Encoding: gzip

2024/11/09 19:44:43 <<<<<<<<<< RESULT:
HTTP/1.1 200 OK
Content-Length: 522
Cache-Control: max-age=0
Connection: Keep-Alive
Content-Type: application/json;charset=UTF-8
Date: Sat, 09 Nov 2024 19:44:43 GMT
Expires: Sat, 09 Nov 2024 19:44:43 GMT
Pragma: no-cache
Server: pve-api-daemon/3.0

{"data":[{"template":0,"maxmem":2147483648,"maxcpu":2,"netin":0,"maxdisk":3758096384,"vmid":100,"netout":0,"id":"qemu/100","status":"stopped","diskwrite":0,"mem":0,"type":"qemu","uptime":0,"disk":0,"name":"postgres","diskread":0,"cpu":0,"node":"host1"},{"name":"ubuntu-2404-cloudinit-template","disk":0,"diskread":0,"cpu":0,"node":"host1","id":"qemu/9000","status":"stopped","vmid":9000,"netout":0,"diskwrite":0,"mem":0,"type":"qemu","uptime":0,"maxmem":2147483648,"maxdisk":3758096384,"maxcpu":2,"netin":0,"template":1}]}
2024/11/09 19:44:43 >>>>>>>>>> REQUEST:
GET /api2/json/cluster/ha/resources/100 HTTP/1.1
Host: 192.168.1.131:8006
User-Agent: Go-http-client/1.1
Accept: application/json
Authorization: PVEAPIToken=root@pam!terraform=dba20ece-0d5e-4bb1-ba59-456e7d36738f
Accept-Encoding: gzip

2024/11/09 19:44:43 <<<<<<<<<< RESULT:
HTTP/1.1 500 no such resource 'vm:100'
Connection: close
Content-Length: 13
Cache-Control: max-age=0
Content-Type: application/json;charset=UTF-8
Date: Sat, 09 Nov 2024 19:44:43 GMT
Expires: Sat, 09 Nov 2024 19:44:43 GMT
Pragma: no-cache
Server: pve-api-daemon/3.0

{"data":null}
2024/11/09 19:44:43 >>>>>>>>>> REQUEST:
GET /api2/json/version HTTP/1.1
Host: 192.168.1.131:8006
User-Agent: Go-http-client/1.1
Accept: application/json
Authorization: PVEAPIToken=root@pam!terraform=dba20ece-0d5e-4bb1-ba59-456e7d36738f
Accept-Encoding: gzip

2024/11/09 19:44:43 <<<<<<<<<< RESULT:
HTTP/1.1 200 OK
Content-Length: 72
Cache-Control: max-age=0
Connection: Keep-Alive
Content-Type: application/json;charset=UTF-8
Date: Sat, 09 Nov 2024 19:44:43 GMT
Expires: Sat, 09 Nov 2024 19:44:43 GMT
Pragma: no-cache
Server: pve-api-daemon/3.0

{"data":{"repoid":"bbf3993334bfa916","version":"8.0.3","release":"8.0"}}
2024/11/09 19:44:43 >>>>>>>>>> REQUEST:
POST /api2/json/nodes/host1/qemu/100/move_disk HTTP/1.1
Host: 192.168.1.131:8006
User-Agent: Go-http-client/1.1
Content-Length: 44
Accept: application/json
Authorization: PVEAPIToken=root@pam!terraform=dba20ece-0d5e-4bb1-ba59-456e7d36738f
Content-Type: application/x-www-form-urlencoded
Accept-Encoding: gzip

delete=1&disk=scsi0&format=qcow2&storage=vms
2024/11/09 19:44:43 <<<<<<<<<< RESULT:
HTTP/1.1 200 OK
Connection: close
Content-Length: 79
Cache-Control: max-age=0
Content-Type: application/json;charset=UTF-8
Date: Sat, 09 Nov 2024 19:44:43 GMT
Expires: Sat, 09 Nov 2024 19:44:43 GMT
Pragma: no-cache
Server: pve-api-daemon/3.0

{"data":"UPID:host1:001B603C:19551087:672FBBAB:qmmove:100:root@pam!terraform:"}
2024/11/09 19:44:43 >>>>>>>>>> REQUEST:
GET /api2/json/nodes/host1/tasks/UPID:host1:001B603C:19551087:672FBBAB:qmmove:100:root@pam!terraform:/status HTTP/1.1
Host: 192.168.1.131:8006
User-Agent: Go-http-client/1.1
Accept: application/json
Authorization: PVEAPIToken=root@pam!terraform=dba20ece-0d5e-4bb1-ba59-456e7d36738f
Accept-Encoding: gzip

2024/11/09 19:44:43 <<<<<<<<<< RESULT:
HTTP/1.1 200 OK
Content-Length: 245
Cache-Control: max-age=0
Connection: Keep-Alive
Connection: Keep-Alive
Content-Type: application/json;charset=UTF-8
Date: Sat, 09 Nov 2024 19:44:44 GMT
Expires: Sat, 09 Nov 2024 19:44:44 GMT
Pragma: no-cache
Server: pve-api-daemon/3.0

{"data":{"pid":1794108,"pstart":425005191,"starttime":1731181483,"type":"qmmove","user":"root@pam","tokenid":"terraform","upid":"UPID:host1:001B603C:19551087:672FBBAB:qmmove:100:root@pam!terraform:","id":"100","status":"running","node":"host1"}}
2024/11/09 19:44:45 >>>>>>>>>> REQUEST:
GET /api2/json/nodes/host1/tasks/UPID:host1:001B603C:19551087:672FBBAB:qmmove:100:root@pam!terraform:/status HTTP/1.1
Host: 192.168.1.131:8006
User-Agent: Go-http-client/1.1
Accept: application/json
Authorization: PVEAPIToken=root@pam!terraform=dba20ece-0d5e-4bb1-ba59-456e7d36738f
Accept-Encoding: gzip

2024/11/09 19:44:46 <<<<<<<<<< RESULT:
HTTP/1.1 200 OK
Content-Length: 263
Cache-Control: max-age=0
Connection: Keep-Alive
Connection: Keep-Alive
Content-Type: application/json;charset=UTF-8
Date: Sat, 09 Nov 2024 19:44:46 GMT
Expires: Sat, 09 Nov 2024 19:44:46 GMT
Pragma: no-cache
Server: pve-api-daemon/3.0

{"data":{"pid":1794108,"pstart":425005191,"starttime":1731181483,"tokenid":"terraform","upid":"UPID:host1:001B603C:19551087:672FBBAB:qmmove:100:root@pam!terraform:","node":"host1","user":"root@pam","type":"qmmove","exitstatus":"OK","id":"100","status":"stopped"}}
2024/11/09 19:44:46 >>>>>>>>>> REQUEST:
PUT /api2/json/nodes/host1/qemu/100/resize HTTP/1.1
Host: 192.168.1.131:8006
User-Agent: Go-http-client/1.1
Content-Length: 25
Accept: application/json
Authorization: PVEAPIToken=root@pam!terraform=dba20ece-0d5e-4bb1-ba59-456e7d36738f
Content-Type: application/x-www-form-urlencoded
Accept-Encoding: gzip

disk=scsi0&size=10485760K
2024/11/09 19:44:46 <<<<<<<<<< RESULT:
HTTP/1.1 200 OK
Content-Length: 79
Cache-Control: max-age=0
Connection: Keep-Alive
Connection: Keep-Alive
Content-Type: application/json;charset=UTF-8
Date: Sat, 09 Nov 2024 19:44:46 GMT
Expires: Sat, 09 Nov 2024 19:44:46 GMT
Pragma: no-cache
Server: pve-api-daemon/3.0

{"data":"UPID:host1:001B605B:19551163:672FBBAE:resize:100:root@pam!terraform:"}
2024/11/09 19:44:46 >>>>>>>>>> REQUEST:
GET /api2/json/nodes/host1/tasks/UPID:host1:001B605B:19551163:672FBBAE:resize:100:root@pam!terraform:/status HTTP/1.1
Host: 192.168.1.131:8006
User-Agent: Go-http-client/1.1
Accept: application/json
Authorization: PVEAPIToken=root@pam!terraform=dba20ece-0d5e-4bb1-ba59-456e7d36738f
Accept-Encoding: gzip

2024/11/09 19:44:46 <<<<<<<<<< RESULT:
HTTP/1.1 200 OK
Content-Length: 245
Cache-Control: max-age=0
Connection: Keep-Alive
Connection: Keep-Alive
Content-Type: application/json;charset=UTF-8
Date: Sat, 09 Nov 2024 19:44:46 GMT
Expires: Sat, 09 Nov 2024 19:44:46 GMT
Pragma: no-cache
Server: pve-api-daemon/3.0

{"data":{"pid":1794139,"pstart":425005411,"starttime":1731181486,"type":"resize","user":"root@pam","tokenid":"terraform","upid":"UPID:host1:001B605B:19551163:672FBBAE:resize:100:root@pam!terraform:","id":"100","status":"running","node":"host1"}}
2024/11/09 19:44:48 >>>>>>>>>> REQUEST:
GET /api2/json/nodes/host1/tasks/UPID:host1:001B605B:19551163:672FBBAE:resize:100:root@pam!terraform:/status HTTP/1.1
Host: 192.168.1.131:8006
User-Agent: Go-http-client/1.1
Accept: application/json
Authorization: PVEAPIToken=root@pam!terraform=dba20ece-0d5e-4bb1-ba59-456e7d36738f
Accept-Encoding: gzip

2024/11/09 19:44:48 <<<<<<<<<< RESULT:
HTTP/1.1 200 OK
Content-Length: 263
Cache-Control: max-age=0
Connection: Keep-Alive
Connection: Keep-Alive
Content-Type: application/json;charset=UTF-8
Date: Sat, 09 Nov 2024 19:44:48 GMT
Expires: Sat, 09 Nov 2024 19:44:48 GMT
Pragma: no-cache
Server: pve-api-daemon/3.0

{"data":{"type":"resize","user":"root@pam","exitstatus":"OK","status":"stopped","id":"100","starttime":1731181486,"pid":1794139,"pstart":425005411,"node":"host1","upid":"UPID:host1:001B605B:19551163:672FBBAE:resize:100:root@pam!terraform:","tokenid":"terraform"}}
2024/11/09 19:44:48 >>>>>>>>>> REQUEST:
GET /api2/json/nodes/host1/qemu/100/config HTTP/1.1
Host: 192.168.1.131:8006
User-Agent: Go-http-client/1.1
Accept: application/json
Authorization: PVEAPIToken=root@pam!terraform=dba20ece-0d5e-4bb1-ba59-456e7d36738f
Accept-Encoding: gzip

2024/11/09 19:44:48 <<<<<<<<<< RESULT:
HTTP/1.1 200 OK
Content-Length: 484
Cache-Control: max-age=0
Connection: Keep-Alive
Content-Type: application/json;charset=UTF-8
Date: Sat, 09 Nov 2024 19:44:48 GMT
Expires: Sat, 09 Nov 2024 19:44:48 GMT
Pragma: no-cache
Server: pve-api-daemon/3.0

{"data":{"scsi0":"vms:100/vm-100-disk-1.qcow2,size=10G","vmgenid":"45cca967-b00e-4c32-b07a-e9050a4834ee","memory":2048,"smbios1":"uuid=77f36560-fe24-4cd7-92e1-f60573eb6635","scsihw":"virtio-scsi-pci","bootdisk":"scsi0","net0":"virtio=C6:B9:D3:5C:3A:0D,bridge=vmbr0","boot":"c","meta":"creation-qemu=8.0.2,ctime=1731179948","agent":"enabled=1","cores":2,"name":"postgres","digest":"f2ca248afb76f841c20601fb6d5324878e25d604","ide2":"vms:100/vm-100-cloudinit.qcow2,media=cdrom,size=4M"}}
2024/11/09 19:44:48 >>>>>>>>>> REQUEST:
GET /api2/json/cluster/resources?type=vm HTTP/1.1
Host: 192.168.1.131:8006
User-Agent: Go-http-client/1.1
Accept: application/json
Authorization: PVEAPIToken=root@pam!terraform=dba20ece-0d5e-4bb1-ba59-456e7d36738f
Accept-Encoding: gzip

2024/11/09 19:44:48 <<<<<<<<<< RESULT:
HTTP/1.1 200 OK
Content-Length: 522
Cache-Control: max-age=0
Connection: Keep-Alive
Content-Type: application/json;charset=UTF-8
Date: Sat, 09 Nov 2024 19:44:48 GMT
Expires: Sat, 09 Nov 2024 19:44:48 GMT
Pragma: no-cache
Server: pve-api-daemon/3.0

{"data":[{"template":0,"netin":0,"maxcpu":2,"maxdisk":3758096384,"maxmem":2147483648,"uptime":0,"diskwrite":0,"type":"qemu","mem":0,"netout":0,"vmid":100,"status":"stopped","id":"qemu/100","node":"host1","diskread":0,"cpu":0,"name":"postgres","disk":0},{"diskwrite":0,"mem":0,"type":"qemu","uptime":0,"status":"stopped","id":"qemu/9000","vmid":9000,"netout":0,"cpu":0,"diskread":0,"node":"host1","disk":0,"name":"ubuntu-2404-cloudinit-template","template":1,"maxdisk":3758096384,"maxcpu":2,"netin":0,"maxmem":2147483648}]}
2024/11/09 19:44:48 >>>>>>>>>> REQUEST:
GET /api2/json/cluster/ha/resources/100 HTTP/1.1
Host: 192.168.1.131:8006
User-Agent: Go-http-client/1.1
Accept: application/json
Authorization: PVEAPIToken=root@pam!terraform=dba20ece-0d5e-4bb1-ba59-456e7d36738f
Accept-Encoding: gzip

2024/11/09 19:44:48 <<<<<<<<<< RESULT:
HTTP/1.1 500 no such resource 'vm:100'
Connection: close
Content-Length: 13
Cache-Control: max-age=0
Content-Type: application/json;charset=UTF-8
Date: Sat, 09 Nov 2024 19:44:48 GMT
Expires: Sat, 09 Nov 2024 19:44:48 GMT
Pragma: no-cache
Server: pve-api-daemon/3.0

{"data":null}
2024/11/09 19:44:48 >>>>>>>>>> REQUEST:
PUT /api2/json/nodes/host1/qemu/100/config HTTP/1.1
Host: 192.168.1.131:8006
User-Agent: Go-http-client/1.1
Content-Length: 687
Accept: application/json
Authorization: PVEAPIToken=root@pam!terraform=dba20ece-0d5e-4bb1-ba59-456e7d36738f
Content-Type: application/x-www-form-urlencoded
Accept-Encoding: gzip

agent=1&balloon=0&bios=seabios&cicustom=&cipassword=&ciupgrade=0&cores=1&cpu=host&delete=ide2%2Cshares&hotplug=network%2Cdisk%2Cusb&ipconfig0=ip%3D192.168.1.202%2F24%2Cgw%3D192.168.1.1&kvm=1&memory=4096&name=postgres&net0=virtio%3DDA%3AAA%3AA9%3AA6%3A7B%3A30%2Cbridge%3Dvmbr0&numa=0&onboot=1&protection=0&scsi0=vms%3A100%2Fvm-100-disk-1.qcow2%2Creplicate%3D0&scsihw=virtio-scsi-pci&sockets=1&sshkeys=%2520ssh-ed25519%2520AAAAC3NzaC1lZDI1NTE5AAAAIOLiEeOqR0KLdVZ64p94nk2fSno1jyminStrv2OPVcd2%2520code%2540paultibbetts.uk%250Assh-ed25519%2520AAAAC3NzaC1lZDI1NTE5AAAAIPfx70ArvHPF%252B9U3GgKgNEAWkXSyZMun83sn9582Pl4e%2520code%2540paultibbetts.uk%250A%250A%250A&tablet=1&tags=database&vmid=100
2024/11/09 19:44:48 <<<<<<<<<< RESULT:
HTTP/1.1 500 only root can set 'ciupgrade' config
Connection: close
Content-Length: 13
Cache-Control: max-age=0
Content-Type: application/json;charset=UTF-8
Date: Sat, 09 Nov 2024 19:44:48 GMT
Expires: Sat, 09 Nov 2024 19:44:48 GMT
Pragma: no-cache
Server: pve-api-daemon/3.0

{"data":null}
[90mSat, 09 Nov 2024 20:03:27 +0000[0m [32mINF[0m [1mgithub.com/Telmate/terraform-provider-proxmox/v2/proxmox/util.go:158[0m[36m >[0m [1mEnabling the capture of log-library logs as ithe _capturelog flag was detected[0m
[90mSat, 09 Nov 2024 20:03:27 +0000[0m [32mINF[0m [1mgithub.com/Telmate/terraform-provider-proxmox/v2/proxmox/util.go:191[0m[36m >[0m [1mLogging Started. Root Logger Set to level debug[0m
[90mSat, 09 Nov 2024 20:03:27 +0000[0m [32mINF[0m [1mgithub.com/Telmate/terraform-provider-proxmox/v2/proxmox/resource_vm_qemu.go:1432[0m[36m >[0m [1mReading configuration for vmid[0m [36mloggerName=[0mresource_vm_read [36mvmid=[0m100
2024/11/09 20:03:27 >>>>>>>>>> REQUEST:
GET /api2/json/cluster/resources?type=vm HTTP/1.1
Host: 192.168.1.131:8006
User-Agent: Go-http-client/1.1
Accept: application/json
Authorization: PVEAPIToken=terraform-prov@pve!token=91816282-ad84-442d-86b9-c218ab94ec05
Accept-Encoding: gzip

2024/11/09 20:03:27 <<<<<<<<<< RESULT:
HTTP/1.1 200 OK
Content-Length: 523
Cache-Control: max-age=0
Connection: Keep-Alive
Content-Type: application/json;charset=UTF-8
Date: Sat, 09 Nov 2024 20:03:27 GMT
Expires: Sat, 09 Nov 2024 20:03:27 GMT
Pragma: no-cache
Server: pve-api-daemon/3.0

{"data":[{"diskread":0,"cpu":0,"node":"host1","disk":0,"name":"postgres","type":"qemu","diskwrite":0,"mem":0,"uptime":0,"vmid":100,"netout":0,"status":"stopped","id":"qemu/100","maxcpu":2,"netin":0,"maxdisk":10737418240,"maxmem":2147483648,"template":0},{"type":"qemu","diskwrite":0,"mem":0,"uptime":0,"status":"stopped","id":"qemu/9000","vmid":9000,"netout":0,"diskread":0,"cpu":0,"node":"host1","name":"ubuntu-2404-cloudinit-template","disk":0,"template":1,"maxdisk":3758096384,"maxcpu":2,"netin":0,"maxmem":2147483648}]}
2024/11/09 20:03:27 >>>>>>>>>> REQUEST:
GET /api2/json/nodes/host1/qemu/100/config HTTP/1.1
Host: 192.168.1.131:8006
User-Agent: Go-http-client/1.1
Accept: application/json
Authorization: PVEAPIToken=terraform-prov@pve!token=91816282-ad84-442d-86b9-c218ab94ec05
Accept-Encoding: gzip

2024/11/09 20:03:27 <<<<<<<<<< RESULT:
HTTP/1.1 200 OK
Content-Length: 484
Cache-Control: max-age=0
Connection: Keep-Alive
Content-Type: application/json;charset=UTF-8
Date: Sat, 09 Nov 2024 20:03:27 GMT
Expires: Sat, 09 Nov 2024 20:03:27 GMT
Pragma: no-cache
Server: pve-api-daemon/3.0

{"data":{"ide2":"vms:100/vm-100-cloudinit.qcow2,media=cdrom,size=4M","name":"postgres","digest":"f2ca248afb76f841c20601fb6d5324878e25d604","cores":2,"meta":"creation-qemu=8.0.2,ctime=1731179948","agent":"enabled=1","boot":"c","net0":"virtio=C6:B9:D3:5C:3A:0D,bridge=vmbr0","bootdisk":"scsi0","scsihw":"virtio-scsi-pci","memory":2048,"smbios1":"uuid=77f36560-fe24-4cd7-92e1-f60573eb6635","vmgenid":"45cca967-b00e-4c32-b07a-e9050a4834ee","scsi0":"vms:100/vm-100-disk-1.qcow2,size=10G"}}
2024/11/09 20:03:27 >>>>>>>>>> REQUEST:
GET /api2/json/cluster/resources?type=vm HTTP/1.1
Host: 192.168.1.131:8006
User-Agent: Go-http-client/1.1
Accept: application/json
Authorization: PVEAPIToken=terraform-prov@pve!token=91816282-ad84-442d-86b9-c218ab94ec05
Accept-Encoding: gzip

2024/11/09 20:03:27 <<<<<<<<<< RESULT:
HTTP/1.1 200 OK
Content-Length: 523
Cache-Control: max-age=0
Connection: Keep-Alive
Content-Type: application/json;charset=UTF-8
Date: Sat, 09 Nov 2024 20:03:27 GMT
Expires: Sat, 09 Nov 2024 20:03:27 GMT
Pragma: no-cache
Server: pve-api-daemon/3.0

{"data":[{"node":"host1","cpu":0,"diskread":0,"name":"postgres","disk":0,"uptime":0,"diskwrite":0,"type":"qemu","mem":0,"netout":0,"vmid":100,"id":"qemu/100","status":"stopped","netin":0,"maxcpu":2,"maxdisk":10737418240,"maxmem":2147483648,"template":0},{"template":1,"maxmem":2147483648,"netin":0,"maxcpu":2,"maxdisk":3758096384,"netout":0,"vmid":9000,"id":"qemu/9000","status":"stopped","uptime":0,"diskwrite":0,"mem":0,"type":"qemu","disk":0,"name":"ubuntu-2404-cloudinit-template","node":"host1","cpu":0,"diskread":0}]}
2024/11/09 20:03:27 >>>>>>>>>> REQUEST:
GET /api2/json/cluster/ha/resources/100 HTTP/1.1
Host: 192.168.1.131:8006
User-Agent: Go-http-client/1.1
Accept: application/json
Authorization: PVEAPIToken=terraform-prov@pve!token=91816282-ad84-442d-86b9-c218ab94ec05
Accept-Encoding: gzip

2024/11/09 20:03:27 <<<<<<<<<< RESULT:
HTTP/1.1 500 no such resource 'vm:100'
Connection: close
Content-Length: 13
Cache-Control: max-age=0
Content-Type: application/json;charset=UTF-8
Date: Sat, 09 Nov 2024 20:03:27 GMT
Expires: Sat, 09 Nov 2024 20:03:27 GMT
Pragma: no-cache
Server: pve-api-daemon/3.0

{"data":null}
2024/11/09 20:03:27 >>>>>>>>>> REQUEST:
GET /api2/json/nodes/host1/qemu/100/status/current HTTP/1.1
Host: 192.168.1.131:8006
User-Agent: Go-http-client/1.1
Accept: application/json
Authorization: PVEAPIToken=terraform-prov@pve!token=91816282-ad84-442d-86b9-c218ab94ec05
Accept-Encoding: gzip

2024/11/09 20:03:27 <<<<<<<<<< RESULT:
HTTP/1.1 200 OK
Content-Length: 244
Cache-Control: max-age=0
Connection: Keep-Alive
Connection: Keep-Alive
Content-Type: application/json;charset=UTF-8
Date: Sat, 09 Nov 2024 20:03:27 GMT
Expires: Sat, 09 Nov 2024 20:03:27 GMT
Pragma: no-cache
Server: pve-api-daemon/3.0

{"data":{"netin":0,"ha":{"managed":0},"netout":0,"diskread":0,"status":"stopped","diskwrite":0,"disk":0,"qmpstatus":"stopped","uptime":0,"mem":0,"name":"postgres","agent":1,"cpus":2,"maxdisk":10737418240,"maxmem":2147483648,"cpu":0,"vmid":100}}
2024/11/09 20:03:27 [DEBUG] VM status: stopped
[90mSat, 09 Nov 2024 20:03:27 +0000[0m DBG [1mgithub.com/Telmate/terraform-provider-proxmox/v2/proxmox/resource_vm_qemu.go:1500[0m[36m >[0m [READ] Received Config from Proxmox API: {"agent":{"enable":false},"bios":"seabios","boot":"c","bootdisk":"scsi0","cpu":{"cores":2},"disks":{"ide":{"2":{"cloudinit":{"format":"qcow2","storage":"vms"}}},"scsi":{"0":{"disk":{"backup":true,"bandwidth":{"mbps":{"read":{},"write":{}},"iops":{"read":{},"write":{}}},"discard":false,"emulatessd":false,"format":"qcow2","id":1,"iothread":false,"linked":null,"readonly":false,"replicate":true,"size":10485760,"storage":"vms","wwn":""}}}},"hotplug":"network,disk,usb","memory":{"capacity":2048},"name":"postgres","node":"host1","onboot":true,"pool":"","protection":false,"kvm":true,"network":{"0":{"bridge":"vmbr0","id":0,"macaddr":"C6:B9:D3:5C:3A:0D","model":"virtio"}},"ostype":"other","scsihw":"virtio-scsi-pci","smbios1":"uuid=77f36560-fe24-4cd7-92e1-f60573eb6635","tablet":true,"vmid":100} [36mloggerName=[0mresource_vm_read [36mvmid=[0m100
[90mSat, 09 Nov 2024 20:03:27 +0000[0m DBG [1mgithub.com/Telmate/terraform-provider-proxmox/v2/proxmox/resource_vm_qemu.go:1541[0m[36m >[0m key 'force_create' is set to false [36mloggerName=[0mresource_vm_read [36mvmid=[0m100
[90mSat, 09 Nov 2024 20:03:27 +0000[0m DBG [1mgithub.com/Telmate/terraform-provider-proxmox/v2/proxmox/resource_vm_qemu.go:1541[0m[36m >[0m key 'define_connection_info' is set to true [36mloggerName=[0mresource_vm_read [36mvmid=[0m100
[90mSat, 09 Nov 2024 20:03:27 +0000[0m DBG [1mgithub.com/Telmate/terraform-provider-proxmox/v2/proxmox/resource_vm_qemu.go:1555[0m[36m >[0m Hostpci Block Processed 'map[]' [36mloggerName=[0mresource_vm_read [36mvmid=[0m100
[90mSat, 09 Nov 2024 20:03:27 +0000[0m DBG [1mgithub.com/Telmate/terraform-provider-proxmox/v2/proxmox/resource_vm_qemu.go:1563[0m[36m >[0m Usb Block Processed 'map[]' [36mloggerName=[0mresource_vm_read [36mvmid=[0m100
[90mSat, 09 Nov 2024 20:03:27 +0000[0m DBG [1mgithub.com/Telmate/terraform-provider-proxmox/v2/proxmox/resource_vm_qemu.go:1570[0m[36m >[0m Unused Disk Block Processed 'map[]' [36mloggerName=[0mresource_vm_read [36mvmid=[0m100
[90mSat, 09 Nov 2024 20:03:27 +0000[0m DBG [1mgithub.com/Telmate/terraform-provider-proxmox/v2/proxmox/resource_vm_qemu.go:1584[0m[36m >[0m Analyzing Network blocks  [36mloggerName=[0mresource_vm_read [36mvmid=[0m100
[90mSat, 09 Nov 2024 20:03:27 +0000[0m DBG [1mgithub.com/Telmate/terraform-provider-proxmox/v2/proxmox/resource_vm_qemu.go:1586[0m[36m >[0m Network block received 'map[bridge:vmbr0 id:0 macaddr:C6:B9:D3:5C:3A:0D model:virtio]' [36mloggerName=[0mresource_vm_read [36mvmid=[0m100
[90mSat, 09 Nov 2024 20:03:27 +0000[0m DBG [1mgithub.com/Telmate/terraform-provider-proxmox/v2/proxmox/resource_vm_qemu.go:1617[0m[36m >[0m VM Net Config 'map[0:map[bridge:vmbr0 id:0 macaddr:C6:B9:D3:5C:3A:0D model:virtio tag:-1]]' from '[map[bridge:vmbr0 macaddr:C6:B9:D3:5C:3A:0D model:virtio tag:-1]]' set as '[map[bridge:vmbr0 firewall:false link_down:false macaddr:C6:B9:D3:5C:3A:0D model:virtio mtu:0 queues:0 rate:0 tag:-1]]' type of 'string' [36mloggerName=[0mresource_vm_read [36mvmid=[0m100
[90mSat, 09 Nov 2024 20:03:27 +0000[0m DBG [1mgithub.com/Telmate/terraform-provider-proxmox/v2/proxmox/resource_vm_qemu.go:1619[0m[36m >[0m Finished VM read resulting in data: '' [36mloggerName=[0mresource_vm_read [36mvmid=[0m100
[90mSat, 09 Nov 2024 20:03:28 +0000[0m [32mINF[0m [1mgithub.com/Telmate/terraform-provider-proxmox/v2/proxmox/util.go:158[0m[36m >[0m [1mEnabling the capture of log-library logs as ithe _capturelog flag was detected[0m
[90mSat, 09 Nov 2024 20:03:28 +0000[0m [32mINF[0m [1mgithub.com/Telmate/terraform-provider-proxmox/v2/proxmox/util.go:191[0m[36m >[0m [1mLogging Started. Root Logger Set to level debug[0m
2024/11/09 20:03:28 >>>>>>>>>> REQUEST:
GET /api2/json/cluster/resources?type=vm HTTP/1.1
Host: 192.168.1.131:8006
User-Agent: Go-http-client/1.1
Accept: application/json
Authorization: PVEAPIToken=terraform-prov@pve!token=91816282-ad84-442d-86b9-c218ab94ec05
Accept-Encoding: gzip

2024/11/09 20:03:28 <<<<<<<<<< RESULT:
HTTP/1.1 200 OK
Content-Length: 523
Cache-Control: max-age=0
Connection: Keep-Alive
Content-Type: application/json;charset=UTF-8
Date: Sat, 09 Nov 2024 20:03:28 GMT
Expires: Sat, 09 Nov 2024 20:03:28 GMT
Pragma: no-cache
Server: pve-api-daemon/3.0

{"data":[{"template":0,"netin":0,"maxcpu":2,"maxdisk":10737418240,"maxmem":2147483648,"uptime":0,"mem":0,"diskwrite":0,"type":"qemu","netout":0,"vmid":100,"id":"qemu/100","status":"stopped","node":"host1","cpu":0,"diskread":0,"name":"postgres","disk":0},{"maxdisk":3758096384,"netin":0,"maxcpu":2,"maxmem":2147483648,"template":1,"node":"host1","cpu":0,"diskread":0,"disk":0,"name":"ubuntu-2404-cloudinit-template","uptime":0,"diskwrite":0,"mem":0,"type":"qemu","id":"qemu/9000","status":"stopped","netout":0,"vmid":9000}]}
2024/11/09 20:03:28 >>>>>>>>>> REQUEST:
GET /api2/json/nodes/host1/qemu/100/status/current HTTP/1.1
Host: 192.168.1.131:8006
User-Agent: Go-http-client/1.1
Accept: application/json
Authorization: PVEAPIToken=terraform-prov@pve!token=91816282-ad84-442d-86b9-c218ab94ec05
Accept-Encoding: gzip

2024/11/09 20:03:28 [DEBUG] setting computed for "unused_disk" from ComputedKeys
2024/11/09 20:03:28 [DEBUG] setting computed for "smbios" from ComputedKeys
[90mSat, 09 Nov 2024 20:03:28 +0000[0m [32mINF[0m [1mgithub.com/Telmate/terraform-provider-proxmox/v2/proxmox/resource_vm_qemu.go:942[0m[36m >[0m [1mVM creation[0m [36mloggerName=[0mresource_vm_create [36mvmid=[0m
[90mSat, 09 Nov 2024 20:03:28 +0000[0m DBG [1mgithub.com/Telmate/terraform-provider-proxmox/v2/proxmox/resource_vm_qemu.go:943[0m[36m >[0m VM creation resource data: '' [36mloggerName=[0mresource_vm_create [36mvmid=[0m
2024/11/09 20:03:28 [DEBUG][QemuVmCreate] checking for duplicate name: mysql
2024/11/09 20:03:28 >>>>>>>>>> REQUEST:
GET /api2/json/cluster/resources?type=vm HTTP/1.1
Host: 192.168.1.131:8006
User-Agent: Go-http-client/1.1
Accept: application/json
Authorization: PVEAPIToken=terraform-prov@pve!token=91816282-ad84-442d-86b9-c218ab94ec05
Accept-Encoding: gzip

2024/11/09 20:03:28 <<<<<<<<<< RESULT:
HTTP/1.1 200 OK
Content-Length: 244
Cache-Control: max-age=0
Connection: Keep-Alive
Connection: Keep-Alive
Content-Type: application/json;charset=UTF-8
Date: Sat, 09 Nov 2024 20:03:29 GMT
Expires: Sat, 09 Nov 2024 20:03:29 GMT
Pragma: no-cache
Server: pve-api-daemon/3.0

{"data":{"mem":0,"uptime":0,"disk":0,"diskwrite":0,"qmpstatus":"stopped","status":"stopped","diskread":0,"netin":0,"netout":0,"ha":{"managed":0},"cpu":0,"vmid":100,"maxmem":2147483648,"cpus":2,"maxdisk":10737418240,"agent":1,"name":"postgres"}}
2024/11/09 20:03:28 >>>>>>>>>> REQUEST:
DELETE /api2/json/nodes/host1/qemu/100 HTTP/1.1
Host: 192.168.1.131:8006
User-Agent: Go-http-client/1.1
Accept: application/json
Authorization: PVEAPIToken=terraform-prov@pve!token=91816282-ad84-442d-86b9-c218ab94ec05
Accept-Encoding: gzip

2024/11/09 20:03:28 <<<<<<<<<< RESULT:
HTTP/1.1 200 OK
Content-Length: 523
Cache-Control: max-age=0
Connection: Keep-Alive
Content-Type: application/json;charset=UTF-8
Date: Sat, 09 Nov 2024 20:03:29 GMT
Expires: Sat, 09 Nov 2024 20:03:29 GMT
Pragma: no-cache
Server: pve-api-daemon/3.0

{"data":[{"template":0,"maxcpu":2,"netin":0,"maxdisk":10737418240,"maxmem":2147483648,"type":"qemu","diskwrite":0,"mem":0,"uptime":0,"vmid":100,"netout":0,"id":"qemu/100","status":"stopped","diskread":0,"cpu":0,"node":"host1","disk":0,"name":"postgres"},{"disk":0,"name":"ubuntu-2404-cloudinit-template","diskread":0,"cpu":0,"node":"host1","status":"stopped","id":"qemu/9000","vmid":9000,"netout":0,"diskwrite":0,"mem":0,"type":"qemu","uptime":0,"maxmem":2147483648,"maxdisk":3758096384,"maxcpu":2,"netin":0,"template":1}]}
2024/11/09 20:03:28 >>>>>>>>>> REQUEST:
GET /api2/json/cluster/nextid HTTP/1.1
Host: 192.168.1.131:8006
User-Agent: Go-http-client/1.1
Accept: application/json
Authorization: PVEAPIToken=terraform-prov@pve!token=91816282-ad84-442d-86b9-c218ab94ec05
Accept-Encoding: gzip

2024/11/09 20:03:29 <<<<<<<<<< RESULT:
HTTP/1.1 200 OK
Content-Length: 88
Cache-Control: max-age=0
Connection: Keep-Alive
Connection: Keep-Alive
Content-Type: application/json;charset=UTF-8
Date: Sat, 09 Nov 2024 20:03:29 GMT
Expires: Sat, 09 Nov 2024 20:03:29 GMT
Pragma: no-cache
Server: pve-api-daemon/3.0

{"data":"UPID:host1:001B6C61:1956C808:672FC011:qmdestroy:100:terraform-prov@pve!token:"}
2024/11/09 20:03:29 >>>>>>>>>> REQUEST:
GET /api2/json/nodes/host1/tasks/UPID:host1:001B6C61:1956C808:672FC011:qmdestroy:100:terraform-prov@pve!token:/status HTTP/1.1
Host: 192.168.1.131:8006
User-Agent: Go-http-client/1.1
Accept: application/json
Authorization: PVEAPIToken=terraform-prov@pve!token=91816282-ad84-442d-86b9-c218ab94ec05
Accept-Encoding: gzip

2024/11/09 20:03:29 <<<<<<<<<< RESULT:
HTTP/1.1 200 OK
Content-Length: 14
Cache-Control: max-age=0
Connection: Keep-Alive
Content-Type: application/json;charset=UTF-8
Date: Sat, 09 Nov 2024 20:03:29 GMT
Expires: Sat, 09 Nov 2024 20:03:29 GMT
Pragma: no-cache
Server: pve-api-daemon/3.0

{"data":"101"}
2024/11/09 20:03:29 >>>>>>>>>> REQUEST:
GET /api2/json/cluster/resources?type=vm HTTP/1.1
Host: 192.168.1.131:8006
User-Agent: Go-http-client/1.1
Accept: application/json
Authorization: PVEAPIToken=terraform-prov@pve!token=91816282-ad84-442d-86b9-c218ab94ec05
Accept-Encoding: gzip

2024/11/09 20:03:29 <<<<<<<<<< RESULT:
HTTP/1.1 200 OK
Content-Length: 523
Cache-Control: max-age=0
Connection: Keep-Alive
Content-Type: application/json;charset=UTF-8
Date: Sat, 09 Nov 2024 20:03:29 GMT
Expires: Sat, 09 Nov 2024 20:03:29 GMT
Pragma: no-cache
Server: pve-api-daemon/3.0

{"data":[{"maxcpu":2,"netin":0,"maxdisk":10737418240,"maxmem":2147483648,"template":0,"diskread":0,"cpu":0,"node":"host1","name":"postgres","disk":0,"type":"qemu","diskwrite":0,"mem":0,"uptime":0,"vmid":100,"netout":0,"status":"stopped","id":"qemu/100"},{"vmid":9000,"netout":0,"status":"stopped","id":"qemu/9000","mem":0,"diskwrite":0,"type":"qemu","uptime":0,"disk":0,"name":"ubuntu-2404-cloudinit-template","cpu":0,"diskread":0,"node":"host1","template":1,"maxmem":2147483648,"maxcpu":2,"netin":0,"maxdisk":3758096384}]}
2024/11/09 20:03:29 <<<<<<<<<< RESULT:
HTTP/1.1 200 OK
Content-Length: 263
Cache-Control: max-age=0
Connection: Keep-Alive
Connection: Keep-Alive
Content-Type: application/json;charset=UTF-8
Date: Sat, 09 Nov 2024 20:03:29 GMT
Expires: Sat, 09 Nov 2024 20:03:29 GMT
Pragma: no-cache
Server: pve-api-daemon/3.0

{"data":{"pid":1797217,"pstart":425117704,"starttime":1731182609,"user":"terraform-prov@pve","type":"qmdestroy","upid":"UPID:host1:001B6C61:1956C808:672FC011:qmdestroy:100:terraform-prov@pve!token:","tokenid":"token","status":"running","id":"100","node":"host1"}}
2024/11/09 20:03:29 [DEBUG][QemuVmCreate] cloning VM
[90mSat, 09 Nov 2024 20:03:29 +0000[0m DBG [1mgithub.com/Telmate/terraform-provider-proxmox/v2/proxmox/resource_vm_qemu.go:1079[0m[36m >[0m Cloning VM [36mloggerName=[0mresource_vm_create [36mvmid=[0m
2024/11/09 20:03:29 >>>>>>>>>> REQUEST:
POST /api2/json/nodes/host1/qemu/9000/clone HTTP/1.1
Host: 192.168.1.131:8006
User-Agent: Go-http-client/1.1
Content-Length: 40
Accept: application/json
Authorization: PVEAPIToken=terraform-prov@pve!token=91816282-ad84-442d-86b9-c218ab94ec05
Content-Type: application/x-www-form-urlencoded
Accept-Encoding: gzip

full=1&name=mysql&newid=101&target=host1
2024/11/09 20:03:29 <<<<<<<<<< RESULT:
HTTP/1.1 200 OK
Connection: close
Content-Length: 87
Cache-Control: max-age=0
Content-Type: application/json;charset=UTF-8
Date: Sat, 09 Nov 2024 20:03:29 GMT
Expires: Sat, 09 Nov 2024 20:03:29 GMT
Pragma: no-cache
Server: pve-api-daemon/3.0

{"data":"UPID:host1:001B6C64:1956C812:672FC011:qmclone:9000:terraform-prov@pve!token:"}
2024/11/09 20:03:29 >>>>>>>>>> REQUEST:
GET /api2/json/nodes/host1/tasks/UPID:host1:001B6C64:1956C812:672FC011:qmclone:9000:terraform-prov@pve!token:/status HTTP/1.1
Host: 192.168.1.131:8006
User-Agent: Go-http-client/1.1
Accept: application/json
Authorization: PVEAPIToken=terraform-prov@pve!token=91816282-ad84-442d-86b9-c218ab94ec05
Accept-Encoding: gzip

2024/11/09 20:03:29 <<<<<<<<<< RESULT:
HTTP/1.1 200 OK
Content-Length: 261
Cache-Control: max-age=0
Connection: Keep-Alive
Connection: Keep-Alive
Content-Type: application/json;charset=UTF-8
Date: Sat, 09 Nov 2024 20:03:29 GMT
Expires: Sat, 09 Nov 2024 20:03:29 GMT
Pragma: no-cache
Server: pve-api-daemon/3.0

{"data":{"starttime":1731182609,"type":"qmclone","user":"terraform-prov@pve","pid":1797220,"pstart":425117714,"node":"host1","upid":"UPID:host1:001B6C64:1956C812:672FC011:qmclone:9000:terraform-prov@pve!token:","tokenid":"token","status":"running","id":"9000"}}
2024/11/09 20:03:31 >>>>>>>>>> REQUEST:
GET /api2/json/nodes/host1/tasks/UPID:host1:001B6C61:1956C808:672FC011:qmdestroy:100:terraform-prov@pve!token:/status HTTP/1.1
Host: 192.168.1.131:8006
User-Agent: Go-http-client/1.1
Accept: application/json
Authorization: PVEAPIToken=terraform-prov@pve!token=91816282-ad84-442d-86b9-c218ab94ec05
Accept-Encoding: gzip

2024/11/09 20:03:31 <<<<<<<<<< RESULT:
HTTP/1.1 200 OK
Content-Length: 281
Cache-Control: max-age=0
Connection: Keep-Alive
Connection: Keep-Alive
Content-Type: application/json;charset=UTF-8
Date: Sat, 09 Nov 2024 20:03:31 GMT
Expires: Sat, 09 Nov 2024 20:03:31 GMT
Pragma: no-cache
Server: pve-api-daemon/3.0

{"data":{"user":"terraform-prov@pve","type":"qmdestroy","exitstatus":"OK","status":"stopped","id":"100","pid":1797217,"pstart":425117704,"starttime":1731182609,"upid":"UPID:host1:001B6C61:1956C808:672FC011:qmdestroy:100:terraform-prov@pve!token:","tokenid":"token","node":"host1"}}
2024/11/09 20:03:31 >>>>>>>>>> REQUEST:
GET /api2/json/nodes/host1/tasks/UPID:host1:001B6C64:1956C812:672FC011:qmclone:9000:terraform-prov@pve!token:/status HTTP/1.1
Host: 192.168.1.131:8006
User-Agent: Go-http-client/1.1
Accept: application/json
Authorization: PVEAPIToken=terraform-prov@pve!token=91816282-ad84-442d-86b9-c218ab94ec05
Accept-Encoding: gzip

2024/11/09 20:03:31 [DEBUG] setting computed for "smbios" from ComputedKeys
2024/11/09 20:03:31 [DEBUG] setting computed for "unused_disk" from ComputedKeys
[90mSat, 09 Nov 2024 20:03:31 +0000[0m [32mINF[0m [1mgithub.com/Telmate/terraform-provider-proxmox/v2/proxmox/resource_vm_qemu.go:942[0m[36m >[0m [1mVM creation[0m [36mloggerName=[0mresource_vm_create [36mvmid=[0m
[90mSat, 09 Nov 2024 20:03:31 +0000[0m DBG [1mgithub.com/Telmate/terraform-provider-proxmox/v2/proxmox/resource_vm_qemu.go:943[0m[36m >[0m VM creation resource data: '' [36mloggerName=[0mresource_vm_create [36mvmid=[0m
2024/11/09 20:03:31 [DEBUG][QemuVmCreate] checking for duplicate name: postgres
2024/11/09 20:03:31 >>>>>>>>>> REQUEST:
GET /api2/json/cluster/resources?type=vm HTTP/1.1
Host: 192.168.1.131:8006
User-Agent: Go-http-client/1.1
Accept: application/json
Authorization: PVEAPIToken=terraform-prov@pve!token=91816282-ad84-442d-86b9-c218ab94ec05
Accept-Encoding: gzip

2024/11/09 20:03:31 <<<<<<<<<< RESULT:
HTTP/1.1 200 OK
Content-Length: 279
Cache-Control: max-age=0
Connection: Keep-Alive
Connection: Keep-Alive
Content-Type: application/json;charset=UTF-8
Date: Sat, 09 Nov 2024 20:03:31 GMT
Expires: Sat, 09 Nov 2024 20:03:31 GMT
Pragma: no-cache
Server: pve-api-daemon/3.0

{"data":{"status":"stopped","id":"9000","exitstatus":"OK","type":"qmclone","user":"terraform-prov@pve","node":"host1","upid":"UPID:host1:001B6C64:1956C812:672FC011:qmclone:9000:terraform-prov@pve!token:","tokenid":"token","starttime":1731182609,"pstart":425117714,"pid":1797220}}
2024/11/09 20:03:31 <<<<<<<<<< RESULT:
HTTP/1.1 200 OK
Content-Length: 510
Cache-Control: max-age=0
Connection: Keep-Alive
Content-Type: application/json;charset=UTF-8
Date: Sat, 09 Nov 2024 20:03:31 GMT
Expires: Sat, 09 Nov 2024 20:03:31 GMT
Pragma: no-cache
Server: pve-api-daemon/3.0

{"data":[{"template":0,"netin":0,"maxcpu":2,"maxdisk":0,"maxmem":2147483648,"uptime":0,"diskwrite":0,"mem":0,"type":"qemu","netout":0,"vmid":101,"status":"stopped","id":"qemu/101","node":"host1","cpu":0,"diskread":0,"name":"mysql","disk":0},{"template":1,"maxmem":2147483648,"netin":0,"maxcpu":2,"maxdisk":3758096384,"netout":0,"vmid":9000,"status":"stopped","id":"qemu/9000","uptime":0,"type":"qemu","diskwrite":0,"mem":0,"name":"ubuntu-2404-cloudinit-template","disk":0,"node":"host1","cpu":0,"diskread":0}]}
2024/11/09 20:03:31 >>>>>>>>>> REQUEST:
GET /api2/json/cluster/nextid HTTP/1.1
Host: 192.168.1.131:8006
User-Agent: Go-http-client/1.1
Accept: application/json
Authorization: PVEAPIToken=terraform-prov@pve!token=91816282-ad84-442d-86b9-c218ab94ec05
Accept-Encoding: gzip

2024/11/09 20:03:31 <<<<<<<<<< RESULT:
HTTP/1.1 200 OK
Content-Length: 14
Cache-Control: max-age=0
Connection: Keep-Alive
Content-Type: application/json;charset=UTF-8
Date: Sat, 09 Nov 2024 20:03:31 GMT
Expires: Sat, 09 Nov 2024 20:03:31 GMT
Pragma: no-cache
Server: pve-api-daemon/3.0

{"data":"100"}
2024/11/09 20:03:31 >>>>>>>>>> REQUEST:
GET /api2/json/cluster/resources?type=vm HTTP/1.1
Host: 192.168.1.131:8006
User-Agent: Go-http-client/1.1
Accept: application/json
Authorization: PVEAPIToken=terraform-prov@pve!token=91816282-ad84-442d-86b9-c218ab94ec05
Accept-Encoding: gzip

2024/11/09 20:03:31 <<<<<<<<<< RESULT:
HTTP/1.1 200 OK
Content-Length: 510
Cache-Control: max-age=0
Connection: Keep-Alive
Content-Type: application/json;charset=UTF-8
Date: Sat, 09 Nov 2024 20:03:31 GMT
Expires: Sat, 09 Nov 2024 20:03:31 GMT
Pragma: no-cache
Server: pve-api-daemon/3.0

{"data":[{"mem":0,"diskwrite":0,"type":"qemu","uptime":0,"status":"stopped","id":"qemu/101","vmid":101,"netout":0,"diskread":0,"cpu":0,"node":"host1","disk":0,"name":"mysql","template":0,"maxdisk":0,"maxcpu":2,"netin":0,"maxmem":2147483648},{"disk":0,"name":"ubuntu-2404-cloudinit-template","cpu":0,"diskread":0,"node":"host1","vmid":9000,"netout":0,"status":"stopped","id":"qemu/9000","type":"qemu","diskwrite":0,"mem":0,"uptime":0,"maxmem":2147483648,"maxcpu":2,"netin":0,"maxdisk":3758096384,"template":1}]}
2024/11/09 20:03:31 [DEBUG][QemuVmCreate] cloning VM
[90mSat, 09 Nov 2024 20:03:31 +0000[0m DBG [1mgithub.com/Telmate/terraform-provider-proxmox/v2/proxmox/resource_vm_qemu.go:1079[0m[36m >[0m Cloning VM [36mloggerName=[0mresource_vm_create [36mvmid=[0m
2024/11/09 20:03:31 >>>>>>>>>> REQUEST:
POST /api2/json/nodes/host1/qemu/9000/clone HTTP/1.1
Host: 192.168.1.131:8006
User-Agent: Go-http-client/1.1
Content-Length: 43
Accept: application/json
Authorization: PVEAPIToken=terraform-prov@pve!token=91816282-ad84-442d-86b9-c218ab94ec05
Content-Type: application/x-www-form-urlencoded
Accept-Encoding: gzip

full=1&name=postgres&newid=100&target=host1
2024/11/09 20:03:31 <<<<<<<<<< RESULT:
HTTP/1.1 200 OK
Connection: close
Content-Length: 87
Cache-Control: max-age=0
Content-Type: application/json;charset=UTF-8
Date: Sat, 09 Nov 2024 20:03:31 GMT
Expires: Sat, 09 Nov 2024 20:03:31 GMT
Pragma: no-cache
Server: pve-api-daemon/3.0

{"data":"UPID:host1:001B6CA2:1956C8F2:672FC013:qmclone:9000:terraform-prov@pve!token:"}
2024/11/09 20:03:31 >>>>>>>>>> REQUEST:
GET /api2/json/nodes/host1/tasks/UPID:host1:001B6CA2:1956C8F2:672FC013:qmclone:9000:terraform-prov@pve!token:/status HTTP/1.1
Host: 192.168.1.131:8006
User-Agent: Go-http-client/1.1
Accept: application/json
Authorization: PVEAPIToken=terraform-prov@pve!token=91816282-ad84-442d-86b9-c218ab94ec05
Accept-Encoding: gzip

2024/11/09 20:03:31 <<<<<<<<<< RESULT:
HTTP/1.1 200 OK
Content-Length: 261
Cache-Control: max-age=0
Connection: Keep-Alive
Connection: Keep-Alive
Content-Type: application/json;charset=UTF-8
Date: Sat, 09 Nov 2024 20:03:31 GMT
Expires: Sat, 09 Nov 2024 20:03:31 GMT
Pragma: no-cache
Server: pve-api-daemon/3.0

{"data":{"node":"host1","upid":"UPID:host1:001B6CA2:1956C8F2:672FC013:qmclone:9000:terraform-prov@pve!token:","tokenid":"token","status":"running","id":"9000","starttime":1731182611,"type":"qmclone","user":"terraform-prov@pve","pid":1797282,"pstart":425117938}}
2024/11/09 20:03:33 >>>>>>>>>> REQUEST:
GET /api2/json/nodes/host1/tasks/UPID:host1:001B6CA2:1956C8F2:672FC013:qmclone:9000:terraform-prov@pve!token:/status HTTP/1.1
Host: 192.168.1.131:8006
User-Agent: Go-http-client/1.1
Accept: application/json
Authorization: PVEAPIToken=terraform-prov@pve!token=91816282-ad84-442d-86b9-c218ab94ec05
Accept-Encoding: gzip

2024/11/09 20:03:33 <<<<<<<<<< RESULT:
HTTP/1.1 200 OK
Content-Length: 279
Cache-Control: max-age=0
Connection: Keep-Alive
Connection: Keep-Alive
Content-Type: application/json;charset=UTF-8
Date: Sat, 09 Nov 2024 20:03:33 GMT
Expires: Sat, 09 Nov 2024 20:03:33 GMT
Pragma: no-cache
Server: pve-api-daemon/3.0

{"data":{"exitstatus":"OK","status":"stopped","id":"9000","user":"terraform-prov@pve","type":"qmclone","node":"host1","upid":"UPID:host1:001B6CA2:1956C8F2:672FC013:qmclone:9000:terraform-prov@pve!token:","tokenid":"token","starttime":1731182611,"pid":1797282,"pstart":425117938}}
2024/11/09 20:03:41 [DEBUG][QemuVmCreate] update VM after clone
2024/11/09 20:03:41 >>>>>>>>>> REQUEST:
GET /api2/json/nodes/host1/qemu/101/config HTTP/1.1
Host: 192.168.1.131:8006
User-Agent: Go-http-client/1.1
Accept: application/json
Authorization: PVEAPIToken=terraform-prov@pve!token=91816282-ad84-442d-86b9-c218ab94ec05
Accept-Encoding: gzip

2024/11/09 20:03:41 <<<<<<<<<< RESULT:
HTTP/1.1 200 OK
Content-Length: 481
Cache-Control: max-age=0
Connection: Keep-Alive
Content-Type: application/json;charset=UTF-8
Date: Sat, 09 Nov 2024 20:03:41 GMT
Expires: Sat, 09 Nov 2024 20:03:41 GMT
Pragma: no-cache
Server: pve-api-daemon/3.0

{"data":{"scsihw":"virtio-scsi-pci","memory":2048,"smbios1":"uuid=c2eaf5f9-5fa8-4f04-9b2d-c9a481954fe5","vmgenid":"e04d2f92-3209-44ed-a8e6-bf4e97f0dd2b","scsi0":"vms:101/vm-101-disk-0.raw,size=3584M","net0":"virtio=62:AE:5E:5B:DA:2D,bridge=vmbr0","bootdisk":"scsi0","meta":"creation-qemu=8.0.2,ctime=1731179948","agent":"enabled=1","boot":"c","ide2":"vms:101/vm-101-cloudinit.qcow2,media=cdrom,size=4M","name":"mysql","digest":"091b006523348a8835a47ff9c9984d5fbd0c2f82","cores":2}}
2024/11/09 20:03:41 >>>>>>>>>> REQUEST:
GET /api2/json/cluster/resources?type=vm HTTP/1.1
Host: 192.168.1.131:8006
User-Agent: Go-http-client/1.1
Accept: application/json
Authorization: PVEAPIToken=terraform-prov@pve!token=91816282-ad84-442d-86b9-c218ab94ec05
Accept-Encoding: gzip

2024/11/09 20:03:41 <<<<<<<<<< RESULT:
HTTP/1.1 200 OK
Content-Length: 763
Cache-Control: max-age=0
Connection: Keep-Alive
Content-Type: application/json;charset=UTF-8
Date: Sat, 09 Nov 2024 20:03:41 GMT
Expires: Sat, 09 Nov 2024 20:03:41 GMT
Pragma: no-cache
Server: pve-api-daemon/3.0

{"data":[{"id":"qemu/100","status":"stopped","vmid":100,"netout":0,"type":"qemu","diskwrite":0,"mem":0,"uptime":0,"name":"postgres","disk":0,"diskread":0,"cpu":0,"node":"host1","template":0,"maxmem":2147483648,"maxdisk":3758096384,"maxcpu":2,"netin":0},{"template":0,"maxmem":2147483648,"netin":0,"maxcpu":2,"maxdisk":3758096384,"netout":0,"vmid":101,"id":"qemu/101","status":"stopped","uptime":0,"mem":0,"diskwrite":0,"type":"qemu","disk":0,"name":"mysql","node":"host1","cpu":0,"diskread":0},{"node":"host1","diskread":0,"cpu":0,"name":"ubuntu-2404-cloudinit-template","disk":0,"uptime":0,"mem":0,"diskwrite":0,"type":"qemu","netout":0,"vmid":9000,"id":"qemu/9000","status":"stopped","netin":0,"maxcpu":2,"maxdisk":3758096384,"maxmem":2147483648,"template":1}]}
2024/11/09 20:03:41 >>>>>>>>>> REQUEST:
GET /api2/json/cluster/ha/resources/101 HTTP/1.1
Host: 192.168.1.131:8006
User-Agent: Go-http-client/1.1
Accept: application/json
Authorization: PVEAPIToken=terraform-prov@pve!token=91816282-ad84-442d-86b9-c218ab94ec05
Accept-Encoding: gzip

2024/11/09 20:03:41 <<<<<<<<<< RESULT:
HTTP/1.1 500 no such resource 'vm:101'
Connection: close
Content-Length: 13
Cache-Control: max-age=0
Content-Type: application/json;charset=UTF-8
Date: Sat, 09 Nov 2024 20:03:41 GMT
Expires: Sat, 09 Nov 2024 20:03:41 GMT
Pragma: no-cache
Server: pve-api-daemon/3.0

{"data":null}
2024/11/09 20:03:41 >>>>>>>>>> REQUEST:
GET /api2/json/version HTTP/1.1
Host: 192.168.1.131:8006
User-Agent: Go-http-client/1.1
Accept: application/json
Authorization: PVEAPIToken=terraform-prov@pve!token=91816282-ad84-442d-86b9-c218ab94ec05
Accept-Encoding: gzip

2024/11/09 20:03:41 <<<<<<<<<< RESULT:
HTTP/1.1 200 OK
Content-Length: 72
Cache-Control: max-age=0
Connection: Keep-Alive
Content-Type: application/json;charset=UTF-8
Date: Sat, 09 Nov 2024 20:03:41 GMT
Expires: Sat, 09 Nov 2024 20:03:41 GMT
Pragma: no-cache
Server: pve-api-daemon/3.0

{"data":{"version":"8.0.3","release":"8.0","repoid":"bbf3993334bfa916"}}
2024/11/09 20:03:41 >>>>>>>>>> REQUEST:
POST /api2/json/nodes/host1/qemu/101/move_disk HTTP/1.1
Host: 192.168.1.131:8006
User-Agent: Go-http-client/1.1
Content-Length: 44
Accept: application/json
Authorization: PVEAPIToken=terraform-prov@pve!token=91816282-ad84-442d-86b9-c218ab94ec05
Content-Type: application/x-www-form-urlencoded
Accept-Encoding: gzip

delete=1&disk=scsi0&format=qcow2&storage=vms
2024/11/09 20:03:41 <<<<<<<<<< RESULT:
HTTP/1.1 200 OK
Connection: close
Content-Length: 85
Cache-Control: max-age=0
Content-Type: application/json;charset=UTF-8
Date: Sat, 09 Nov 2024 20:03:41 GMT
Expires: Sat, 09 Nov 2024 20:03:41 GMT
Pragma: no-cache
Server: pve-api-daemon/3.0

{"data":"UPID:host1:001B6CE3:1956CCE4:672FC01D:qmmove:101:terraform-prov@pve!token:"}
2024/11/09 20:03:41 >>>>>>>>>> REQUEST:
GET /api2/json/nodes/host1/tasks/UPID:host1:001B6CE3:1956CCE4:672FC01D:qmmove:101:terraform-prov@pve!token:/status HTTP/1.1
Host: 192.168.1.131:8006
User-Agent: Go-http-client/1.1
Accept: application/json
Authorization: PVEAPIToken=terraform-prov@pve!token=91816282-ad84-442d-86b9-c218ab94ec05
Accept-Encoding: gzip

2024/11/09 20:03:41 <<<<<<<<<< RESULT:
HTTP/1.1 200 OK
Content-Length: 257
Cache-Control: max-age=0
Connection: Keep-Alive
Connection: Keep-Alive
Content-Type: application/json;charset=UTF-8
Date: Sat, 09 Nov 2024 20:03:41 GMT
Expires: Sat, 09 Nov 2024 20:03:41 GMT
Pragma: no-cache
Server: pve-api-daemon/3.0

{"data":{"status":"running","id":"101","upid":"UPID:host1:001B6CE3:1956CCE4:672FC01D:qmmove:101:terraform-prov@pve!token:","tokenid":"token","node":"host1","pstart":425118948,"pid":1797347,"type":"qmmove","user":"terraform-prov@pve","starttime":1731182621}}
2024/11/09 20:03:43 [DEBUG][QemuVmCreate] update VM after clone
2024/11/09 20:03:43 >>>>>>>>>> REQUEST:
GET /api2/json/nodes/host1/qemu/100/config HTTP/1.1
Host: 192.168.1.131:8006
User-Agent: Go-http-client/1.1
Accept: application/json
Authorization: PVEAPIToken=terraform-prov@pve!token=91816282-ad84-442d-86b9-c218ab94ec05
Accept-Encoding: gzip

2024/11/09 20:03:43 <<<<<<<<<< RESULT:
HTTP/1.1 200 OK
Content-Length: 484
Cache-Control: max-age=0
Connection: Keep-Alive
Content-Type: application/json;charset=UTF-8
Date: Sat, 09 Nov 2024 20:03:43 GMT
Expires: Sat, 09 Nov 2024 20:03:43 GMT
Pragma: no-cache
Server: pve-api-daemon/3.0

{"data":{"bootdisk":"scsi0","net0":"virtio=5A:EC:DE:FC:B7:0B,bridge=vmbr0","vmgenid":"83ed7909-183f-44ff-b183-f5fdec2987ec","scsi0":"vms:100/vm-100-disk-0.raw,size=3584M","scsihw":"virtio-scsi-pci","smbios1":"uuid=8894e3b3-6fc0-4362-9680-7188ebfb249e","memory":2048,"cores":2,"ide2":"vms:100/vm-100-cloudinit.qcow2,media=cdrom,size=4M","digest":"be4f290a89a19b6343e9d705dedaafacb02ed3a8","name":"postgres","boot":"c","agent":"enabled=1","meta":"creation-qemu=8.0.2,ctime=1731179948"}}
2024/11/09 20:03:43 >>>>>>>>>> REQUEST:
GET /api2/json/cluster/resources?type=vm HTTP/1.1
Host: 192.168.1.131:8006
User-Agent: Go-http-client/1.1
Accept: application/json
Authorization: PVEAPIToken=terraform-prov@pve!token=91816282-ad84-442d-86b9-c218ab94ec05
Accept-Encoding: gzip

2024/11/09 20:03:43 >>>>>>>>>> REQUEST:
GET /api2/json/nodes/host1/tasks/UPID:host1:001B6CE3:1956CCE4:672FC01D:qmmove:101:terraform-prov@pve!token:/status HTTP/1.1
Host: 192.168.1.131:8006
User-Agent: Go-http-client/1.1
Accept: application/json
Authorization: PVEAPIToken=terraform-prov@pve!token=91816282-ad84-442d-86b9-c218ab94ec05
Accept-Encoding: gzip

2024/11/09 20:03:43 <<<<<<<<<< RESULT:
HTTP/1.1 200 OK
Content-Length: 763
Cache-Control: max-age=0
Connection: Keep-Alive
Content-Type: application/json;charset=UTF-8
Date: Sat, 09 Nov 2024 20:03:43 GMT
Expires: Sat, 09 Nov 2024 20:03:43 GMT
Pragma: no-cache
Server: pve-api-daemon/3.0

{"data":[{"uptime":0,"diskwrite":0,"type":"qemu","mem":0,"netout":0,"vmid":100,"id":"qemu/100","status":"stopped","node":"host1","cpu":0,"diskread":0,"name":"postgres","disk":0,"template":0,"netin":0,"maxcpu":2,"maxdisk":3758096384,"maxmem":2147483648},{"template":0,"maxmem":2147483648,"maxdisk":3758096384,"maxcpu":2,"netin":0,"id":"qemu/101","status":"stopped","vmid":101,"netout":0,"mem":0,"diskwrite":0,"type":"qemu","uptime":0,"disk":0,"name":"mysql","diskread":0,"cpu":0,"node":"host1"},{"uptime":0,"type":"qemu","diskwrite":0,"mem":0,"netout":0,"vmid":9000,"status":"stopped","id":"qemu/9000","node":"host1","diskread":0,"cpu":0,"name":"ubuntu-2404-cloudinit-template","disk":0,"template":1,"netin":0,"maxcpu":2,"maxdisk":3758096384,"maxmem":2147483648}]}
2024/11/09 20:03:43 >>>>>>>>>> REQUEST:
GET /api2/json/cluster/ha/resources/100 HTTP/1.1
Host: 192.168.1.131:8006
User-Agent: Go-http-client/1.1
Accept: application/json
Authorization: PVEAPIToken=terraform-prov@pve!token=91816282-ad84-442d-86b9-c218ab94ec05
Accept-Encoding: gzip

2024/11/09 20:03:43 <<<<<<<<<< RESULT:
HTTP/1.1 200 OK
Content-Length: 275
Cache-Control: max-age=0
Connection: Keep-Alive
Connection: Keep-Alive
Content-Type: application/json;charset=UTF-8
Date: Sat, 09 Nov 2024 20:03:43 GMT
Expires: Sat, 09 Nov 2024 20:03:43 GMT
Pragma: no-cache
Server: pve-api-daemon/3.0

{"data":{"starttime":1731182621,"pid":1797347,"pstart":425118948,"node":"host1","tokenid":"token","upid":"UPID:host1:001B6CE3:1956CCE4:672FC01D:qmmove:101:terraform-prov@pve!token:","user":"terraform-prov@pve","type":"qmmove","exitstatus":"OK","id":"101","status":"stopped"}}
2024/11/09 20:03:43 <<<<<<<<<< RESULT:
HTTP/1.1 500 no such resource 'vm:100'
Connection: close
Content-Length: 13
Cache-Control: max-age=0
Content-Type: application/json;charset=UTF-8
Date: Sat, 09 Nov 2024 20:03:43 GMT
Expires: Sat, 09 Nov 2024 20:03:43 GMT
Pragma: no-cache
Server: pve-api-daemon/3.0

{"data":null}
2024/11/09 20:03:43 >>>>>>>>>> REQUEST:
PUT /api2/json/nodes/host1/qemu/101/resize HTTP/1.1
Host: 192.168.1.131:8006
User-Agent: Go-http-client/1.1
Content-Length: 25
Accept: application/json
Authorization: PVEAPIToken=terraform-prov@pve!token=91816282-ad84-442d-86b9-c218ab94ec05
Content-Type: application/x-www-form-urlencoded
Accept-Encoding: gzip

disk=scsi0&size=10485760K
2024/11/09 20:03:43 >>>>>>>>>> REQUEST:
POST /api2/json/nodes/host1/qemu/100/move_disk HTTP/1.1
Host: 192.168.1.131:8006
User-Agent: Go-http-client/1.1
Content-Length: 44
Accept: application/json
Authorization: PVEAPIToken=terraform-prov@pve!token=91816282-ad84-442d-86b9-c218ab94ec05
Content-Type: application/x-www-form-urlencoded
Accept-Encoding: gzip

delete=1&disk=scsi0&format=qcow2&storage=vms
2024/11/09 20:03:43 <<<<<<<<<< RESULT:
HTTP/1.1 200 OK
Content-Length: 85
Cache-Control: max-age=0
Connection: Keep-Alive
Connection: Keep-Alive
Content-Type: application/json;charset=UTF-8
Date: Sat, 09 Nov 2024 20:03:43 GMT
Expires: Sat, 09 Nov 2024 20:03:43 GMT
Pragma: no-cache
Server: pve-api-daemon/3.0

{"data":"UPID:host1:001B6D02:1956CDBF:672FC01F:resize:101:terraform-prov@pve!token:"}
2024/11/09 20:03:43 <<<<<<<<<< RESULT:
HTTP/1.1 200 OK
Connection: close
Content-Length: 85
Cache-Control: max-age=0
Content-Type: application/json;charset=UTF-8
Date: Sat, 09 Nov 2024 20:03:43 GMT
Expires: Sat, 09 Nov 2024 20:03:43 GMT
Pragma: no-cache
Server: pve-api-daemon/3.0

{"data":"UPID:host1:001B6D04:1956CDBF:672FC01F:qmmove:100:terraform-prov@pve!token:"}
2024/11/09 20:03:43 >>>>>>>>>> REQUEST:
GET /api2/json/nodes/host1/tasks/UPID:host1:001B6D04:1956CDBF:672FC01F:qmmove:100:terraform-prov@pve!token:/status HTTP/1.1
Host: 192.168.1.131:8006
User-Agent: Go-http-client/1.1
Accept: application/json
Authorization: PVEAPIToken=terraform-prov@pve!token=91816282-ad84-442d-86b9-c218ab94ec05
Accept-Encoding: gzip

2024/11/09 20:03:43 >>>>>>>>>> REQUEST:
GET /api2/json/nodes/host1/tasks/UPID:host1:001B6D02:1956CDBF:672FC01F:resize:101:terraform-prov@pve!token:/status HTTP/1.1
Host: 192.168.1.131:8006
User-Agent: Go-http-client/1.1
Accept: application/json
Authorization: PVEAPIToken=terraform-prov@pve!token=91816282-ad84-442d-86b9-c218ab94ec05
Accept-Encoding: gzip

2024/11/09 20:03:43 <<<<<<<<<< RESULT:
HTTP/1.1 200 OK
Content-Length: 257
Cache-Control: max-age=0
Connection: Keep-Alive
Connection: Keep-Alive
Content-Type: application/json;charset=UTF-8
Date: Sat, 09 Nov 2024 20:03:43 GMT
Expires: Sat, 09 Nov 2024 20:03:43 GMT
Pragma: no-cache
Server: pve-api-daemon/3.0

{"data":{"upid":"UPID:host1:001B6D02:1956CDBF:672FC01F:resize:101:terraform-prov@pve!token:","tokenid":"token","status":"running","id":"101","node":"host1","pid":1797378,"pstart":425119167,"starttime":1731182623,"type":"resize","user":"terraform-prov@pve"}}
2024/11/09 20:03:43 <<<<<<<<<< RESULT:
HTTP/1.1 200 OK
Content-Length: 257
Cache-Control: max-age=0
Connection: Keep-Alive
Connection: Keep-Alive
Content-Type: application/json;charset=UTF-8
Date: Sat, 09 Nov 2024 20:03:43 GMT
Expires: Sat, 09 Nov 2024 20:03:43 GMT
Pragma: no-cache
Server: pve-api-daemon/3.0

{"data":{"pid":1797380,"pstart":425119167,"starttime":1731182623,"user":"terraform-prov@pve","type":"qmmove","tokenid":"token","upid":"UPID:host1:001B6D04:1956CDBF:672FC01F:qmmove:100:terraform-prov@pve!token:","id":"100","status":"running","node":"host1"}}
2024/11/09 20:03:45 >>>>>>>>>> REQUEST:
GET /api2/json/nodes/host1/tasks/UPID:host1:001B6D02:1956CDBF:672FC01F:resize:101:terraform-prov@pve!token:/status HTTP/1.1
Host: 192.168.1.131:8006
User-Agent: Go-http-client/1.1
Accept: application/json
Authorization: PVEAPIToken=terraform-prov@pve!token=91816282-ad84-442d-86b9-c218ab94ec05
Accept-Encoding: gzip

2024/11/09 20:03:45 >>>>>>>>>> REQUEST:
GET /api2/json/nodes/host1/tasks/UPID:host1:001B6D04:1956CDBF:672FC01F:qmmove:100:terraform-prov@pve!token:/status HTTP/1.1
Host: 192.168.1.131:8006
User-Agent: Go-http-client/1.1
Accept: application/json
Authorization: PVEAPIToken=terraform-prov@pve!token=91816282-ad84-442d-86b9-c218ab94ec05
Accept-Encoding: gzip

2024/11/09 20:03:45 <<<<<<<<<< RESULT:
HTTP/1.1 200 OK
Content-Length: 275
Cache-Control: max-age=0
Connection: Keep-Alive
Connection: Keep-Alive
Content-Type: application/json;charset=UTF-8
Date: Sat, 09 Nov 2024 20:03:45 GMT
Expires: Sat, 09 Nov 2024 20:03:45 GMT
Pragma: no-cache
Server: pve-api-daemon/3.0

{"data":{"starttime":1731182623,"pid":1797378,"pstart":425119167,"node":"host1","upid":"UPID:host1:001B6D02:1956CDBF:672FC01F:resize:101:terraform-prov@pve!token:","tokenid":"token","type":"resize","user":"terraform-prov@pve","exitstatus":"OK","status":"stopped","id":"101"}}
2024/11/09 20:03:45 >>>>>>>>>> REQUEST:
GET /api2/json/nodes/host1/qemu/101/config HTTP/1.1
Host: 192.168.1.131:8006
User-Agent: Go-http-client/1.1
Accept: application/json
Authorization: PVEAPIToken=terraform-prov@pve!token=91816282-ad84-442d-86b9-c218ab94ec05
Accept-Encoding: gzip

2024/11/09 20:03:45 <<<<<<<<<< RESULT:
HTTP/1.1 200 OK
Content-Length: 275
Cache-Control: max-age=0
Connection: Keep-Alive
Connection: Keep-Alive
Content-Type: application/json;charset=UTF-8
Date: Sat, 09 Nov 2024 20:03:45 GMT
Expires: Sat, 09 Nov 2024 20:03:45 GMT
Pragma: no-cache
Server: pve-api-daemon/3.0

{"data":{"starttime":1731182623,"pid":1797380,"pstart":425119167,"node":"host1","tokenid":"token","upid":"UPID:host1:001B6D04:1956CDBF:672FC01F:qmmove:100:terraform-prov@pve!token:","type":"qmmove","user":"terraform-prov@pve","exitstatus":"OK","id":"100","status":"stopped"}}
2024/11/09 20:03:45 >>>>>>>>>> REQUEST:
PUT /api2/json/nodes/host1/qemu/100/resize HTTP/1.1
Host: 192.168.1.131:8006
User-Agent: Go-http-client/1.1
Content-Length: 25
Accept: application/json
Authorization: PVEAPIToken=terraform-prov@pve!token=91816282-ad84-442d-86b9-c218ab94ec05
Content-Type: application/x-www-form-urlencoded
Accept-Encoding: gzip

disk=scsi0&size=10485760K
2024/11/09 20:03:45 <<<<<<<<<< RESULT:
HTTP/1.1 200 OK
Content-Length: 481
Cache-Control: max-age=0
Connection: Keep-Alive
Content-Type: application/json;charset=UTF-8
Date: Sat, 09 Nov 2024 20:03:45 GMT
Expires: Sat, 09 Nov 2024 20:03:45 GMT
Pragma: no-cache
Server: pve-api-daemon/3.0

{"data":{"smbios1":"uuid=c2eaf5f9-5fa8-4f04-9b2d-c9a481954fe5","memory":2048,"scsihw":"virtio-scsi-pci","scsi0":"vms:101/vm-101-disk-1.qcow2,size=10G","vmgenid":"e04d2f92-3209-44ed-a8e6-bf4e97f0dd2b","net0":"virtio=62:AE:5E:5B:DA:2D,bridge=vmbr0","bootdisk":"scsi0","agent":"enabled=1","meta":"creation-qemu=8.0.2,ctime=1731179948","boot":"c","digest":"bbafe008ce78b1db9b8ceb9be99889a162534943","name":"mysql","ide2":"vms:101/vm-101-cloudinit.qcow2,media=cdrom,size=4M","cores":2}}
2024/11/09 20:03:45 >>>>>>>>>> REQUEST:
GET /api2/json/cluster/resources?type=vm HTTP/1.1
Host: 192.168.1.131:8006
User-Agent: Go-http-client/1.1
Accept: application/json
Authorization: PVEAPIToken=terraform-prov@pve!token=91816282-ad84-442d-86b9-c218ab94ec05
Accept-Encoding: gzip

2024/11/09 20:03:45 <<<<<<<<<< RESULT:
HTTP/1.1 200 OK
Content-Length: 85
Cache-Control: max-age=0
Connection: Keep-Alive
Connection: Keep-Alive
Content-Type: application/json;charset=UTF-8
Date: Sat, 09 Nov 2024 20:03:45 GMT
Expires: Sat, 09 Nov 2024 20:03:45 GMT
Pragma: no-cache
Server: pve-api-daemon/3.0

{"data":"UPID:host1:001B6D2A:1956CE97:672FC021:resize:100:terraform-prov@pve!token:"}
2024/11/09 20:03:45 >>>>>>>>>> REQUEST:
GET /api2/json/nodes/host1/tasks/UPID:host1:001B6D2A:1956CE97:672FC021:resize:100:terraform-prov@pve!token:/status HTTP/1.1
Host: 192.168.1.131:8006
User-Agent: Go-http-client/1.1
Accept: application/json
Authorization: PVEAPIToken=terraform-prov@pve!token=91816282-ad84-442d-86b9-c218ab94ec05
Accept-Encoding: gzip

2024/11/09 20:03:45 <<<<<<<<<< RESULT:
HTTP/1.1 200 OK
Content-Length: 763
Cache-Control: max-age=0
Connection: Keep-Alive
Content-Type: application/json;charset=UTF-8
Date: Sat, 09 Nov 2024 20:03:45 GMT
Expires: Sat, 09 Nov 2024 20:03:45 GMT
Pragma: no-cache
Server: pve-api-daemon/3.0

{"data":[{"netout":0,"vmid":100,"id":"qemu/100","status":"stopped","uptime":0,"diskwrite":0,"type":"qemu","mem":0,"name":"postgres","disk":0,"node":"host1","cpu":0,"diskread":0,"template":0,"maxmem":2147483648,"netin":0,"maxcpu":2,"maxdisk":3758096384},{"netin":0,"maxcpu":2,"maxdisk":3758096384,"maxmem":2147483648,"template":0,"node":"host1","diskread":0,"cpu":0,"disk":0,"name":"mysql","uptime":0,"mem":0,"diskwrite":0,"type":"qemu","netout":0,"vmid":101,"id":"qemu/101","status":"stopped"},{"maxcpu":2,"netin":0,"maxdisk":3758096384,"maxmem":2147483648,"template":1,"cpu":0,"diskread":0,"node":"host1","name":"ubuntu-2404-cloudinit-template","disk":0,"diskwrite":0,"mem":0,"type":"qemu","uptime":0,"vmid":9000,"netout":0,"id":"qemu/9000","status":"stopped"}]}
2024/11/09 20:03:45 >>>>>>>>>> REQUEST:
GET /api2/json/cluster/ha/resources/101 HTTP/1.1
Host: 192.168.1.131:8006
User-Agent: Go-http-client/1.1
Accept: application/json
Authorization: PVEAPIToken=terraform-prov@pve!token=91816282-ad84-442d-86b9-c218ab94ec05
Accept-Encoding: gzip

2024/11/09 20:03:45 <<<<<<<<<< RESULT:
HTTP/1.1 200 OK
Content-Length: 257
Cache-Control: max-age=0
Connection: Keep-Alive
Connection: Keep-Alive
Content-Type: application/json;charset=UTF-8
Date: Sat, 09 Nov 2024 20:03:45 GMT
Expires: Sat, 09 Nov 2024 20:03:45 GMT
Pragma: no-cache
Server: pve-api-daemon/3.0

{"data":{"node":"host1","id":"100","status":"running","tokenid":"token","upid":"UPID:host1:001B6D2A:1956CE97:672FC021:resize:100:terraform-prov@pve!token:","user":"terraform-prov@pve","type":"resize","starttime":1731182625,"pstart":425119383,"pid":1797418}}
2024/11/09 20:03:45 <<<<<<<<<< RESULT:
HTTP/1.1 500 no such resource 'vm:101'
Connection: close
Content-Length: 13
Cache-Control: max-age=0
Content-Type: application/json;charset=UTF-8
Date: Sat, 09 Nov 2024 20:03:45 GMT
Expires: Sat, 09 Nov 2024 20:03:45 GMT
Pragma: no-cache
Server: pve-api-daemon/3.0

{"data":null}
2024/11/09 20:03:45 >>>>>>>>>> REQUEST:
PUT /api2/json/nodes/host1/qemu/101/config HTTP/1.1
Host: 192.168.1.131:8006
User-Agent: Go-http-client/1.1
Content-Length: 684
Accept: application/json
Authorization: PVEAPIToken=terraform-prov@pve!token=91816282-ad84-442d-86b9-c218ab94ec05
Content-Type: application/x-www-form-urlencoded
Accept-Encoding: gzip

agent=1&balloon=0&bios=seabios&cicustom=&cipassword=&ciupgrade=0&cores=1&cpu=host&delete=ide2%2Cshares&hotplug=network%2Cdisk%2Cusb&ipconfig0=ip%3D192.168.1.201%2F24%2Cgw%3D192.168.1.1&kvm=1&memory=4096&name=mysql&net0=virtio%3D5A%3A0E%3A63%3A9B%3A0E%3AA3%2Cbridge%3Dvmbr0&numa=0&onboot=1&protection=0&scsi0=vms%3A101%2Fvm-101-disk-1.qcow2%2Creplicate%3D0&scsihw=virtio-scsi-pci&sockets=1&sshkeys=%2520ssh-ed25519%2520AAAAC3NzaC1lZDI1NTE5AAAAIOLiEeOqR0KLdVZ64p94nk2fSno1jyminStrv2OPVcd2%2520code%2540paultibbetts.uk%250Assh-ed25519%2520AAAAC3NzaC1lZDI1NTE5AAAAIPfx70ArvHPF%252B9U3GgKgNEAWkXSyZMun83sn9582Pl4e%2520code%2540paultibbetts.uk%250A%250A%250A&tablet=1&tags=database&vmid=101
2024/11/09 20:03:45 <<<<<<<<<< RESULT:
HTTP/1.1 500 only root can set 'ciupgrade' config
Connection: close
Content-Length: 13
Cache-Control: max-age=0
Content-Type: application/json;charset=UTF-8
Date: Sat, 09 Nov 2024 20:03:45 GMT
Expires: Sat, 09 Nov 2024 20:03:45 GMT
Pragma: no-cache
Server: pve-api-daemon/3.0

{"data":null}
2024/11/09 20:03:47 >>>>>>>>>> REQUEST:
GET /api2/json/nodes/host1/tasks/UPID:host1:001B6D2A:1956CE97:672FC021:resize:100:terraform-prov@pve!token:/status HTTP/1.1
Host: 192.168.1.131:8006
User-Agent: Go-http-client/1.1
Accept: application/json
Authorization: PVEAPIToken=terraform-prov@pve!token=91816282-ad84-442d-86b9-c218ab94ec05
Accept-Encoding: gzip

2024/11/09 20:03:47 <<<<<<<<<< RESULT:
HTTP/1.1 200 OK
Content-Length: 275
Cache-Control: max-age=0
Connection: Keep-Alive
Connection: Keep-Alive
Content-Type: application/json;charset=UTF-8
Date: Sat, 09 Nov 2024 20:03:47 GMT
Expires: Sat, 09 Nov 2024 20:03:47 GMT
Pragma: no-cache
Server: pve-api-daemon/3.0

{"data":{"node":"host1","tokenid":"token","upid":"UPID:host1:001B6D2A:1956CE97:672FC021:resize:100:terraform-prov@pve!token:","starttime":1731182625,"pstart":425119383,"pid":1797418,"id":"100","status":"stopped","exitstatus":"OK","type":"resize","user":"terraform-prov@pve"}}
2024/11/09 20:03:47 >>>>>>>>>> REQUEST:
GET /api2/json/nodes/host1/qemu/100/config HTTP/1.1
Host: 192.168.1.131:8006
User-Agent: Go-http-client/1.1
Accept: application/json
Authorization: PVEAPIToken=terraform-prov@pve!token=91816282-ad84-442d-86b9-c218ab94ec05
Accept-Encoding: gzip

2024/11/09 20:03:47 <<<<<<<<<< RESULT:
HTTP/1.1 200 OK
Content-Length: 484
Cache-Control: max-age=0
Connection: Keep-Alive
Content-Type: application/json;charset=UTF-8
Date: Sat, 09 Nov 2024 20:03:48 GMT
Expires: Sat, 09 Nov 2024 20:03:48 GMT
Pragma: no-cache
Server: pve-api-daemon/3.0

{"data":{"meta":"creation-qemu=8.0.2,ctime=1731179948","agent":"enabled=1","boot":"c","ide2":"vms:100/vm-100-cloudinit.qcow2,media=cdrom,size=4M","name":"postgres","digest":"f2025f1cb22452ae2c1dae304181b636b5255fb5","cores":2,"scsihw":"virtio-scsi-pci","memory":2048,"smbios1":"uuid=8894e3b3-6fc0-4362-9680-7188ebfb249e","vmgenid":"83ed7909-183f-44ff-b183-f5fdec2987ec","scsi0":"vms:100/vm-100-disk-1.qcow2,size=10G","net0":"virtio=5A:EC:DE:FC:B7:0B,bridge=vmbr0","bootdisk":"scsi0"}}
2024/11/09 20:03:47 >>>>>>>>>> REQUEST:
GET /api2/json/cluster/resources?type=vm HTTP/1.1
Host: 192.168.1.131:8006
User-Agent: Go-http-client/1.1
Accept: application/json
Authorization: PVEAPIToken=terraform-prov@pve!token=91816282-ad84-442d-86b9-c218ab94ec05
Accept-Encoding: gzip

2024/11/09 20:03:47 <<<<<<<<<< RESULT:
HTTP/1.1 200 OK
Content-Length: 763
Cache-Control: max-age=0
Connection: Keep-Alive
Content-Type: application/json;charset=UTF-8
Date: Sat, 09 Nov 2024 20:03:48 GMT
Expires: Sat, 09 Nov 2024 20:03:48 GMT
Pragma: no-cache
Server: pve-api-daemon/3.0

{"data":[{"disk":0,"name":"postgres","diskread":0,"cpu":0,"node":"host1","status":"stopped","id":"qemu/100","vmid":100,"netout":0,"diskwrite":0,"mem":0,"type":"qemu","uptime":0,"maxmem":2147483648,"maxdisk":3758096384,"maxcpu":2,"netin":0,"template":0},{"node":"host1","diskread":0,"cpu":0,"name":"mysql","disk":0,"uptime":0,"mem":0,"diskwrite":0,"type":"qemu","netout":0,"vmid":101,"id":"qemu/101","status":"stopped","netin":0,"maxcpu":2,"maxdisk":3758096384,"maxmem":2147483648,"template":0},{"template":1,"maxmem":2147483648,"maxcpu":2,"netin":0,"maxdisk":3758096384,"vmid":9000,"netout":0,"id":"qemu/9000","status":"stopped","diskwrite":0,"mem":0,"type":"qemu","uptime":0,"disk":0,"name":"ubuntu-2404-cloudinit-template","diskread":0,"cpu":0,"node":"host1"}]}
2024/11/09 20:03:47 >>>>>>>>>> REQUEST:
GET /api2/json/cluster/ha/resources/100 HTTP/1.1
Host: 192.168.1.131:8006
User-Agent: Go-http-client/1.1
Accept: application/json
Authorization: PVEAPIToken=terraform-prov@pve!token=91816282-ad84-442d-86b9-c218ab94ec05
Accept-Encoding: gzip

2024/11/09 20:03:48 <<<<<<<<<< RESULT:
HTTP/1.1 500 no such resource 'vm:100'
Connection: close
Content-Length: 13
Cache-Control: max-age=0
Content-Type: application/json;charset=UTF-8
Date: Sat, 09 Nov 2024 20:03:48 GMT
Expires: Sat, 09 Nov 2024 20:03:48 GMT
Pragma: no-cache
Server: pve-api-daemon/3.0

{"data":null}
2024/11/09 20:03:48 >>>>>>>>>> REQUEST:
PUT /api2/json/nodes/host1/qemu/100/config HTTP/1.1
Host: 192.168.1.131:8006
User-Agent: Go-http-client/1.1
Content-Length: 687
Accept: application/json
Authorization: PVEAPIToken=terraform-prov@pve!token=91816282-ad84-442d-86b9-c218ab94ec05
Content-Type: application/x-www-form-urlencoded
Accept-Encoding: gzip

agent=1&balloon=0&bios=seabios&cicustom=&cipassword=&ciupgrade=0&cores=1&cpu=host&delete=ide2%2Cshares&hotplug=network%2Cdisk%2Cusb&ipconfig0=ip%3D192.168.1.202%2F24%2Cgw%3D192.168.1.1&kvm=1&memory=4096&name=postgres&net0=virtio%3D2E%3A2A%3A3A%3ADA%3A52%3A11%2Cbridge%3Dvmbr0&numa=0&onboot=1&protection=0&scsi0=vms%3A100%2Fvm-100-disk-1.qcow2%2Creplicate%3D0&scsihw=virtio-scsi-pci&sockets=1&sshkeys=%2520ssh-ed25519%2520AAAAC3NzaC1lZDI1NTE5AAAAIOLiEeOqR0KLdVZ64p94nk2fSno1jyminStrv2OPVcd2%2520code%2540paultibbetts.uk%250Assh-ed25519%2520AAAAC3NzaC1lZDI1NTE5AAAAIPfx70ArvHPF%252B9U3GgKgNEAWkXSyZMun83sn9582Pl4e%2520code%2540paultibbetts.uk%250A%250A%250A&tablet=1&tags=database&vmid=100
2024/11/09 20:03:48 <<<<<<<<<< RESULT:
HTTP/1.1 500 only root can set 'ciupgrade' config
Connection: close
Content-Length: 13
Cache-Control: max-age=0
Content-Type: application/json;charset=UTF-8
Date: Sat, 09 Nov 2024 20:03:48 GMT
Expires: Sat, 09 Nov 2024 20:03:48 GMT
Pragma: no-cache
Server: pve-api-daemon/3.0

{"data":null}
[90mSat, 09 Nov 2024 20:05:06 +0000[0m [32mINF[0m [1mgithub.com/Telmate/terraform-provider-proxmox/v2/proxmox/util.go:158[0m[36m >[0m [1mEnabling the capture of log-library logs as ithe _capturelog flag was detected[0m
[90mSat, 09 Nov 2024 20:05:06 +0000[0m [32mINF[0m [1mgithub.com/Telmate/terraform-provider-proxmox/v2/proxmox/util.go:191[0m[36m >[0m [1mLogging Started. Root Logger Set to level debug[0m
[90mSat, 09 Nov 2024 20:05:06 +0000[0m [32mINF[0m [1mgithub.com/Telmate/terraform-provider-proxmox/v2/proxmox/resource_vm_qemu.go:1432[0m[36m >[0m [1mReading configuration for vmid[0m [36mloggerName=[0mresource_vm_read [36mvmid=[0m100
[90mSat, 09 Nov 2024 20:05:06 +0000[0m [32mINF[0m [1mgithub.com/Telmate/terraform-provider-proxmox/v2/proxmox/resource_vm_qemu.go:1432[0m[36m >[0m [1mReading configuration for vmid[0m [36mloggerName=[0mresource_vm_read [36mvmid=[0m101
2024/11/09 20:05:06 >>>>>>>>>> REQUEST:
GET /api2/json/cluster/resources?type=vm HTTP/1.1
Host: 192.168.1.131:8006
User-Agent: Go-http-client/1.1
Accept: application/json
Authorization: PVEAPIToken=tf@pam!terraform_token_id=0b313fa7-e5ef-451a-92c6-d30e11e4e84a
Accept-Encoding: gzip

2024/11/09 20:05:06 >>>>>>>>>> REQUEST:
GET /api2/json/cluster/resources?type=vm HTTP/1.1
Host: 192.168.1.131:8006
User-Agent: Go-http-client/1.1
Accept: application/json
Authorization: PVEAPIToken=tf@pam!terraform_token_id=0b313fa7-e5ef-451a-92c6-d30e11e4e84a
Accept-Encoding: gzip

2024/11/09 20:05:06 <<<<<<<<<< RESULT:
HTTP/1.1 200 OK
Content-Length: 765
Cache-Control: max-age=0
Connection: Keep-Alive
Content-Type: application/json;charset=UTF-8
Date: Sat, 09 Nov 2024 20:05:06 GMT
Expires: Sat, 09 Nov 2024 20:05:06 GMT
Pragma: no-cache
Server: pve-api-daemon/3.0

{"data":[{"diskwrite":0,"mem":0,"type":"qemu","uptime":0,"status":"stopped","id":"qemu/100","vmid":100,"netout":0,"diskread":0,"cpu":0,"node":"host1","disk":0,"name":"postgres","template":0,"maxdisk":10737418240,"maxcpu":2,"netin":0,"maxmem":2147483648},{"disk":0,"name":"mysql","node":"host1","cpu":0,"diskread":0,"netout":0,"vmid":101,"id":"qemu/101","status":"stopped","uptime":0,"mem":0,"diskwrite":0,"type":"qemu","maxmem":2147483648,"netin":0,"maxcpu":2,"maxdisk":10737418240,"template":0},{"node":"host1","cpu":0,"diskread":0,"name":"ubuntu-2404-cloudinit-template","disk":0,"uptime":0,"type":"qemu","diskwrite":0,"mem":0,"id":"qemu/9000","status":"stopped","netout":0,"vmid":9000,"maxdisk":3758096384,"netin":0,"maxcpu":2,"maxmem":2147483648,"template":1}]}
2024/11/09 20:05:06 >>>>>>>>>> REQUEST:
GET /api2/json/nodes/host1/qemu/100/config HTTP/1.1
Host: 192.168.1.131:8006
User-Agent: Go-http-client/1.1
Accept: application/json
Authorization: PVEAPIToken=tf@pam!terraform_token_id=0b313fa7-e5ef-451a-92c6-d30e11e4e84a
Accept-Encoding: gzip

2024/11/09 20:05:06 <<<<<<<<<< RESULT:
HTTP/1.1 200 OK
Content-Length: 765
Cache-Control: max-age=0
Connection: Keep-Alive
Content-Type: application/json;charset=UTF-8
Date: Sat, 09 Nov 2024 20:05:06 GMT
Expires: Sat, 09 Nov 2024 20:05:06 GMT
Pragma: no-cache
Server: pve-api-daemon/3.0

{"data":[{"netout":0,"vmid":100,"id":"qemu/100","status":"stopped","uptime":0,"mem":0,"diskwrite":0,"type":"qemu","disk":0,"name":"postgres","node":"host1","cpu":0,"diskread":0,"template":0,"maxmem":2147483648,"netin":0,"maxcpu":2,"maxdisk":10737418240},{"template":0,"maxdisk":10737418240,"maxcpu":2,"netin":0,"maxmem":2147483648,"diskwrite":0,"type":"qemu","mem":0,"uptime":0,"status":"stopped","id":"qemu/101","vmid":101,"netout":0,"diskread":0,"cpu":0,"node":"host1","disk":0,"name":"mysql"},{"maxmem":2147483648,"maxdisk":3758096384,"netin":0,"maxcpu":2,"template":1,"name":"ubuntu-2404-cloudinit-template","disk":0,"node":"host1","diskread":0,"cpu":0,"status":"stopped","id":"qemu/9000","netout":0,"vmid":9000,"uptime":0,"diskwrite":0,"mem":0,"type":"qemu"}]}
2024/11/09 20:05:06 >>>>>>>>>> REQUEST:
GET /api2/json/nodes/host1/qemu/101/config HTTP/1.1
Host: 192.168.1.131:8006
User-Agent: Go-http-client/1.1
Accept: application/json
Authorization: PVEAPIToken=tf@pam!terraform_token_id=0b313fa7-e5ef-451a-92c6-d30e11e4e84a
Accept-Encoding: gzip

2024/11/09 20:05:06 <<<<<<<<<< RESULT:
HTTP/1.1 200 OK
Content-Length: 484
Cache-Control: max-age=0
Connection: Keep-Alive
Content-Type: application/json;charset=UTF-8
Date: Sat, 09 Nov 2024 20:05:06 GMT
Expires: Sat, 09 Nov 2024 20:05:06 GMT
Pragma: no-cache
Server: pve-api-daemon/3.0

{"data":{"vmgenid":"83ed7909-183f-44ff-b183-f5fdec2987ec","scsi0":"vms:100/vm-100-disk-1.qcow2,size=10G","scsihw":"virtio-scsi-pci","memory":2048,"smbios1":"uuid=8894e3b3-6fc0-4362-9680-7188ebfb249e","bootdisk":"scsi0","net0":"virtio=5A:EC:DE:FC:B7:0B,bridge=vmbr0","boot":"c","meta":"creation-qemu=8.0.2,ctime=1731179948","agent":"enabled=1","cores":2,"ide2":"vms:100/vm-100-cloudinit.qcow2,media=cdrom,size=4M","name":"postgres","digest":"f2025f1cb22452ae2c1dae304181b636b5255fb5"}}
2024/11/09 20:05:06 >>>>>>>>>> REQUEST:
GET /api2/json/cluster/resources?type=vm HTTP/1.1
Host: 192.168.1.131:8006
User-Agent: Go-http-client/1.1
Accept: application/json
Authorization: PVEAPIToken=tf@pam!terraform_token_id=0b313fa7-e5ef-451a-92c6-d30e11e4e84a
Accept-Encoding: gzip

2024/11/09 20:05:06 <<<<<<<<<< RESULT:
HTTP/1.1 200 OK
Content-Length: 481
Cache-Control: max-age=0
Connection: Keep-Alive
Content-Type: application/json;charset=UTF-8
Date: Sat, 09 Nov 2024 20:05:06 GMT
Expires: Sat, 09 Nov 2024 20:05:06 GMT
Pragma: no-cache
Server: pve-api-daemon/3.0

{"data":{"boot":"c","agent":"enabled=1","meta":"creation-qemu=8.0.2,ctime=1731179948","cores":2,"ide2":"vms:101/vm-101-cloudinit.qcow2,media=cdrom,size=4M","digest":"bbafe008ce78b1db9b8ceb9be99889a162534943","name":"mysql","vmgenid":"e04d2f92-3209-44ed-a8e6-bf4e97f0dd2b","scsi0":"vms:101/vm-101-disk-1.qcow2,size=10G","scsihw":"virtio-scsi-pci","smbios1":"uuid=c2eaf5f9-5fa8-4f04-9b2d-c9a481954fe5","memory":2048,"bootdisk":"scsi0","net0":"virtio=62:AE:5E:5B:DA:2D,bridge=vmbr0"}}
2024/11/09 20:05:06 >>>>>>>>>> REQUEST:
GET /api2/json/cluster/resources?type=vm HTTP/1.1
Host: 192.168.1.131:8006
User-Agent: Go-http-client/1.1
Accept: application/json
Authorization: PVEAPIToken=tf@pam!terraform_token_id=0b313fa7-e5ef-451a-92c6-d30e11e4e84a
Accept-Encoding: gzip

2024/11/09 20:05:06 <<<<<<<<<< RESULT:
HTTP/1.1 200 OK
Content-Length: 765
Cache-Control: max-age=0
Connection: Keep-Alive
Content-Type: application/json;charset=UTF-8
Date: Sat, 09 Nov 2024 20:05:06 GMT
Expires: Sat, 09 Nov 2024 20:05:06 GMT
Pragma: no-cache
Server: pve-api-daemon/3.0

{"data":[{"maxmem":2147483648,"maxdisk":10737418240,"maxcpu":2,"netin":0,"template":0,"name":"postgres","disk":0,"cpu":0,"diskread":0,"node":"host1","id":"qemu/100","status":"stopped","vmid":100,"netout":0,"mem":0,"diskwrite":0,"type":"qemu","uptime":0},{"diskwrite":0,"type":"qemu","mem":0,"uptime":0,"vmid":101,"netout":0,"status":"stopped","id":"qemu/101","cpu":0,"diskread":0,"node":"host1","name":"mysql","disk":0,"template":0,"maxcpu":2,"netin":0,"maxdisk":10737418240,"maxmem":2147483648},{"status":"stopped","id":"qemu/9000","netout":0,"vmid":9000,"uptime":0,"diskwrite":0,"type":"qemu","mem":0,"disk":0,"name":"ubuntu-2404-cloudinit-template","node":"host1","diskread":0,"cpu":0,"template":1,"maxmem":2147483648,"maxdisk":3758096384,"netin":0,"maxcpu":2}]}
2024/11/09 20:05:06 >>>>>>>>>> REQUEST:
GET /api2/json/cluster/ha/resources/100 HTTP/1.1
Host: 192.168.1.131:8006
User-Agent: Go-http-client/1.1
Accept: application/json
Authorization: PVEAPIToken=tf@pam!terraform_token_id=0b313fa7-e5ef-451a-92c6-d30e11e4e84a
Accept-Encoding: gzip

2024/11/09 20:05:06 <<<<<<<<<< RESULT:
HTTP/1.1 200 OK
Content-Length: 765
Cache-Control: max-age=0
Connection: Keep-Alive
Content-Type: application/json;charset=UTF-8
Date: Sat, 09 Nov 2024 20:05:06 GMT
Expires: Sat, 09 Nov 2024 20:05:06 GMT
Pragma: no-cache
Server: pve-api-daemon/3.0

{"data":[{"id":"qemu/100","status":"stopped","vmid":100,"netout":0,"diskwrite":0,"mem":0,"type":"qemu","uptime":0,"name":"postgres","disk":0,"cpu":0,"diskread":0,"node":"host1","template":0,"maxmem":2147483648,"maxdisk":10737418240,"maxcpu":2,"netin":0},{"template":0,"maxmem":2147483648,"maxcpu":2,"netin":0,"maxdisk":10737418240,"vmid":101,"netout":0,"id":"qemu/101","status":"stopped","diskwrite":0,"mem":0,"type":"qemu","uptime":0,"name":"mysql","disk":0,"diskread":0,"cpu":0,"node":"host1"},{"template":1,"maxcpu":2,"netin":0,"maxdisk":3758096384,"maxmem":2147483648,"mem":0,"diskwrite":0,"type":"qemu","uptime":0,"vmid":9000,"netout":0,"id":"qemu/9000","status":"stopped","diskread":0,"cpu":0,"node":"host1","disk":0,"name":"ubuntu-2404-cloudinit-template"}]}
2024/11/09 20:05:06 >>>>>>>>>> REQUEST:
GET /api2/json/cluster/ha/resources/101 HTTP/1.1
Host: 192.168.1.131:8006
User-Agent: Go-http-client/1.1
Accept: application/json
Authorization: PVEAPIToken=tf@pam!terraform_token_id=0b313fa7-e5ef-451a-92c6-d30e11e4e84a
Accept-Encoding: gzip

2024/11/09 20:05:06 <<<<<<<<<< RESULT:
HTTP/1.1 500 no such resource 'vm:100'
Connection: close
Content-Length: 13
Cache-Control: max-age=0
Content-Type: application/json;charset=UTF-8
Date: Sat, 09 Nov 2024 20:05:06 GMT
Expires: Sat, 09 Nov 2024 20:05:06 GMT
Pragma: no-cache
Server: pve-api-daemon/3.0

{"data":null}
2024/11/09 20:05:06 >>>>>>>>>> REQUEST:
GET /api2/json/nodes/host1/qemu/100/status/current HTTP/1.1
Host: 192.168.1.131:8006
User-Agent: Go-http-client/1.1
Accept: application/json
Authorization: PVEAPIToken=tf@pam!terraform_token_id=0b313fa7-e5ef-451a-92c6-d30e11e4e84a
Accept-Encoding: gzip

2024/11/09 20:05:06 <<<<<<<<<< RESULT:
HTTP/1.1 500 no such resource 'vm:101'
Connection: close
Content-Length: 13
Cache-Control: max-age=0
Content-Type: application/json;charset=UTF-8
Date: Sat, 09 Nov 2024 20:05:06 GMT
Expires: Sat, 09 Nov 2024 20:05:06 GMT
Pragma: no-cache
Server: pve-api-daemon/3.0

{"data":null}
2024/11/09 20:05:06 >>>>>>>>>> REQUEST:
GET /api2/json/nodes/host1/qemu/101/status/current HTTP/1.1
Host: 192.168.1.131:8006
User-Agent: Go-http-client/1.1
Accept: application/json
Authorization: PVEAPIToken=tf@pam!terraform_token_id=0b313fa7-e5ef-451a-92c6-d30e11e4e84a
Accept-Encoding: gzip

2024/11/09 20:05:06 <<<<<<<<<< RESULT:
HTTP/1.1 200 OK
Content-Length: 241
Cache-Control: max-age=0
Connection: Keep-Alive
Connection: Keep-Alive
Content-Type: application/json;charset=UTF-8
Date: Sat, 09 Nov 2024 20:05:06 GMT
Expires: Sat, 09 Nov 2024 20:05:06 GMT
Pragma: no-cache
Server: pve-api-daemon/3.0

{"data":{"netout":0,"ha":{"managed":0},"netin":0,"diskread":0,"status":"stopped","qmpstatus":"stopped","diskwrite":0,"disk":0,"uptime":0,"mem":0,"name":"mysql","agent":1,"maxdisk":10737418240,"cpus":2,"maxmem":2147483648,"vmid":101,"cpu":0}}
2024/11/09 20:05:06 <<<<<<<<<< RESULT:
HTTP/1.1 200 OK
Content-Length: 244
Cache-Control: max-age=0
Connection: Keep-Alive
Connection: Keep-Alive
Content-Type: application/json;charset=UTF-8
Date: Sat, 09 Nov 2024 20:05:06 GMT
Expires: Sat, 09 Nov 2024 20:05:06 GMT
Pragma: no-cache
Server: pve-api-daemon/3.0

{"data":{"name":"postgres","agent":1,"cpus":2,"maxdisk":10737418240,"maxmem":2147483648,"cpu":0,"vmid":100,"netin":0,"ha":{"managed":0},"netout":0,"diskread":0,"status":"stopped","disk":0,"diskwrite":0,"qmpstatus":"stopped","uptime":0,"mem":0}}
2024/11/09 20:05:06 [DEBUG] VM status: stopped
2024/11/09 20:05:06 [DEBUG] VM status: stopped
[90mSat, 09 Nov 2024 20:05:06 +0000[0m DBG [1mgithub.com/Telmate/terraform-provider-proxmox/v2/proxmox/resource_vm_qemu.go:1500[0m[36m >[0m [READ] Received Config from Proxmox API: {"agent":{"enable":false},"bios":"seabios","boot":"c","bootdisk":"scsi0","cpu":{"cores":2},"disks":{"ide":{"2":{"cloudinit":{"format":"qcow2","storage":"vms"}}},"scsi":{"0":{"disk":{"backup":true,"bandwidth":{"mbps":{"read":{},"write":{}},"iops":{"read":{},"write":{}}},"discard":false,"emulatessd":false,"format":"qcow2","id":1,"iothread":false,"linked":null,"readonly":false,"replicate":true,"size":10485760,"storage":"vms","wwn":""}}}},"hotplug":"network,disk,usb","memory":{"capacity":2048},"name":"mysql","node":"host1","onboot":true,"pool":"","protection":false,"kvm":true,"network":{"0":{"bridge":"vmbr0","id":0,"macaddr":"62:AE:5E:5B:DA:2D","model":"virtio"}},"ostype":"other","scsihw":"virtio-scsi-pci","smbios1":"uuid=c2eaf5f9-5fa8-4f04-9b2d-c9a481954fe5","tablet":true,"vmid":101} [36mloggerName=[0mresource_vm_read [36mvmid=[0m101
[90mSat, 09 Nov 2024 20:05:06 +0000[0m DBG [1mgithub.com/Telmate/terraform-provider-proxmox/v2/proxmox/resource_vm_qemu.go:1500[0m[36m >[0m [READ] Received Config from Proxmox API: {"agent":{"enable":false},"bios":"seabios","boot":"c","bootdisk":"scsi0","cpu":{"cores":2},"disks":{"ide":{"2":{"cloudinit":{"format":"qcow2","storage":"vms"}}},"scsi":{"0":{"disk":{"backup":true,"bandwidth":{"mbps":{"read":{},"write":{}},"iops":{"read":{},"write":{}}},"discard":false,"emulatessd":false,"format":"qcow2","id":1,"iothread":false,"linked":null,"readonly":false,"replicate":true,"size":10485760,"storage":"vms","wwn":""}}}},"hotplug":"network,disk,usb","memory":{"capacity":2048},"name":"postgres","node":"host1","onboot":true,"pool":"","protection":false,"kvm":true,"network":{"0":{"bridge":"vmbr0","id":0,"macaddr":"5A:EC:DE:FC:B7:0B","model":"virtio"}},"ostype":"other","scsihw":"virtio-scsi-pci","smbios1":"uuid=8894e3b3-6fc0-4362-9680-7188ebfb249e","tablet":true,"vmid":100} [36mloggerName=[0mresource_vm_read [36mvmid=[0m100
[90mSat, 09 Nov 2024 20:05:06 +0000[0m DBG [1mgithub.com/Telmate/terraform-provider-proxmox/v2/proxmox/resource_vm_qemu.go:1541[0m[36m >[0m key 'force_create' is set to false [36mloggerName=[0mresource_vm_read [36mvmid=[0m101
[90mSat, 09 Nov 2024 20:05:06 +0000[0m DBG [1mgithub.com/Telmate/terraform-provider-proxmox/v2/proxmox/resource_vm_qemu.go:1541[0m[36m >[0m key 'define_connection_info' is set to true [36mloggerName=[0mresource_vm_read [36mvmid=[0m101
[90mSat, 09 Nov 2024 20:05:06 +0000[0m DBG [1mgithub.com/Telmate/terraform-provider-proxmox/v2/proxmox/resource_vm_qemu.go:1555[0m[36m >[0m Hostpci Block Processed 'map[]' [36mloggerName=[0mresource_vm_read [36mvmid=[0m101
[90mSat, 09 Nov 2024 20:05:06 +0000[0m DBG [1mgithub.com/Telmate/terraform-provider-proxmox/v2/proxmox/resource_vm_qemu.go:1563[0m[36m >[0m Usb Block Processed 'map[]' [36mloggerName=[0mresource_vm_read [36mvmid=[0m101
[90mSat, 09 Nov 2024 20:05:06 +0000[0m DBG [1mgithub.com/Telmate/terraform-provider-proxmox/v2/proxmox/resource_vm_qemu.go:1541[0m[36m >[0m key 'force_create' is set to false [36mloggerName=[0mresource_vm_read [36mvmid=[0m100
[90mSat, 09 Nov 2024 20:05:06 +0000[0m DBG [1mgithub.com/Telmate/terraform-provider-proxmox/v2/proxmox/resource_vm_qemu.go:1570[0m[36m >[0m Unused Disk Block Processed 'map[]' [36mloggerName=[0mresource_vm_read [36mvmid=[0m101
[90mSat, 09 Nov 2024 20:05:06 +0000[0m DBG [1mgithub.com/Telmate/terraform-provider-proxmox/v2/proxmox/resource_vm_qemu.go:1541[0m[36m >[0m key 'define_connection_info' is set to true [36mloggerName=[0mresource_vm_read [36mvmid=[0m100
[90mSat, 09 Nov 2024 20:05:06 +0000[0m DBG [1mgithub.com/Telmate/terraform-provider-proxmox/v2/proxmox/resource_vm_qemu.go:1584[0m[36m >[0m Analyzing Network blocks  [36mloggerName=[0mresource_vm_read [36mvmid=[0m101
[90mSat, 09 Nov 2024 20:05:06 +0000[0m DBG [1mgithub.com/Telmate/terraform-provider-proxmox/v2/proxmox/resource_vm_qemu.go:1555[0m[36m >[0m Hostpci Block Processed 'map[]' [36mloggerName=[0mresource_vm_read [36mvmid=[0m100
[90mSat, 09 Nov 2024 20:05:06 +0000[0m DBG [1mgithub.com/Telmate/terraform-provider-proxmox/v2/proxmox/resource_vm_qemu.go:1586[0m[36m >[0m Network block received 'map[bridge:vmbr0 id:0 macaddr:62:AE:5E:5B:DA:2D model:virtio]' [36mloggerName=[0mresource_vm_read [36mvmid=[0m101
[90mSat, 09 Nov 2024 20:05:06 +0000[0m DBG [1mgithub.com/Telmate/terraform-provider-proxmox/v2/proxmox/resource_vm_qemu.go:1563[0m[36m >[0m Usb Block Processed 'map[]' [36mloggerName=[0mresource_vm_read [36mvmid=[0m100
[90mSat, 09 Nov 2024 20:05:06 +0000[0m DBG [1mgithub.com/Telmate/terraform-provider-proxmox/v2/proxmox/resource_vm_qemu.go:1570[0m[36m >[0m Unused Disk Block Processed 'map[]' [36mloggerName=[0mresource_vm_read [36mvmid=[0m100
[90mSat, 09 Nov 2024 20:05:06 +0000[0m DBG [1mgithub.com/Telmate/terraform-provider-proxmox/v2/proxmox/resource_vm_qemu.go:1584[0m[36m >[0m Analyzing Network blocks  [36mloggerName=[0mresource_vm_read [36mvmid=[0m100
[90mSat, 09 Nov 2024 20:05:06 +0000[0m DBG [1mgithub.com/Telmate/terraform-provider-proxmox/v2/proxmox/resource_vm_qemu.go:1586[0m[36m >[0m Network block received 'map[bridge:vmbr0 id:0 macaddr:5A:EC:DE:FC:B7:0B model:virtio]' [36mloggerName=[0mresource_vm_read [36mvmid=[0m100
[90mSat, 09 Nov 2024 20:05:06 +0000[0m DBG [1mgithub.com/Telmate/terraform-provider-proxmox/v2/proxmox/resource_vm_qemu.go:1617[0m[36m >[0m VM Net Config 'map[0:map[bridge:vmbr0 id:0 macaddr:62:AE:5E:5B:DA:2D model:virtio tag:-1]]' from '[map[bridge:vmbr0 macaddr:62:AE:5E:5B:DA:2D model:virtio tag:-1]]' set as '[map[bridge:vmbr0 firewall:false link_down:false macaddr:62:AE:5E:5B:DA:2D model:virtio mtu:0 queues:0 rate:0 tag:-1]]' type of 'string' [36mloggerName=[0mresource_vm_read [36mvmid=[0m101
[90mSat, 09 Nov 2024 20:05:06 +0000[0m DBG [1mgithub.com/Telmate/terraform-provider-proxmox/v2/proxmox/resource_vm_qemu.go:1619[0m[36m >[0m Finished VM read resulting in data: '' [36mloggerName=[0mresource_vm_read [36mvmid=[0m101
[90mSat, 09 Nov 2024 20:05:06 +0000[0m DBG [1mgithub.com/Telmate/terraform-provider-proxmox/v2/proxmox/resource_vm_qemu.go:1617[0m[36m >[0m VM Net Config 'map[0:map[bridge:vmbr0 id:0 macaddr:5A:EC:DE:FC:B7:0B model:virtio tag:-1]]' from '[map[bridge:vmbr0 macaddr:5A:EC:DE:FC:B7:0B model:virtio tag:-1]]' set as '[map[bridge:vmbr0 firewall:false link_down:false macaddr:5A:EC:DE:FC:B7:0B model:virtio mtu:0 queues:0 rate:0 tag:-1]]' type of 'string' [36mloggerName=[0mresource_vm_read [36mvmid=[0m100
[90mSat, 09 Nov 2024 20:05:06 +0000[0m DBG [1mgithub.com/Telmate/terraform-provider-proxmox/v2/proxmox/resource_vm_qemu.go:1619[0m[36m >[0m Finished VM read resulting in data: '' [36mloggerName=[0mresource_vm_read [36mvmid=[0m100
[90mSat, 09 Nov 2024 20:05:07 +0000[0m [32mINF[0m [1mgithub.com/Telmate/terraform-provider-proxmox/v2/proxmox/util.go:158[0m[36m >[0m [1mEnabling the capture of log-library logs as ithe _capturelog flag was detected[0m
[90mSat, 09 Nov 2024 20:05:07 +0000[0m [32mINF[0m [1mgithub.com/Telmate/terraform-provider-proxmox/v2/proxmox/util.go:191[0m[36m >[0m [1mLogging Started. Root Logger Set to level debug[0m
2024/11/09 20:05:07 >>>>>>>>>> REQUEST:
GET /api2/json/cluster/resources?type=vm HTTP/1.1
Host: 192.168.1.131:8006
User-Agent: Go-http-client/1.1
Accept: application/json
Authorization: PVEAPIToken=tf@pam!terraform_token_id=0b313fa7-e5ef-451a-92c6-d30e11e4e84a
Accept-Encoding: gzip

2024/11/09 20:05:07 >>>>>>>>>> REQUEST:
GET /api2/json/cluster/resources?type=vm HTTP/1.1
Host: 192.168.1.131:8006
User-Agent: Go-http-client/1.1
Accept: application/json
Authorization: PVEAPIToken=tf@pam!terraform_token_id=0b313fa7-e5ef-451a-92c6-d30e11e4e84a
Accept-Encoding: gzip

2024/11/09 20:05:07 <<<<<<<<<< RESULT:
HTTP/1.1 200 OK
Content-Length: 765
Cache-Control: max-age=0
Connection: Keep-Alive
Content-Type: application/json;charset=UTF-8
Date: Sat, 09 Nov 2024 20:05:07 GMT
Expires: Sat, 09 Nov 2024 20:05:07 GMT
Pragma: no-cache
Server: pve-api-daemon/3.0

{"data":[{"uptime":0,"diskwrite":0,"mem":0,"type":"qemu","netout":0,"vmid":100,"id":"qemu/100","status":"stopped","node":"host1","diskread":0,"cpu":0,"disk":0,"name":"postgres","template":0,"netin":0,"maxcpu":2,"maxdisk":10737418240,"maxmem":2147483648},{"template":0,"maxdisk":10737418240,"maxcpu":2,"netin":0,"maxmem":2147483648,"type":"qemu","diskwrite":0,"mem":0,"uptime":0,"id":"qemu/101","status":"stopped","vmid":101,"netout":0,"cpu":0,"diskread":0,"node":"host1","name":"mysql","disk":0},{"cpu":0,"diskread":0,"node":"host1","name":"ubuntu-2404-cloudinit-template","disk":0,"diskwrite":0,"mem":0,"type":"qemu","uptime":0,"vmid":9000,"netout":0,"id":"qemu/9000","status":"stopped","maxcpu":2,"netin":0,"maxdisk":3758096384,"maxmem":2147483648,"template":1}]}
2024/11/09 20:05:07 >>>>>>>>>> REQUEST:
GET /api2/json/nodes/host1/qemu/100/status/current HTTP/1.1
Host: 192.168.1.131:8006
User-Agent: Go-http-client/1.1
Accept: application/json
Authorization: PVEAPIToken=tf@pam!terraform_token_id=0b313fa7-e5ef-451a-92c6-d30e11e4e84a
Accept-Encoding: gzip

2024/11/09 20:05:07 <<<<<<<<<< RESULT:
HTTP/1.1 200 OK
Content-Length: 765
Cache-Control: max-age=0
Connection: Keep-Alive
Content-Type: application/json;charset=UTF-8
Date: Sat, 09 Nov 2024 20:05:07 GMT
Expires: Sat, 09 Nov 2024 20:05:07 GMT
Pragma: no-cache
Server: pve-api-daemon/3.0

{"data":[{"vmid":100,"netout":0,"id":"qemu/100","status":"stopped","diskwrite":0,"mem":0,"type":"qemu","uptime":0,"name":"postgres","disk":0,"cpu":0,"diskread":0,"node":"host1","template":0,"maxmem":2147483648,"maxcpu":2,"netin":0,"maxdisk":10737418240},{"template":0,"maxmem":2147483648,"maxdisk":10737418240,"maxcpu":2,"netin":0,"id":"qemu/101","status":"stopped","vmid":101,"netout":0,"diskwrite":0,"mem":0,"type":"qemu","uptime":0,"disk":0,"name":"mysql","diskread":0,"cpu":0,"node":"host1"},{"node":"host1","cpu":0,"diskread":0,"name":"ubuntu-2404-cloudinit-template","disk":0,"uptime":0,"diskwrite":0,"mem":0,"type":"qemu","netout":0,"vmid":9000,"id":"qemu/9000","status":"stopped","netin":0,"maxcpu":2,"maxdisk":3758096384,"maxmem":2147483648,"template":1}]}
2024/11/09 20:05:07 >>>>>>>>>> REQUEST:
GET /api2/json/nodes/host1/qemu/101/status/current HTTP/1.1
Host: 192.168.1.131:8006
User-Agent: Go-http-client/1.1
Accept: application/json
Authorization: PVEAPIToken=tf@pam!terraform_token_id=0b313fa7-e5ef-451a-92c6-d30e11e4e84a
Accept-Encoding: gzip

2024/11/09 20:05:07 <<<<<<<<<< RESULT:
HTTP/1.1 200 OK
Content-Length: 244
Cache-Control: max-age=0
Connection: Keep-Alive
Connection: Keep-Alive
Content-Type: application/json;charset=UTF-8
Date: Sat, 09 Nov 2024 20:05:07 GMT
Expires: Sat, 09 Nov 2024 20:05:07 GMT
Pragma: no-cache
Server: pve-api-daemon/3.0

{"data":{"cpu":0,"vmid":100,"maxmem":2147483648,"cpus":2,"maxdisk":10737418240,"agent":1,"name":"postgres","mem":0,"uptime":0,"disk":0,"diskwrite":0,"qmpstatus":"stopped","status":"stopped","diskread":0,"netin":0,"ha":{"managed":0},"netout":0}}
2024/11/09 20:05:07 >>>>>>>>>> REQUEST:
DELETE /api2/json/nodes/host1/qemu/100 HTTP/1.1
Host: 192.168.1.131:8006
User-Agent: Go-http-client/1.1
Accept: application/json
Authorization: PVEAPIToken=tf@pam!terraform_token_id=0b313fa7-e5ef-451a-92c6-d30e11e4e84a
Accept-Encoding: gzip

2024/11/09 20:05:07 <<<<<<<<<< RESULT:
HTTP/1.1 200 OK
Content-Length: 241
Cache-Control: max-age=0
Connection: Keep-Alive
Connection: Keep-Alive
Content-Type: application/json;charset=UTF-8
Date: Sat, 09 Nov 2024 20:05:07 GMT
Expires: Sat, 09 Nov 2024 20:05:07 GMT
Pragma: no-cache
Server: pve-api-daemon/3.0

{"data":{"vmid":101,"cpu":0,"maxmem":2147483648,"maxdisk":10737418240,"cpus":2,"agent":1,"name":"mysql","mem":0,"uptime":0,"qmpstatus":"stopped","disk":0,"diskwrite":0,"status":"stopped","diskread":0,"ha":{"managed":0},"netout":0,"netin":0}}
2024/11/09 20:05:07 >>>>>>>>>> REQUEST:
DELETE /api2/json/nodes/host1/qemu/101 HTTP/1.1
Host: 192.168.1.131:8006
User-Agent: Go-http-client/1.1
Accept: application/json
Authorization: PVEAPIToken=tf@pam!terraform_token_id=0b313fa7-e5ef-451a-92c6-d30e11e4e84a
Accept-Encoding: gzip

2024/11/09 20:05:07 <<<<<<<<<< RESULT:
HTTP/1.1 200 OK
Content-Length: 89
Cache-Control: max-age=0
Connection: Keep-Alive
Connection: Keep-Alive
Content-Type: application/json;charset=UTF-8
Date: Sat, 09 Nov 2024 20:05:07 GMT
Expires: Sat, 09 Nov 2024 20:05:07 GMT
Pragma: no-cache
Server: pve-api-daemon/3.0

{"data":"UPID:host1:001B6E10:1956EE8B:672FC073:qmdestroy:100:tf@pam!terraform_token_id:"}
2024/11/09 20:05:07 >>>>>>>>>> REQUEST:
GET /api2/json/nodes/host1/tasks/UPID:host1:001B6E10:1956EE8B:672FC073:qmdestroy:100:tf@pam!terraform_token_id:/status HTTP/1.1
Host: 192.168.1.131:8006
User-Agent: Go-http-client/1.1
Accept: application/json
Authorization: PVEAPIToken=tf@pam!terraform_token_id=0b313fa7-e5ef-451a-92c6-d30e11e4e84a
Accept-Encoding: gzip

2024/11/09 20:05:07 <<<<<<<<<< RESULT:
HTTP/1.1 200 OK
Content-Length: 89
Cache-Control: max-age=0
Connection: Keep-Alive
Connection: Keep-Alive
Content-Type: application/json;charset=UTF-8
Date: Sat, 09 Nov 2024 20:05:07 GMT
Expires: Sat, 09 Nov 2024 20:05:07 GMT
Pragma: no-cache
Server: pve-api-daemon/3.0

{"data":"UPID:host1:001B6E13:1956EE8F:672FC073:qmdestroy:101:tf@pam!terraform_token_id:"}
2024/11/09 20:05:07 >>>>>>>>>> REQUEST:
GET /api2/json/nodes/host1/tasks/UPID:host1:001B6E13:1956EE8F:672FC073:qmdestroy:101:tf@pam!terraform_token_id:/status HTTP/1.1
Host: 192.168.1.131:8006
User-Agent: Go-http-client/1.1
Accept: application/json
Authorization: PVEAPIToken=tf@pam!terraform_token_id=0b313fa7-e5ef-451a-92c6-d30e11e4e84a
Accept-Encoding: gzip

2024/11/09 20:05:07 <<<<<<<<<< RESULT:
HTTP/1.1 200 OK
Content-Length: 265
Cache-Control: max-age=0
Connection: Keep-Alive
Connection: Keep-Alive
Content-Type: application/json;charset=UTF-8
Date: Sat, 09 Nov 2024 20:05:07 GMT
Expires: Sat, 09 Nov 2024 20:05:07 GMT
Pragma: no-cache
Server: pve-api-daemon/3.0

{"data":{"starttime":1731182707,"user":"tf@pam","type":"qmdestroy","pid":1797648,"pstart":425127563,"node":"host1","tokenid":"terraform_token_id","upid":"UPID:host1:001B6E10:1956EE8B:672FC073:qmdestroy:100:tf@pam!terraform_token_id:","id":"100","status":"running"}}
2024/11/09 20:05:07 <<<<<<<<<< RESULT:
HTTP/1.1 200 OK
Content-Length: 265
Cache-Control: max-age=0
Connection: Keep-Alive
Connection: Keep-Alive
Content-Type: application/json;charset=UTF-8
Date: Sat, 09 Nov 2024 20:05:07 GMT
Expires: Sat, 09 Nov 2024 20:05:07 GMT
Pragma: no-cache
Server: pve-api-daemon/3.0

{"data":{"user":"tf@pam","type":"qmdestroy","starttime":1731182707,"pstart":425127567,"pid":1797651,"node":"host1","id":"101","status":"running","tokenid":"terraform_token_id","upid":"UPID:host1:001B6E13:1956EE8F:672FC073:qmdestroy:101:tf@pam!terraform_token_id:"}}
2024/11/09 20:05:09 >>>>>>>>>> REQUEST:
GET /api2/json/nodes/host1/tasks/UPID:host1:001B6E10:1956EE8B:672FC073:qmdestroy:100:tf@pam!terraform_token_id:/status HTTP/1.1
Host: 192.168.1.131:8006
User-Agent: Go-http-client/1.1
Accept: application/json
Authorization: PVEAPIToken=tf@pam!terraform_token_id=0b313fa7-e5ef-451a-92c6-d30e11e4e84a
Accept-Encoding: gzip

2024/11/09 20:05:09 >>>>>>>>>> REQUEST:
GET /api2/json/nodes/host1/tasks/UPID:host1:001B6E13:1956EE8F:672FC073:qmdestroy:101:tf@pam!terraform_token_id:/status HTTP/1.1
Host: 192.168.1.131:8006
User-Agent: Go-http-client/1.1
Accept: application/json
Authorization: PVEAPIToken=tf@pam!terraform_token_id=0b313fa7-e5ef-451a-92c6-d30e11e4e84a
Accept-Encoding: gzip

2024/11/09 20:05:09 <<<<<<<<<< RESULT:
HTTP/1.1 200 OK
Content-Length: 283
Cache-Control: max-age=0
Connection: Keep-Alive
Connection: Keep-Alive
Content-Type: application/json;charset=UTF-8
Date: Sat, 09 Nov 2024 20:05:09 GMT
Expires: Sat, 09 Nov 2024 20:05:09 GMT
Pragma: no-cache
Server: pve-api-daemon/3.0

{"data":{"user":"tf@pam","type":"qmdestroy","id":"100","status":"stopped","exitstatus":"OK","pstart":425127563,"pid":1797648,"starttime":1731182707,"tokenid":"terraform_token_id","upid":"UPID:host1:001B6E10:1956EE8B:672FC073:qmdestroy:100:tf@pam!terraform_token_id:","node":"host1"}}
2024/11/09 20:05:09 <<<<<<<<<< RESULT:
HTTP/1.1 200 OK
Content-Length: 283
Cache-Control: max-age=0
Connection: Keep-Alive
Connection: Keep-Alive
Content-Type: application/json;charset=UTF-8
Date: Sat, 09 Nov 2024 20:05:09 GMT
Expires: Sat, 09 Nov 2024 20:05:09 GMT
Pragma: no-cache
Server: pve-api-daemon/3.0

{"data":{"type":"qmdestroy","user":"tf@pam","exitstatus":"OK","status":"stopped","id":"101","pid":1797651,"pstart":425127567,"starttime":1731182707,"upid":"UPID:host1:001B6E13:1956EE8F:672FC073:qmdestroy:101:tf@pam!terraform_token_id:","tokenid":"terraform_token_id","node":"host1"}}
2024/11/09 20:05:09 [DEBUG] setting computed for "unused_disk" from ComputedKeys
2024/11/09 20:05:09 [DEBUG] setting computed for "smbios" from ComputedKeys
[90mSat, 09 Nov 2024 20:05:09 +0000[0m [32mINF[0m [1mgithub.com/Telmate/terraform-provider-proxmox/v2/proxmox/resource_vm_qemu.go:942[0m[36m >[0m [1mVM creation[0m [36mloggerName=[0mresource_vm_create [36mvmid=[0m
[90mSat, 09 Nov 2024 20:05:09 +0000[0m DBG [1mgithub.com/Telmate/terraform-provider-proxmox/v2/proxmox/resource_vm_qemu.go:943[0m[36m >[0m VM creation resource data: '' [36mloggerName=[0mresource_vm_create [36mvmid=[0m
2024/11/09 20:05:09 [DEBUG][QemuVmCreate] checking for duplicate name: postgres
2024/11/09 20:05:09 >>>>>>>>>> REQUEST:
GET /api2/json/cluster/resources?type=vm HTTP/1.1
Host: 192.168.1.131:8006
User-Agent: Go-http-client/1.1
Accept: application/json
Authorization: PVEAPIToken=tf@pam!terraform_token_id=0b313fa7-e5ef-451a-92c6-d30e11e4e84a
Accept-Encoding: gzip

2024/11/09 20:05:09 [DEBUG] setting computed for "unused_disk" from ComputedKeys
2024/11/09 20:05:09 [DEBUG] setting computed for "smbios" from ComputedKeys
[90mSat, 09 Nov 2024 20:05:09 +0000[0m [32mINF[0m [1mgithub.com/Telmate/terraform-provider-proxmox/v2/proxmox/resource_vm_qemu.go:942[0m[36m >[0m [1mVM creation[0m [36mloggerName=[0mresource_vm_create [36mvmid=[0m
[90mSat, 09 Nov 2024 20:05:09 +0000[0m DBG [1mgithub.com/Telmate/terraform-provider-proxmox/v2/proxmox/resource_vm_qemu.go:943[0m[36m >[0m VM creation resource data: '' [36mloggerName=[0mresource_vm_create [36mvmid=[0m
2024/11/09 20:05:09 [DEBUG][QemuVmCreate] checking for duplicate name: mysql
2024/11/09 20:05:09 >>>>>>>>>> REQUEST:
GET /api2/json/cluster/resources?type=vm HTTP/1.1
Host: 192.168.1.131:8006
User-Agent: Go-http-client/1.1
Accept: application/json
Authorization: PVEAPIToken=tf@pam!terraform_token_id=0b313fa7-e5ef-451a-92c6-d30e11e4e84a
Accept-Encoding: gzip

2024/11/09 20:05:09 <<<<<<<<<< RESULT:
HTTP/1.1 200 OK
Content-Length: 278
Cache-Control: max-age=0
Connection: Keep-Alive
Content-Type: application/json;charset=UTF-8
Date: Sat, 09 Nov 2024 20:05:09 GMT
Expires: Sat, 09 Nov 2024 20:05:09 GMT
Pragma: no-cache
Server: pve-api-daemon/3.0

{"data":[{"status":"stopped","id":"qemu/9000","netout":0,"vmid":9000,"uptime":0,"type":"qemu","diskwrite":0,"mem":0,"name":"ubuntu-2404-cloudinit-template","disk":0,"node":"host1","cpu":0,"diskread":0,"template":1,"maxmem":2147483648,"maxdisk":3758096384,"netin":0,"maxcpu":2}]}
2024/11/09 20:05:09 <<<<<<<<<< RESULT:
HTTP/1.1 200 OK
Content-Length: 278
Cache-Control: max-age=0
Connection: Keep-Alive
Content-Type: application/json;charset=UTF-8
Date: Sat, 09 Nov 2024 20:05:09 GMT
Expires: Sat, 09 Nov 2024 20:05:09 GMT
Pragma: no-cache
Server: pve-api-daemon/3.0

{"data":[{"disk":0,"name":"ubuntu-2404-cloudinit-template","cpu":0,"diskread":0,"node":"host1","vmid":9000,"netout":0,"id":"qemu/9000","status":"stopped","diskwrite":0,"mem":0,"type":"qemu","uptime":0,"maxmem":2147483648,"maxcpu":2,"netin":0,"maxdisk":3758096384,"template":1}]}
2024/11/09 20:05:09 >>>>>>>>>> REQUEST:
GET /api2/json/cluster/nextid HTTP/1.1
Host: 192.168.1.131:8006
User-Agent: Go-http-client/1.1
Accept: application/json
Authorization: PVEAPIToken=tf@pam!terraform_token_id=0b313fa7-e5ef-451a-92c6-d30e11e4e84a
Accept-Encoding: gzip

2024/11/09 20:05:09 <<<<<<<<<< RESULT:
HTTP/1.1 200 OK
Content-Length: 14
Cache-Control: max-age=0
Connection: Keep-Alive
Content-Type: application/json;charset=UTF-8
Date: Sat, 09 Nov 2024 20:05:09 GMT
Expires: Sat, 09 Nov 2024 20:05:09 GMT
Pragma: no-cache
Server: pve-api-daemon/3.0

{"data":"100"}
2024/11/09 20:05:09 >>>>>>>>>> REQUEST:
GET /api2/json/cluster/nextid HTTP/1.1
Host: 192.168.1.131:8006
User-Agent: Go-http-client/1.1
Accept: application/json
Authorization: PVEAPIToken=tf@pam!terraform_token_id=0b313fa7-e5ef-451a-92c6-d30e11e4e84a
Accept-Encoding: gzip

2024/11/09 20:05:09 >>>>>>>>>> REQUEST:
GET /api2/json/cluster/resources?type=vm HTTP/1.1
Host: 192.168.1.131:8006
User-Agent: Go-http-client/1.1
Accept: application/json
Authorization: PVEAPIToken=tf@pam!terraform_token_id=0b313fa7-e5ef-451a-92c6-d30e11e4e84a
Accept-Encoding: gzip

2024/11/09 20:05:09 <<<<<<<<<< RESULT:
HTTP/1.1 200 OK
Content-Length: 14
Cache-Control: max-age=0
Connection: Keep-Alive
Content-Type: application/json;charset=UTF-8
Date: Sat, 09 Nov 2024 20:05:09 GMT
Expires: Sat, 09 Nov 2024 20:05:09 GMT
Pragma: no-cache
Server: pve-api-daemon/3.0

{"data":"100"}
2024/11/09 20:05:09 <<<<<<<<<< RESULT:
HTTP/1.1 200 OK
Content-Length: 278
Cache-Control: max-age=0
Connection: Keep-Alive
Content-Type: application/json;charset=UTF-8
Date: Sat, 09 Nov 2024 20:05:09 GMT
Expires: Sat, 09 Nov 2024 20:05:09 GMT
Pragma: no-cache
Server: pve-api-daemon/3.0

{"data":[{"vmid":9000,"netout":0,"status":"stopped","id":"qemu/9000","type":"qemu","diskwrite":0,"mem":0,"uptime":0,"disk":0,"name":"ubuntu-2404-cloudinit-template","cpu":0,"diskread":0,"node":"host1","template":1,"maxmem":2147483648,"maxcpu":2,"netin":0,"maxdisk":3758096384}]}
2024/11/09 20:05:09 >>>>>>>>>> REQUEST:
GET /api2/json/cluster/resources?type=vm HTTP/1.1
Host: 192.168.1.131:8006
User-Agent: Go-http-client/1.1
Accept: application/json
Authorization: PVEAPIToken=tf@pam!terraform_token_id=0b313fa7-e5ef-451a-92c6-d30e11e4e84a
Accept-Encoding: gzip

2024/11/09 20:05:09 [DEBUG][QemuVmCreate] cloning VM
[90mSat, 09 Nov 2024 20:05:09 +0000[0m DBG [1mgithub.com/Telmate/terraform-provider-proxmox/v2/proxmox/resource_vm_qemu.go:1079[0m[36m >[0m Cloning VM [36mloggerName=[0mresource_vm_create [36mvmid=[0m
2024/11/09 20:05:09 >>>>>>>>>> REQUEST:
POST /api2/json/nodes/host1/qemu/9000/clone HTTP/1.1
Host: 192.168.1.131:8006
User-Agent: Go-http-client/1.1
Content-Length: 40
Accept: application/json
Authorization: PVEAPIToken=tf@pam!terraform_token_id=0b313fa7-e5ef-451a-92c6-d30e11e4e84a
Content-Type: application/x-www-form-urlencoded
Accept-Encoding: gzip

full=1&name=mysql&newid=100&target=host1
2024/11/09 20:05:09 <<<<<<<<<< RESULT:
HTTP/1.1 200 OK
Content-Length: 278
Cache-Control: max-age=0
Connection: Keep-Alive
Content-Type: application/json;charset=UTF-8
Date: Sat, 09 Nov 2024 20:05:10 GMT
Expires: Sat, 09 Nov 2024 20:05:10 GMT
Pragma: no-cache
Server: pve-api-daemon/3.0

{"data":[{"template":1,"netin":0,"maxcpu":2,"maxdisk":3758096384,"maxmem":2147483648,"uptime":0,"diskwrite":0,"mem":0,"type":"qemu","netout":0,"vmid":9000,"status":"stopped","id":"qemu/9000","node":"host1","cpu":0,"diskread":0,"name":"ubuntu-2404-cloudinit-template","disk":0}]}
2024/11/09 20:05:09 [DEBUG][QemuVmCreate] cloning VM
[90mSat, 09 Nov 2024 20:05:09 +0000[0m DBG [1mgithub.com/Telmate/terraform-provider-proxmox/v2/proxmox/resource_vm_qemu.go:1079[0m[36m >[0m Cloning VM [36mloggerName=[0mresource_vm_create [36mvmid=[0m
2024/11/09 20:05:09 >>>>>>>>>> REQUEST:
POST /api2/json/nodes/host1/qemu/9000/clone HTTP/1.1
Host: 192.168.1.131:8006
User-Agent: Go-http-client/1.1
Content-Length: 43
Accept: application/json
Authorization: PVEAPIToken=tf@pam!terraform_token_id=0b313fa7-e5ef-451a-92c6-d30e11e4e84a
Content-Type: application/x-www-form-urlencoded
Accept-Encoding: gzip

full=1&name=postgres&newid=100&target=host1
2024/11/09 20:05:09 <<<<<<<<<< RESULT:
HTTP/1.1 200 OK
Connection: close
Content-Length: 88
Cache-Control: max-age=0
Content-Type: application/json;charset=UTF-8
Date: Sat, 09 Nov 2024 20:05:10 GMT
Expires: Sat, 09 Nov 2024 20:05:10 GMT
Pragma: no-cache
Server: pve-api-daemon/3.0

{"data":"UPID:host1:001B6E22:1956EF7A:672FC076:qmclone:9000:tf@pam!terraform_token_id:"}
2024/11/09 20:05:09 >>>>>>>>>> REQUEST:
GET /api2/json/nodes/host1/tasks/UPID:host1:001B6E22:1956EF7A:672FC076:qmclone:9000:tf@pam!terraform_token_id:/status HTTP/1.1
Host: 192.168.1.131:8006
User-Agent: Go-http-client/1.1
Accept: application/json
Authorization: PVEAPIToken=tf@pam!terraform_token_id=0b313fa7-e5ef-451a-92c6-d30e11e4e84a
Accept-Encoding: gzip

2024/11/09 20:05:10 <<<<<<<<<< RESULT:
HTTP/1.1 500 unable to create VM 100: config file already exists
Connection: close
Content-Length: 13
Cache-Control: max-age=0
Content-Type: application/json;charset=UTF-8
Date: Sat, 09 Nov 2024 20:05:10 GMT
Expires: Sat, 09 Nov 2024 20:05:10 GMT
Pragma: no-cache
Server: pve-api-daemon/3.0

{"data":null}
2024/11/09 20:05:10 <<<<<<<<<< RESULT:
HTTP/1.1 200 OK
Content-Length: 263
Cache-Control: max-age=0
Connection: Keep-Alive
Connection: Keep-Alive
Content-Type: application/json;charset=UTF-8
Date: Sat, 09 Nov 2024 20:05:10 GMT
Expires: Sat, 09 Nov 2024 20:05:10 GMT
Pragma: no-cache
Server: pve-api-daemon/3.0

{"data":{"starttime":1731182710,"user":"tf@pam","type":"qmclone","pid":1797666,"pstart":425127802,"node":"host1","upid":"UPID:host1:001B6E22:1956EF7A:672FC076:qmclone:9000:tf@pam!terraform_token_id:","tokenid":"terraform_token_id","status":"running","id":"9000"}}
2024/11/09 20:05:12 >>>>>>>>>> REQUEST:
GET /api2/json/nodes/host1/tasks/UPID:host1:001B6E22:1956EF7A:672FC076:qmclone:9000:tf@pam!terraform_token_id:/status HTTP/1.1
Host: 192.168.1.131:8006
User-Agent: Go-http-client/1.1
Accept: application/json
Authorization: PVEAPIToken=tf@pam!terraform_token_id=0b313fa7-e5ef-451a-92c6-d30e11e4e84a
Accept-Encoding: gzip

2024/11/09 20:05:12 <<<<<<<<<< RESULT:
HTTP/1.1 200 OK
Content-Length: 281
Cache-Control: max-age=0
Connection: Keep-Alive
Connection: Keep-Alive
Content-Type: application/json;charset=UTF-8
Date: Sat, 09 Nov 2024 20:05:12 GMT
Expires: Sat, 09 Nov 2024 20:05:12 GMT
Pragma: no-cache
Server: pve-api-daemon/3.0

{"data":{"type":"qmclone","user":"tf@pam","exitstatus":"OK","status":"stopped","id":"9000","starttime":1731182710,"pid":1797666,"pstart":425127802,"node":"host1","upid":"UPID:host1:001B6E22:1956EF7A:672FC076:qmclone:9000:tf@pam!terraform_token_id:","tokenid":"terraform_token_id"}}
2024/11/09 20:05:22 [DEBUG][QemuVmCreate] update VM after clone
2024/11/09 20:05:22 >>>>>>>>>> REQUEST:
GET /api2/json/nodes/host1/qemu/100/config HTTP/1.1
Host: 192.168.1.131:8006
User-Agent: Go-http-client/1.1
Accept: application/json
Authorization: PVEAPIToken=tf@pam!terraform_token_id=0b313fa7-e5ef-451a-92c6-d30e11e4e84a
Accept-Encoding: gzip

2024/11/09 20:05:22 <<<<<<<<<< RESULT:
HTTP/1.1 200 OK
Content-Length: 481
Cache-Control: max-age=0
Connection: Keep-Alive
Content-Type: application/json;charset=UTF-8
Date: Sat, 09 Nov 2024 20:05:22 GMT
Expires: Sat, 09 Nov 2024 20:05:22 GMT
Pragma: no-cache
Server: pve-api-daemon/3.0

{"data":{"ide2":"vms:100/vm-100-cloudinit.qcow2,media=cdrom,size=4M","digest":"f8f37508f0ccd5ebf93e499b79abb58db0ecb5c4","name":"mysql","cores":2,"agent":"enabled=1","meta":"creation-qemu=8.0.2,ctime=1731179948","boot":"c","net0":"virtio=16:0D:F6:15:53:14,bridge=vmbr0","bootdisk":"scsi0","scsihw":"virtio-scsi-pci","smbios1":"uuid=8a0ba45e-400e-4c03-b54d-dc6d9aa35c49","memory":2048,"vmgenid":"fb2cdaf5-8845-4749-8d7f-90f18c1cfa16","scsi0":"vms:100/vm-100-disk-0.raw,size=3584M"}}
2024/11/09 20:05:22 >>>>>>>>>> REQUEST:
GET /api2/json/cluster/resources?type=vm HTTP/1.1
Host: 192.168.1.131:8006
User-Agent: Go-http-client/1.1
Accept: application/json
Authorization: PVEAPIToken=tf@pam!terraform_token_id=0b313fa7-e5ef-451a-92c6-d30e11e4e84a
Accept-Encoding: gzip

2024/11/09 20:05:22 <<<<<<<<<< RESULT:
HTTP/1.1 200 OK
Content-Length: 519
Cache-Control: max-age=0
Connection: Keep-Alive
Content-Type: application/json;charset=UTF-8
Date: Sat, 09 Nov 2024 20:05:22 GMT
Expires: Sat, 09 Nov 2024 20:05:22 GMT
Pragma: no-cache
Server: pve-api-daemon/3.0

{"data":[{"template":0,"maxmem":2147483648,"maxdisk":3758096384,"netin":0,"maxcpu":2,"id":"qemu/100","status":"stopped","netout":0,"vmid":100,"uptime":0,"type":"qemu","diskwrite":0,"mem":0,"disk":0,"name":"mysql","node":"host1","cpu":0,"diskread":0},{"maxmem":2147483648,"maxcpu":2,"netin":0,"maxdisk":3758096384,"template":1,"name":"ubuntu-2404-cloudinit-template","disk":0,"diskread":0,"cpu":0,"node":"host1","vmid":9000,"netout":0,"id":"qemu/9000","status":"stopped","diskwrite":0,"mem":0,"type":"qemu","uptime":0}]}
2024/11/09 20:05:22 >>>>>>>>>> REQUEST:
GET /api2/json/cluster/ha/resources/100 HTTP/1.1
Host: 192.168.1.131:8006
User-Agent: Go-http-client/1.1
Accept: application/json
Authorization: PVEAPIToken=tf@pam!terraform_token_id=0b313fa7-e5ef-451a-92c6-d30e11e4e84a
Accept-Encoding: gzip

2024/11/09 20:05:22 <<<<<<<<<< RESULT:
HTTP/1.1 500 no such resource 'vm:100'
Connection: close
Content-Length: 13
Cache-Control: max-age=0
Content-Type: application/json;charset=UTF-8
Date: Sat, 09 Nov 2024 20:05:22 GMT
Expires: Sat, 09 Nov 2024 20:05:22 GMT
Pragma: no-cache
Server: pve-api-daemon/3.0

{"data":null}
2024/11/09 20:05:22 >>>>>>>>>> REQUEST:
GET /api2/json/version HTTP/1.1
Host: 192.168.1.131:8006
User-Agent: Go-http-client/1.1
Accept: application/json
Authorization: PVEAPIToken=tf@pam!terraform_token_id=0b313fa7-e5ef-451a-92c6-d30e11e4e84a
Accept-Encoding: gzip

2024/11/09 20:05:22 <<<<<<<<<< RESULT:
HTTP/1.1 200 OK
Content-Length: 72
Cache-Control: max-age=0
Connection: Keep-Alive
Content-Type: application/json;charset=UTF-8
Date: Sat, 09 Nov 2024 20:05:22 GMT
Expires: Sat, 09 Nov 2024 20:05:22 GMT
Pragma: no-cache
Server: pve-api-daemon/3.0

{"data":{"repoid":"bbf3993334bfa916","release":"8.0","version":"8.0.3"}}
2024/11/09 20:05:22 >>>>>>>>>> REQUEST:
POST /api2/json/nodes/host1/qemu/100/move_disk HTTP/1.1
Host: 192.168.1.131:8006
User-Agent: Go-http-client/1.1
Content-Length: 44
Accept: application/json
Authorization: PVEAPIToken=tf@pam!terraform_token_id=0b313fa7-e5ef-451a-92c6-d30e11e4e84a
Content-Type: application/x-www-form-urlencoded
Accept-Encoding: gzip

delete=1&disk=scsi0&format=qcow2&storage=vms
2024/11/09 20:05:22 <<<<<<<<<< RESULT:
HTTP/1.1 200 OK
Connection: close
Content-Length: 86
Cache-Control: max-age=0
Content-Type: application/json;charset=UTF-8
Date: Sat, 09 Nov 2024 20:05:22 GMT
Expires: Sat, 09 Nov 2024 20:05:22 GMT
Pragma: no-cache
Server: pve-api-daemon/3.0

{"data":"UPID:host1:001B6E72:1956F454:672FC082:qmmove:100:tf@pam!terraform_token_id:"}
2024/11/09 20:05:22 >>>>>>>>>> REQUEST:
GET /api2/json/nodes/host1/tasks/UPID:host1:001B6E72:1956F454:672FC082:qmmove:100:tf@pam!terraform_token_id:/status HTTP/1.1
Host: 192.168.1.131:8006
User-Agent: Go-http-client/1.1
Accept: application/json
Authorization: PVEAPIToken=tf@pam!terraform_token_id=0b313fa7-e5ef-451a-92c6-d30e11e4e84a
Accept-Encoding: gzip

2024/11/09 20:05:22 <<<<<<<<<< RESULT:
HTTP/1.1 200 OK
Content-Length: 259
Cache-Control: max-age=0
Connection: Keep-Alive
Connection: Keep-Alive
Content-Type: application/json;charset=UTF-8
Date: Sat, 09 Nov 2024 20:05:22 GMT
Expires: Sat, 09 Nov 2024 20:05:22 GMT
Pragma: no-cache
Server: pve-api-daemon/3.0

{"data":{"id":"100","status":"running","tokenid":"terraform_token_id","upid":"UPID:host1:001B6E72:1956F454:672FC082:qmmove:100:tf@pam!terraform_token_id:","node":"host1","pstart":425129044,"pid":1797746,"user":"tf@pam","type":"qmmove","starttime":1731182722}}
2024/11/09 20:05:24 >>>>>>>>>> REQUEST:
GET /api2/json/nodes/host1/tasks/UPID:host1:001B6E72:1956F454:672FC082:qmmove:100:tf@pam!terraform_token_id:/status HTTP/1.1
Host: 192.168.1.131:8006
User-Agent: Go-http-client/1.1
Accept: application/json
Authorization: PVEAPIToken=tf@pam!terraform_token_id=0b313fa7-e5ef-451a-92c6-d30e11e4e84a
Accept-Encoding: gzip

2024/11/09 20:05:24 <<<<<<<<<< RESULT:
HTTP/1.1 200 OK
Content-Length: 277
Cache-Control: max-age=0
Connection: Keep-Alive
Connection: Keep-Alive
Content-Type: application/json;charset=UTF-8
Date: Sat, 09 Nov 2024 20:05:24 GMT
Expires: Sat, 09 Nov 2024 20:05:24 GMT
Pragma: no-cache
Server: pve-api-daemon/3.0

{"data":{"node":"host1","upid":"UPID:host1:001B6E72:1956F454:672FC082:qmmove:100:tf@pam!terraform_token_id:","tokenid":"terraform_token_id","starttime":1731182722,"pid":1797746,"pstart":425129044,"exitstatus":"OK","status":"stopped","id":"100","type":"qmmove","user":"tf@pam"}}
2024/11/09 20:05:24 >>>>>>>>>> REQUEST:
PUT /api2/json/nodes/host1/qemu/100/resize HTTP/1.1
Host: 192.168.1.131:8006
User-Agent: Go-http-client/1.1
Content-Length: 25
Accept: application/json
Authorization: PVEAPIToken=tf@pam!terraform_token_id=0b313fa7-e5ef-451a-92c6-d30e11e4e84a
Content-Type: application/x-www-form-urlencoded
Accept-Encoding: gzip

disk=scsi0&size=10485760K
2024/11/09 20:05:24 <<<<<<<<<< RESULT:
HTTP/1.1 200 OK
Content-Length: 86
Cache-Control: max-age=0
Connection: Keep-Alive
Connection: Keep-Alive
Content-Type: application/json;charset=UTF-8
Date: Sat, 09 Nov 2024 20:05:24 GMT
Expires: Sat, 09 Nov 2024 20:05:24 GMT
Pragma: no-cache
Server: pve-api-daemon/3.0

{"data":"UPID:host1:001B6E91:1956F52E:672FC084:resize:100:tf@pam!terraform_token_id:"}
2024/11/09 20:05:24 >>>>>>>>>> REQUEST:
GET /api2/json/nodes/host1/tasks/UPID:host1:001B6E91:1956F52E:672FC084:resize:100:tf@pam!terraform_token_id:/status HTTP/1.1
Host: 192.168.1.131:8006
User-Agent: Go-http-client/1.1
Accept: application/json
Authorization: PVEAPIToken=tf@pam!terraform_token_id=0b313fa7-e5ef-451a-92c6-d30e11e4e84a
Accept-Encoding: gzip

2024/11/09 20:05:24 <<<<<<<<<< RESULT:
HTTP/1.1 200 OK
Content-Length: 259
Cache-Control: max-age=0
Connection: Keep-Alive
Connection: Keep-Alive
Content-Type: application/json;charset=UTF-8
Date: Sat, 09 Nov 2024 20:05:24 GMT
Expires: Sat, 09 Nov 2024 20:05:24 GMT
Pragma: no-cache
Server: pve-api-daemon/3.0

{"data":{"node":"host1","id":"100","status":"running","tokenid":"terraform_token_id","upid":"UPID:host1:001B6E91:1956F52E:672FC084:resize:100:tf@pam!terraform_token_id:","user":"tf@pam","type":"resize","starttime":1731182724,"pstart":425129262,"pid":1797777}}
2024/11/09 20:05:26 >>>>>>>>>> REQUEST:
GET /api2/json/nodes/host1/tasks/UPID:host1:001B6E91:1956F52E:672FC084:resize:100:tf@pam!terraform_token_id:/status HTTP/1.1
Host: 192.168.1.131:8006
User-Agent: Go-http-client/1.1
Accept: application/json
Authorization: PVEAPIToken=tf@pam!terraform_token_id=0b313fa7-e5ef-451a-92c6-d30e11e4e84a
Accept-Encoding: gzip

2024/11/09 20:05:26 <<<<<<<<<< RESULT:
HTTP/1.1 200 OK
Content-Length: 277
Cache-Control: max-age=0
Connection: Keep-Alive
Connection: Keep-Alive
Content-Type: application/json;charset=UTF-8
Date: Sat, 09 Nov 2024 20:05:26 GMT
Expires: Sat, 09 Nov 2024 20:05:26 GMT
Pragma: no-cache
Server: pve-api-daemon/3.0

{"data":{"upid":"UPID:host1:001B6E91:1956F52E:672FC084:resize:100:tf@pam!terraform_token_id:","tokenid":"terraform_token_id","node":"host1","pstart":425129262,"pid":1797777,"starttime":1731182724,"status":"stopped","id":"100","exitstatus":"OK","type":"resize","user":"tf@pam"}}
2024/11/09 20:05:26 >>>>>>>>>> REQUEST:
GET /api2/json/nodes/host1/qemu/100/config HTTP/1.1
Host: 192.168.1.131:8006
User-Agent: Go-http-client/1.1
Accept: application/json
Authorization: PVEAPIToken=tf@pam!terraform_token_id=0b313fa7-e5ef-451a-92c6-d30e11e4e84a
Accept-Encoding: gzip

2024/11/09 20:05:26 <<<<<<<<<< RESULT:
HTTP/1.1 200 OK
Content-Length: 481
Cache-Control: max-age=0
Connection: Keep-Alive
Content-Type: application/json;charset=UTF-8
Date: Sat, 09 Nov 2024 20:05:26 GMT
Expires: Sat, 09 Nov 2024 20:05:26 GMT
Pragma: no-cache
Server: pve-api-daemon/3.0

{"data":{"cores":2,"name":"mysql","digest":"668920e5ec83511cd7c47cffc3979ca2b34f4672","ide2":"vms:100/vm-100-cloudinit.qcow2,media=cdrom,size=4M","boot":"c","meta":"creation-qemu=8.0.2,ctime=1731179948","agent":"enabled=1","bootdisk":"scsi0","net0":"virtio=16:0D:F6:15:53:14,bridge=vmbr0","scsi0":"vms:100/vm-100-disk-1.qcow2,size=10G","vmgenid":"fb2cdaf5-8845-4749-8d7f-90f18c1cfa16","memory":2048,"smbios1":"uuid=8a0ba45e-400e-4c03-b54d-dc6d9aa35c49","scsihw":"virtio-scsi-pci"}}
2024/11/09 20:05:26 >>>>>>>>>> REQUEST:
GET /api2/json/cluster/resources?type=vm HTTP/1.1
Host: 192.168.1.131:8006
User-Agent: Go-http-client/1.1
Accept: application/json
Authorization: PVEAPIToken=tf@pam!terraform_token_id=0b313fa7-e5ef-451a-92c6-d30e11e4e84a
Accept-Encoding: gzip

2024/11/09 20:05:26 <<<<<<<<<< RESULT:
HTTP/1.1 200 OK
Content-Length: 519
Cache-Control: max-age=0
Connection: Keep-Alive
Content-Type: application/json;charset=UTF-8
Date: Sat, 09 Nov 2024 20:05:26 GMT
Expires: Sat, 09 Nov 2024 20:05:26 GMT
Pragma: no-cache
Server: pve-api-daemon/3.0

{"data":[{"template":0,"maxmem":2147483648,"maxdisk":3758096384,"netin":0,"maxcpu":2,"status":"stopped","id":"qemu/100","netout":0,"vmid":100,"uptime":0,"mem":0,"diskwrite":0,"type":"qemu","name":"mysql","disk":0,"node":"host1","diskread":0,"cpu":0},{"vmid":9000,"netout":0,"status":"stopped","id":"qemu/9000","diskwrite":0,"mem":0,"type":"qemu","uptime":0,"disk":0,"name":"ubuntu-2404-cloudinit-template","cpu":0,"diskread":0,"node":"host1","template":1,"maxmem":2147483648,"maxcpu":2,"netin":0,"maxdisk":3758096384}]}
2024/11/09 20:05:26 >>>>>>>>>> REQUEST:
GET /api2/json/cluster/ha/resources/100 HTTP/1.1
Host: 192.168.1.131:8006
User-Agent: Go-http-client/1.1
Accept: application/json
Authorization: PVEAPIToken=tf@pam!terraform_token_id=0b313fa7-e5ef-451a-92c6-d30e11e4e84a
Accept-Encoding: gzip

2024/11/09 20:05:26 <<<<<<<<<< RESULT:
HTTP/1.1 500 no such resource 'vm:100'
Connection: close
Content-Length: 13
Cache-Control: max-age=0
Content-Type: application/json;charset=UTF-8
Date: Sat, 09 Nov 2024 20:05:26 GMT
Expires: Sat, 09 Nov 2024 20:05:26 GMT
Pragma: no-cache
Server: pve-api-daemon/3.0

{"data":null}
2024/11/09 20:05:26 >>>>>>>>>> REQUEST:
PUT /api2/json/nodes/host1/qemu/100/config HTTP/1.1
Host: 192.168.1.131:8006
User-Agent: Go-http-client/1.1
Content-Length: 684
Accept: application/json
Authorization: PVEAPIToken=tf@pam!terraform_token_id=0b313fa7-e5ef-451a-92c6-d30e11e4e84a
Content-Type: application/x-www-form-urlencoded
Accept-Encoding: gzip

agent=1&balloon=0&bios=seabios&cicustom=&cipassword=&ciupgrade=0&cores=1&cpu=host&delete=ide2%2Cshares&hotplug=network%2Cdisk%2Cusb&ipconfig0=ip%3D192.168.1.201%2F24%2Cgw%3D192.168.1.1&kvm=1&memory=4096&name=mysql&net0=virtio%3D3A%3A14%3A73%3A19%3AD6%3ACA%2Cbridge%3Dvmbr0&numa=0&onboot=1&protection=0&scsi0=vms%3A100%2Fvm-100-disk-1.qcow2%2Creplicate%3D0&scsihw=virtio-scsi-pci&sockets=1&sshkeys=%2520ssh-ed25519%2520AAAAC3NzaC1lZDI1NTE5AAAAIOLiEeOqR0KLdVZ64p94nk2fSno1jyminStrv2OPVcd2%2520code%2540paultibbetts.uk%250Assh-ed25519%2520AAAAC3NzaC1lZDI1NTE5AAAAIPfx70ArvHPF%252B9U3GgKgNEAWkXSyZMun83sn9582Pl4e%2520code%2540paultibbetts.uk%250A%250A%250A&tablet=1&tags=database&vmid=100
2024/11/09 20:05:26 <<<<<<<<<< RESULT:
HTTP/1.1 500 only root can set 'ciupgrade' config
Connection: close
Content-Length: 13
Cache-Control: max-age=0
Content-Type: application/json;charset=UTF-8
Date: Sat, 09 Nov 2024 20:05:26 GMT
Expires: Sat, 09 Nov 2024 20:05:26 GMT
Pragma: no-cache
Server: pve-api-daemon/3.0

{"data":null}
[90mSat, 09 Nov 2024 20:09:20 +0000[0m [32mINF[0m [1mgithub.com/Telmate/terraform-provider-proxmox/v2/proxmox/util.go:158[0m[36m >[0m [1mEnabling the capture of log-library logs as ithe _capturelog flag was detected[0m
[90mSat, 09 Nov 2024 20:09:20 +0000[0m [32mINF[0m [1mgithub.com/Telmate/terraform-provider-proxmox/v2/proxmox/util.go:191[0m[36m >[0m [1mLogging Started. Root Logger Set to level debug[0m
[90mSat, 09 Nov 2024 20:09:20 +0000[0m [32mINF[0m [1mgithub.com/Telmate/terraform-provider-proxmox/v2/proxmox/resource_vm_qemu.go:1432[0m[36m >[0m [1mReading configuration for vmid[0m [36mloggerName=[0mresource_vm_read [36mvmid=[0m100
2024/11/09 20:09:20 >>>>>>>>>> REQUEST:
GET /api2/json/cluster/resources?type=vm HTTP/1.1
Host: 192.168.1.131:8006
User-Agent: Go-http-client/1.1
Accept: application/json
Authorization: PVEAPIToken=tf@pam!terraform_token_id=0b313fa7-e5ef-451a-92c6-d30e11e4e84a
Accept-Encoding: gzip

2024/11/09 20:09:20 <<<<<<<<<< RESULT:
HTTP/1.1 200 OK
Content-Length: 278
Cache-Control: max-age=0
Connection: Keep-Alive
Content-Type: application/json;charset=UTF-8
Date: Sat, 09 Nov 2024 20:09:20 GMT
Expires: Sat, 09 Nov 2024 20:09:20 GMT
Pragma: no-cache
Server: pve-api-daemon/3.0

{"data":[{"diskwrite":0,"type":"qemu","mem":0,"uptime":0,"vmid":9000,"netout":0,"id":"qemu/9000","status":"stopped","diskread":0,"cpu":0,"node":"host1","disk":0,"name":"ubuntu-2404-cloudinit-template","template":1,"maxcpu":2,"netin":0,"maxdisk":3758096384,"maxmem":2147483648}]}
[90mSat, 09 Nov 2024 20:09:20 +0000[0m DBG [1mgithub.com/Telmate/terraform-provider-proxmox/v2/proxmox/resource_vm_qemu.go:1450[0m[36m >[0m failed to get vm info [36merror=[0m[31m[1m"vm '100' not found"[0m[0m [36mloggerName=[0mresource_vm_read [36mvmid=[0m100
[90mSat, 09 Nov 2024 20:09:23 +0000[0m [32mINF[0m [1mgithub.com/Telmate/terraform-provider-proxmox/v2/proxmox/util.go:158[0m[36m >[0m [1mEnabling the capture of log-library logs as ithe _capturelog flag was detected[0m
[90mSat, 09 Nov 2024 20:09:23 +0000[0m [32mINF[0m [1mgithub.com/Telmate/terraform-provider-proxmox/v2/proxmox/util.go:191[0m[36m >[0m [1mLogging Started. Root Logger Set to level debug[0m
2024/11/09 20:09:23 [DEBUG] setting computed for "unused_disk" from ComputedKeys
2024/11/09 20:09:23 [DEBUG] setting computed for "smbios" from ComputedKeys
2024/11/09 20:09:23 [DEBUG] setting computed for "smbios" from ComputedKeys
2024/11/09 20:09:23 [DEBUG] setting computed for "unused_disk" from ComputedKeys
[90mSat, 09 Nov 2024 20:09:23 +0000[0m [32mINF[0m [1mgithub.com/Telmate/terraform-provider-proxmox/v2/proxmox/resource_vm_qemu.go:942[0m[36m >[0m [1mVM creation[0m [36mloggerName=[0mresource_vm_create [36mvmid=[0m
[90mSat, 09 Nov 2024 20:09:23 +0000[0m [32mINF[0m [1mgithub.com/Telmate/terraform-provider-proxmox/v2/proxmox/resource_vm_qemu.go:942[0m[36m >[0m [1mVM creation[0m [36mloggerName=[0mresource_vm_create [36mvmid=[0m
[90mSat, 09 Nov 2024 20:09:23 +0000[0m DBG [1mgithub.com/Telmate/terraform-provider-proxmox/v2/proxmox/resource_vm_qemu.go:943[0m[36m >[0m VM creation resource data: '' [36mloggerName=[0mresource_vm_create [36mvmid=[0m
[90mSat, 09 Nov 2024 20:09:23 +0000[0m DBG [1mgithub.com/Telmate/terraform-provider-proxmox/v2/proxmox/resource_vm_qemu.go:943[0m[36m >[0m VM creation resource data: '' [36mloggerName=[0mresource_vm_create [36mvmid=[0m
2024/11/09 20:09:23 [DEBUG][QemuVmCreate] checking for duplicate name: postgres
2024/11/09 20:09:23 [DEBUG][QemuVmCreate] checking for duplicate name: mysql
2024/11/09 20:09:23 >>>>>>>>>> REQUEST:
GET /api2/json/cluster/resources?type=vm HTTP/1.1
Host: 192.168.1.131:8006
User-Agent: Go-http-client/1.1
Accept: application/json
Authorization: PVEAPIToken=tf@pam!terraform_token_id=0b313fa7-e5ef-451a-92c6-d30e11e4e84a
Accept-Encoding: gzip

2024/11/09 20:09:23 >>>>>>>>>> REQUEST:
GET /api2/json/cluster/resources?type=vm HTTP/1.1
Host: 192.168.1.131:8006
User-Agent: Go-http-client/1.1
Accept: application/json
Authorization: PVEAPIToken=tf@pam!terraform_token_id=0b313fa7-e5ef-451a-92c6-d30e11e4e84a
Accept-Encoding: gzip

2024/11/09 20:09:23 <<<<<<<<<< RESULT:
HTTP/1.1 200 OK
Content-Length: 278
Cache-Control: max-age=0
Connection: Keep-Alive
Content-Type: application/json;charset=UTF-8
Date: Sat, 09 Nov 2024 20:09:23 GMT
Expires: Sat, 09 Nov 2024 20:09:23 GMT
Pragma: no-cache
Server: pve-api-daemon/3.0

{"data":[{"maxdisk":3758096384,"maxcpu":2,"netin":0,"maxmem":2147483648,"template":1,"diskread":0,"cpu":0,"node":"host1","name":"ubuntu-2404-cloudinit-template","disk":0,"type":"qemu","diskwrite":0,"mem":0,"uptime":0,"id":"qemu/9000","status":"stopped","vmid":9000,"netout":0}]}
2024/11/09 20:09:23 >>>>>>>>>> REQUEST:
GET /api2/json/cluster/nextid HTTP/1.1
Host: 192.168.1.131:8006
User-Agent: Go-http-client/1.1
Accept: application/json
Authorization: PVEAPIToken=tf@pam!terraform_token_id=0b313fa7-e5ef-451a-92c6-d30e11e4e84a
Accept-Encoding: gzip

2024/11/09 20:09:23 <<<<<<<<<< RESULT:
HTTP/1.1 200 OK
Content-Length: 278
Cache-Control: max-age=0
Connection: Keep-Alive
Content-Type: application/json;charset=UTF-8
Date: Sat, 09 Nov 2024 20:09:23 GMT
Expires: Sat, 09 Nov 2024 20:09:23 GMT
Pragma: no-cache
Server: pve-api-daemon/3.0

{"data":[{"maxcpu":2,"netin":0,"maxdisk":3758096384,"maxmem":2147483648,"template":1,"cpu":0,"diskread":0,"node":"host1","disk":0,"name":"ubuntu-2404-cloudinit-template","mem":0,"diskwrite":0,"type":"qemu","uptime":0,"vmid":9000,"netout":0,"id":"qemu/9000","status":"stopped"}]}
2024/11/09 20:09:23 <<<<<<<<<< RESULT:
HTTP/1.1 200 OK
Content-Length: 14
Cache-Control: max-age=0
Connection: Keep-Alive
Content-Type: application/json;charset=UTF-8
Date: Sat, 09 Nov 2024 20:09:23 GMT
Expires: Sat, 09 Nov 2024 20:09:23 GMT
Pragma: no-cache
Server: pve-api-daemon/3.0

{"data":"100"}
2024/11/09 20:09:23 >>>>>>>>>> REQUEST:
GET /api2/json/cluster/resources?type=vm HTTP/1.1
Host: 192.168.1.131:8006
User-Agent: Go-http-client/1.1
Accept: application/json
Authorization: PVEAPIToken=tf@pam!terraform_token_id=0b313fa7-e5ef-451a-92c6-d30e11e4e84a
Accept-Encoding: gzip

2024/11/09 20:09:23 >>>>>>>>>> REQUEST:
GET /api2/json/cluster/nextid HTTP/1.1
Host: 192.168.1.131:8006
User-Agent: Go-http-client/1.1
Accept: application/json
Authorization: PVEAPIToken=tf@pam!terraform_token_id=0b313fa7-e5ef-451a-92c6-d30e11e4e84a
Accept-Encoding: gzip

2024/11/09 20:09:23 <<<<<<<<<< RESULT:
HTTP/1.1 200 OK
Content-Length: 14
Cache-Control: max-age=0
Connection: Keep-Alive
Content-Type: application/json;charset=UTF-8
Date: Sat, 09 Nov 2024 20:09:23 GMT
Expires: Sat, 09 Nov 2024 20:09:23 GMT
Pragma: no-cache
Server: pve-api-daemon/3.0

{"data":"100"}
2024/11/09 20:09:23 <<<<<<<<<< RESULT:
HTTP/1.1 200 OK
Content-Length: 278
Cache-Control: max-age=0
Connection: Keep-Alive
Content-Type: application/json;charset=UTF-8
Date: Sat, 09 Nov 2024 20:09:23 GMT
Expires: Sat, 09 Nov 2024 20:09:23 GMT
Pragma: no-cache
Server: pve-api-daemon/3.0

{"data":[{"template":1,"maxdisk":3758096384,"maxcpu":2,"netin":0,"maxmem":2147483648,"type":"qemu","diskwrite":0,"mem":0,"uptime":0,"status":"stopped","id":"qemu/9000","vmid":9000,"netout":0,"diskread":0,"cpu":0,"node":"host1","name":"ubuntu-2404-cloudinit-template","disk":0}]}
2024/11/09 20:09:23 [DEBUG][QemuVmCreate] cloning VM
2024/11/09 20:09:23 >>>>>>>>>> REQUEST:
GET /api2/json/cluster/resources?type=vm HTTP/1.1
Host: 192.168.1.131:8006
User-Agent: Go-http-client/1.1
Accept: application/json
Authorization: PVEAPIToken=tf@pam!terraform_token_id=0b313fa7-e5ef-451a-92c6-d30e11e4e84a
Accept-Encoding: gzip

[90mSat, 09 Nov 2024 20:09:23 +0000[0m DBG [1mgithub.com/Telmate/terraform-provider-proxmox/v2/proxmox/resource_vm_qemu.go:1079[0m[36m >[0m Cloning VM [36mloggerName=[0mresource_vm_create [36mvmid=[0m
2024/11/09 20:09:23 >>>>>>>>>> REQUEST:
POST /api2/json/nodes/host1/qemu/9000/clone HTTP/1.1
Host: 192.168.1.131:8006
User-Agent: Go-http-client/1.1
Content-Length: 40
Accept: application/json
Authorization: PVEAPIToken=tf@pam!terraform_token_id=0b313fa7-e5ef-451a-92c6-d30e11e4e84a
Content-Type: application/x-www-form-urlencoded
Accept-Encoding: gzip

full=1&name=mysql&newid=201&target=host1
2024/11/09 20:09:23 <<<<<<<<<< RESULT:
HTTP/1.1 200 OK
Content-Length: 278
Cache-Control: max-age=0
Connection: Keep-Alive
Content-Type: application/json;charset=UTF-8
Date: Sat, 09 Nov 2024 20:09:23 GMT
Expires: Sat, 09 Nov 2024 20:09:23 GMT
Pragma: no-cache
Server: pve-api-daemon/3.0

{"data":[{"maxmem":2147483648,"netin":0,"maxcpu":2,"maxdisk":3758096384,"template":1,"disk":0,"name":"ubuntu-2404-cloudinit-template","node":"host1","cpu":0,"diskread":0,"netout":0,"vmid":9000,"id":"qemu/9000","status":"stopped","uptime":0,"type":"qemu","diskwrite":0,"mem":0}]}
2024/11/09 20:09:23 [DEBUG][QemuVmCreate] cloning VM
[90mSat, 09 Nov 2024 20:09:23 +0000[0m DBG [1mgithub.com/Telmate/terraform-provider-proxmox/v2/proxmox/resource_vm_qemu.go:1079[0m[36m >[0m Cloning VM [36mloggerName=[0mresource_vm_create [36mvmid=[0m
2024/11/09 20:09:23 >>>>>>>>>> REQUEST:
POST /api2/json/nodes/host1/qemu/9000/clone HTTP/1.1
Host: 192.168.1.131:8006
User-Agent: Go-http-client/1.1
Content-Length: 43
Accept: application/json
Authorization: PVEAPIToken=tf@pam!terraform_token_id=0b313fa7-e5ef-451a-92c6-d30e11e4e84a
Content-Type: application/x-www-form-urlencoded
Accept-Encoding: gzip

full=1&name=postgres&newid=202&target=host1
2024/11/09 20:09:23 <<<<<<<<<< RESULT:
HTTP/1.1 200 OK
Connection: close
Content-Length: 88
Cache-Control: max-age=0
Content-Type: application/json;charset=UTF-8
Date: Sat, 09 Nov 2024 20:09:23 GMT
Expires: Sat, 09 Nov 2024 20:09:23 GMT
Pragma: no-cache
Server: pve-api-daemon/3.0

{"data":"UPID:host1:001B7130:195752A3:672FC173:qmclone:9000:tf@pam!terraform_token_id:"}
2024/11/09 20:09:23 >>>>>>>>>> REQUEST:
GET /api2/json/nodes/host1/tasks/UPID:host1:001B7130:195752A3:672FC173:qmclone:9000:tf@pam!terraform_token_id:/status HTTP/1.1
Host: 192.168.1.131:8006
User-Agent: Go-http-client/1.1
Accept: application/json
Authorization: PVEAPIToken=tf@pam!terraform_token_id=0b313fa7-e5ef-451a-92c6-d30e11e4e84a
Accept-Encoding: gzip

2024/11/09 20:09:23 <<<<<<<<<< RESULT:
HTTP/1.1 200 OK
Connection: close
Content-Length: 88
Cache-Control: max-age=0
Content-Type: application/json;charset=UTF-8
Date: Sat, 09 Nov 2024 20:09:23 GMT
Expires: Sat, 09 Nov 2024 20:09:23 GMT
Pragma: no-cache
Server: pve-api-daemon/3.0

{"data":"UPID:host1:001B7136:195752A7:672FC173:qmclone:9000:tf@pam!terraform_token_id:"}
2024/11/09 20:09:23 >>>>>>>>>> REQUEST:
GET /api2/json/nodes/host1/tasks/UPID:host1:001B7136:195752A7:672FC173:qmclone:9000:tf@pam!terraform_token_id:/status HTTP/1.1
Host: 192.168.1.131:8006
User-Agent: Go-http-client/1.1
Accept: application/json
Authorization: PVEAPIToken=tf@pam!terraform_token_id=0b313fa7-e5ef-451a-92c6-d30e11e4e84a
Accept-Encoding: gzip

2024/11/09 20:09:24 <<<<<<<<<< RESULT:
HTTP/1.1 200 OK
Content-Length: 263
Cache-Control: max-age=0
Connection: Keep-Alive
Connection: Keep-Alive
Content-Type: application/json;charset=UTF-8
Date: Sat, 09 Nov 2024 20:09:24 GMT
Expires: Sat, 09 Nov 2024 20:09:24 GMT
Pragma: no-cache
Server: pve-api-daemon/3.0

{"data":{"tokenid":"terraform_token_id","upid":"UPID:host1:001B7130:195752A3:672FC173:qmclone:9000:tf@pam!terraform_token_id:","id":"9000","status":"running","node":"host1","pid":1798448,"pstart":425153187,"starttime":1731182963,"type":"qmclone","user":"tf@pam"}}
2024/11/09 20:09:24 <<<<<<<<<< RESULT:
HTTP/1.1 200 OK
Content-Length: 263
Cache-Control: max-age=0
Connection: Keep-Alive
Connection: Keep-Alive
Content-Type: application/json;charset=UTF-8
Date: Sat, 09 Nov 2024 20:09:24 GMT
Expires: Sat, 09 Nov 2024 20:09:24 GMT
Pragma: no-cache
Server: pve-api-daemon/3.0

{"data":{"status":"running","id":"9000","upid":"UPID:host1:001B7136:195752A7:672FC173:qmclone:9000:tf@pam!terraform_token_id:","tokenid":"terraform_token_id","node":"host1","pstart":425153191,"pid":1798454,"type":"qmclone","user":"tf@pam","starttime":1731182963}}
2024/11/09 20:09:26 >>>>>>>>>> REQUEST:
GET /api2/json/nodes/host1/tasks/UPID:host1:001B7130:195752A3:672FC173:qmclone:9000:tf@pam!terraform_token_id:/status HTTP/1.1
Host: 192.168.1.131:8006
User-Agent: Go-http-client/1.1
Accept: application/json
Authorization: PVEAPIToken=tf@pam!terraform_token_id=0b313fa7-e5ef-451a-92c6-d30e11e4e84a
Accept-Encoding: gzip

2024/11/09 20:09:26 >>>>>>>>>> REQUEST:
GET /api2/json/nodes/host1/tasks/UPID:host1:001B7136:195752A7:672FC173:qmclone:9000:tf@pam!terraform_token_id:/status HTTP/1.1
Host: 192.168.1.131:8006
User-Agent: Go-http-client/1.1
Accept: application/json
Authorization: PVEAPIToken=tf@pam!terraform_token_id=0b313fa7-e5ef-451a-92c6-d30e11e4e84a
Accept-Encoding: gzip

2024/11/09 20:09:26 <<<<<<<<<< RESULT:
HTTP/1.1 200 OK
Content-Length: 281
Cache-Control: max-age=0
Connection: Keep-Alive
Connection: Keep-Alive
Content-Type: application/json;charset=UTF-8
Date: Sat, 09 Nov 2024 20:09:26 GMT
Expires: Sat, 09 Nov 2024 20:09:26 GMT
Pragma: no-cache
Server: pve-api-daemon/3.0

{"data":{"type":"qmclone","user":"tf@pam","exitstatus":"OK","status":"stopped","id":"9000","starttime":1731182963,"pid":1798448,"pstart":425153187,"node":"host1","upid":"UPID:host1:001B7130:195752A3:672FC173:qmclone:9000:tf@pam!terraform_token_id:","tokenid":"terraform_token_id"}}
2024/11/09 20:09:26 <<<<<<<<<< RESULT:
HTTP/1.1 200 OK
Content-Length: 281
Cache-Control: max-age=0
Connection: Keep-Alive
Connection: Keep-Alive
Content-Type: application/json;charset=UTF-8
Date: Sat, 09 Nov 2024 20:09:26 GMT
Expires: Sat, 09 Nov 2024 20:09:26 GMT
Pragma: no-cache
Server: pve-api-daemon/3.0

{"data":{"upid":"UPID:host1:001B7136:195752A7:672FC173:qmclone:9000:tf@pam!terraform_token_id:","tokenid":"terraform_token_id","node":"host1","pstart":425153191,"pid":1798454,"starttime":1731182963,"status":"stopped","id":"9000","exitstatus":"OK","user":"tf@pam","type":"qmclone"}}
2024/11/09 20:09:36 [DEBUG][QemuVmCreate] update VM after clone
2024/11/09 20:09:36 [DEBUG][QemuVmCreate] update VM after clone
2024/11/09 20:09:36 >>>>>>>>>> REQUEST:
GET /api2/json/nodes/host1/qemu/201/config HTTP/1.1
Host: 192.168.1.131:8006
User-Agent: Go-http-client/1.1
Accept: application/json
Authorization: PVEAPIToken=tf@pam!terraform_token_id=0b313fa7-e5ef-451a-92c6-d30e11e4e84a
Accept-Encoding: gzip

2024/11/09 20:09:36 >>>>>>>>>> REQUEST:
GET /api2/json/nodes/host1/qemu/202/config HTTP/1.1
Host: 192.168.1.131:8006
User-Agent: Go-http-client/1.1
Accept: application/json
Authorization: PVEAPIToken=tf@pam!terraform_token_id=0b313fa7-e5ef-451a-92c6-d30e11e4e84a
Accept-Encoding: gzip

2024/11/09 20:09:36 <<<<<<<<<< RESULT:
HTTP/1.1 200 OK
Content-Length: 484
Cache-Control: max-age=0
Connection: Keep-Alive
Content-Type: application/json;charset=UTF-8
Date: Sat, 09 Nov 2024 20:09:36 GMT
Expires: Sat, 09 Nov 2024 20:09:36 GMT
Pragma: no-cache
Server: pve-api-daemon/3.0

{"data":{"boot":"c","meta":"creation-qemu=8.0.2,ctime=1731179948","agent":"enabled=1","cores":2,"ide2":"vms:202/vm-202-cloudinit.qcow2,media=cdrom,size=4M","name":"postgres","digest":"6d0c7e013d3a1b615cb49a4eb71fbfa85e08bdb4","vmgenid":"c5fb4e1d-ee0f-4297-aa61-ed50e19df956","scsi0":"vms:202/vm-202-disk-0.raw,size=3584M","scsihw":"virtio-scsi-pci","memory":2048,"smbios1":"uuid=11955a6f-a163-42be-a170-8b757dd6b419","bootdisk":"scsi0","net0":"virtio=52:54:6B:28:DE:68,bridge=vmbr0"}}
2024/11/09 20:09:36 <<<<<<<<<< RESULT:
HTTP/1.1 200 OK
Content-Length: 481
Cache-Control: max-age=0
Connection: Keep-Alive
Content-Type: application/json;charset=UTF-8
Date: Sat, 09 Nov 2024 20:09:36 GMT
Expires: Sat, 09 Nov 2024 20:09:36 GMT
Pragma: no-cache
Server: pve-api-daemon/3.0

{"data":{"vmgenid":"f52ba8e1-dbe2-464a-a47a-fb608c47bfad","scsi0":"vms:201/vm-201-disk-0.raw,size=3584M","scsihw":"virtio-scsi-pci","smbios1":"uuid=dbfc645b-5aa0-4cf7-914e-7249e1457526","memory":2048,"bootdisk":"scsi0","net0":"virtio=82:3D:CF:D1:EE:CB,bridge=vmbr0","boot":"c","agent":"enabled=1","meta":"creation-qemu=8.0.2,ctime=1731179948","cores":2,"ide2":"vms:201/vm-201-cloudinit.qcow2,media=cdrom,size=4M","digest":"a1d2055add6c7ba39c04c850a968f00ed3b86627","name":"mysql"}}
2024/11/09 20:09:36 >>>>>>>>>> REQUEST:
GET /api2/json/cluster/resources?type=vm HTTP/1.1
Host: 192.168.1.131:8006
User-Agent: Go-http-client/1.1
Accept: application/json
Authorization: PVEAPIToken=tf@pam!terraform_token_id=0b313fa7-e5ef-451a-92c6-d30e11e4e84a
Accept-Encoding: gzip

2024/11/09 20:09:36 >>>>>>>>>> REQUEST:
GET /api2/json/cluster/resources?type=vm HTTP/1.1
Host: 192.168.1.131:8006
User-Agent: Go-http-client/1.1
Accept: application/json
Authorization: PVEAPIToken=tf@pam!terraform_token_id=0b313fa7-e5ef-451a-92c6-d30e11e4e84a
Accept-Encoding: gzip

2024/11/09 20:09:36 <<<<<<<<<< RESULT:
HTTP/1.1 200 OK
Content-Length: 763
Cache-Control: max-age=0
Connection: Keep-Alive
Content-Type: application/json;charset=UTF-8
Date: Sat, 09 Nov 2024 20:09:36 GMT
Expires: Sat, 09 Nov 2024 20:09:36 GMT
Pragma: no-cache
Server: pve-api-daemon/3.0

{"data":[{"node":"host1","diskread":0,"cpu":0,"disk":0,"name":"mysql","uptime":0,"diskwrite":0,"type":"qemu","mem":0,"status":"stopped","id":"qemu/201","netout":0,"vmid":201,"maxdisk":3758096384,"netin":0,"maxcpu":2,"maxmem":2147483648,"template":0},{"node":"host1","cpu":0,"diskread":0,"name":"postgres","disk":0,"uptime":0,"diskwrite":0,"mem":0,"type":"qemu","netout":0,"vmid":202,"status":"stopped","id":"qemu/202","netin":0,"maxcpu":2,"maxdisk":3758096384,"maxmem":2147483648,"template":0},{"template":1,"maxmem":2147483648,"maxcpu":2,"netin":0,"maxdisk":3758096384,"vmid":9000,"netout":0,"id":"qemu/9000","status":"stopped","diskwrite":0,"type":"qemu","mem":0,"uptime":0,"name":"ubuntu-2404-cloudinit-template","disk":0,"diskread":0,"cpu":0,"node":"host1"}]}
2024/11/09 20:09:36 <<<<<<<<<< RESULT:
HTTP/1.1 200 OK
Content-Length: 763
Cache-Control: max-age=0
Connection: Keep-Alive
Content-Type: application/json;charset=UTF-8
Date: Sat, 09 Nov 2024 20:09:36 GMT
Expires: Sat, 09 Nov 2024 20:09:36 GMT
Pragma: no-cache
Server: pve-api-daemon/3.0

{"data":[{"template":0,"maxmem":2147483648,"maxcpu":2,"netin":0,"maxdisk":3758096384,"vmid":201,"netout":0,"id":"qemu/201","status":"stopped","diskwrite":0,"mem":0,"type":"qemu","uptime":0,"name":"mysql","disk":0,"diskread":0,"cpu":0,"node":"host1"},{"node":"host1","diskread":0,"cpu":0,"disk":0,"name":"postgres","uptime":0,"type":"qemu","diskwrite":0,"mem":0,"netout":0,"vmid":202,"status":"stopped","id":"qemu/202","netin":0,"maxcpu":2,"maxdisk":3758096384,"maxmem":2147483648,"template":0},{"node":"host1","cpu":0,"diskread":0,"name":"ubuntu-2404-cloudinit-template","disk":0,"uptime":0,"mem":0,"diskwrite":0,"type":"qemu","id":"qemu/9000","status":"stopped","netout":0,"vmid":9000,"maxdisk":3758096384,"netin":0,"maxcpu":2,"maxmem":2147483648,"template":1}]}
2024/11/09 20:09:36 >>>>>>>>>> REQUEST:
GET /api2/json/cluster/ha/resources/201 HTTP/1.1
Host: 192.168.1.131:8006
User-Agent: Go-http-client/1.1
Accept: application/json
Authorization: PVEAPIToken=tf@pam!terraform_token_id=0b313fa7-e5ef-451a-92c6-d30e11e4e84a
Accept-Encoding: gzip

2024/11/09 20:09:36 >>>>>>>>>> REQUEST:
GET /api2/json/cluster/ha/resources/202 HTTP/1.1
Host: 192.168.1.131:8006
User-Agent: Go-http-client/1.1
Accept: application/json
Authorization: PVEAPIToken=tf@pam!terraform_token_id=0b313fa7-e5ef-451a-92c6-d30e11e4e84a
Accept-Encoding: gzip

2024/11/09 20:09:36 <<<<<<<<<< RESULT:
HTTP/1.1 500 no such resource 'vm:201'
Connection: close
Content-Length: 13
Cache-Control: max-age=0
Content-Type: application/json;charset=UTF-8
Date: Sat, 09 Nov 2024 20:09:36 GMT
Expires: Sat, 09 Nov 2024 20:09:36 GMT
Pragma: no-cache
Server: pve-api-daemon/3.0

{"data":null}
2024/11/09 20:09:36 <<<<<<<<<< RESULT:
HTTP/1.1 500 no such resource 'vm:202'
Connection: close
Content-Length: 13
Cache-Control: max-age=0
Content-Type: application/json;charset=UTF-8
Date: Sat, 09 Nov 2024 20:09:36 GMT
Expires: Sat, 09 Nov 2024 20:09:36 GMT
Pragma: no-cache
Server: pve-api-daemon/3.0

{"data":null}
2024/11/09 20:09:36 >>>>>>>>>> REQUEST:
GET /api2/json/version HTTP/1.1
Host: 192.168.1.131:8006
User-Agent: Go-http-client/1.1
Accept: application/json
Authorization: PVEAPIToken=tf@pam!terraform_token_id=0b313fa7-e5ef-451a-92c6-d30e11e4e84a
Accept-Encoding: gzip

2024/11/09 20:09:36 >>>>>>>>>> REQUEST:
GET /api2/json/version HTTP/1.1
Host: 192.168.1.131:8006
User-Agent: Go-http-client/1.1
Accept: application/json
Authorization: PVEAPIToken=tf@pam!terraform_token_id=0b313fa7-e5ef-451a-92c6-d30e11e4e84a
Accept-Encoding: gzip

2024/11/09 20:09:36 <<<<<<<<<< RESULT:
HTTP/1.1 200 OK
Content-Length: 72
Cache-Control: max-age=0
Connection: Keep-Alive
Content-Type: application/json;charset=UTF-8
Date: Sat, 09 Nov 2024 20:09:36 GMT
Expires: Sat, 09 Nov 2024 20:09:36 GMT
Pragma: no-cache
Server: pve-api-daemon/3.0

{"data":{"repoid":"bbf3993334bfa916","version":"8.0.3","release":"8.0"}}
2024/11/09 20:09:36 <<<<<<<<<< RESULT:
HTTP/1.1 200 OK
Content-Length: 72
Cache-Control: max-age=0
Connection: Keep-Alive
Content-Type: application/json;charset=UTF-8
Date: Sat, 09 Nov 2024 20:09:36 GMT
Expires: Sat, 09 Nov 2024 20:09:36 GMT
Pragma: no-cache
Server: pve-api-daemon/3.0

{"data":{"version":"8.0.3","release":"8.0","repoid":"bbf3993334bfa916"}}
2024/11/09 20:09:36 >>>>>>>>>> REQUEST:
POST /api2/json/nodes/host1/qemu/202/move_disk HTTP/1.1
Host: 192.168.1.131:8006
User-Agent: Go-http-client/1.1
Content-Length: 44
Accept: application/json
Authorization: PVEAPIToken=tf@pam!terraform_token_id=0b313fa7-e5ef-451a-92c6-d30e11e4e84a
Content-Type: application/x-www-form-urlencoded
Accept-Encoding: gzip

delete=1&disk=scsi0&format=qcow2&storage=vms
2024/11/09 20:09:36 >>>>>>>>>> REQUEST:
POST /api2/json/nodes/host1/qemu/201/move_disk HTTP/1.1
Host: 192.168.1.131:8006
User-Agent: Go-http-client/1.1
Content-Length: 44
Accept: application/json
Authorization: PVEAPIToken=tf@pam!terraform_token_id=0b313fa7-e5ef-451a-92c6-d30e11e4e84a
Content-Type: application/x-www-form-urlencoded
Accept-Encoding: gzip

delete=1&disk=scsi0&format=qcow2&storage=vms
2024/11/09 20:09:36 <<<<<<<<<< RESULT:
HTTP/1.1 200 OK
Connection: close
Content-Length: 86
Cache-Control: max-age=0
Content-Type: application/json;charset=UTF-8
Date: Sat, 09 Nov 2024 20:09:36 GMT
Expires: Sat, 09 Nov 2024 20:09:36 GMT
Pragma: no-cache
Server: pve-api-daemon/3.0

{"data":"UPID:host1:001B7193:19575785:672FC180:qmmove:202:tf@pam!terraform_token_id:"}
2024/11/09 20:09:36 <<<<<<<<<< RESULT:
HTTP/1.1 200 OK
Connection: close
Content-Length: 86
Cache-Control: max-age=0
Content-Type: application/json;charset=UTF-8
Date: Sat, 09 Nov 2024 20:09:36 GMT
Expires: Sat, 09 Nov 2024 20:09:36 GMT
Pragma: no-cache
Server: pve-api-daemon/3.0

{"data":"UPID:host1:001B7192:19575785:672FC180:qmmove:201:tf@pam!terraform_token_id:"}
2024/11/09 20:09:36 >>>>>>>>>> REQUEST:
GET /api2/json/nodes/host1/tasks/UPID:host1:001B7192:19575785:672FC180:qmmove:201:tf@pam!terraform_token_id:/status HTTP/1.1
Host: 192.168.1.131:8006
User-Agent: Go-http-client/1.1
Accept: application/json
Authorization: PVEAPIToken=tf@pam!terraform_token_id=0b313fa7-e5ef-451a-92c6-d30e11e4e84a
Accept-Encoding: gzip

2024/11/09 20:09:36 >>>>>>>>>> REQUEST:
GET /api2/json/nodes/host1/tasks/UPID:host1:001B7193:19575785:672FC180:qmmove:202:tf@pam!terraform_token_id:/status HTTP/1.1
Host: 192.168.1.131:8006
User-Agent: Go-http-client/1.1
Accept: application/json
Authorization: PVEAPIToken=tf@pam!terraform_token_id=0b313fa7-e5ef-451a-92c6-d30e11e4e84a
Accept-Encoding: gzip

2024/11/09 20:09:36 <<<<<<<<<< RESULT:
HTTP/1.1 200 OK
Content-Length: 259
Cache-Control: max-age=0
Connection: Keep-Alive
Connection: Keep-Alive
Content-Type: application/json;charset=UTF-8
Date: Sat, 09 Nov 2024 20:09:36 GMT
Expires: Sat, 09 Nov 2024 20:09:36 GMT
Pragma: no-cache
Server: pve-api-daemon/3.0

{"data":{"tokenid":"terraform_token_id","upid":"UPID:host1:001B7192:19575785:672FC180:qmmove:201:tf@pam!terraform_token_id:","id":"201","status":"running","node":"host1","pid":1798546,"pstart":425154437,"starttime":1731182976,"type":"qmmove","user":"tf@pam"}}
2024/11/09 20:09:36 <<<<<<<<<< RESULT:
HTTP/1.1 200 OK
Content-Length: 259
Cache-Control: max-age=0
Connection: Keep-Alive
Connection: Keep-Alive
Content-Type: application/json;charset=UTF-8
Date: Sat, 09 Nov 2024 20:09:36 GMT
Expires: Sat, 09 Nov 2024 20:09:36 GMT
Pragma: no-cache
Server: pve-api-daemon/3.0

{"data":{"user":"tf@pam","type":"qmmove","starttime":1731182976,"pstart":425154437,"pid":1798547,"node":"host1","id":"202","status":"running","tokenid":"terraform_token_id","upid":"UPID:host1:001B7193:19575785:672FC180:qmmove:202:tf@pam!terraform_token_id:"}}
2024/11/09 20:09:38 >>>>>>>>>> REQUEST:
GET /api2/json/nodes/host1/tasks/UPID:host1:001B7192:19575785:672FC180:qmmove:201:tf@pam!terraform_token_id:/status HTTP/1.1
Host: 192.168.1.131:8006
User-Agent: Go-http-client/1.1
Accept: application/json
Authorization: PVEAPIToken=tf@pam!terraform_token_id=0b313fa7-e5ef-451a-92c6-d30e11e4e84a
Accept-Encoding: gzip

2024/11/09 20:09:38 >>>>>>>>>> REQUEST:
GET /api2/json/nodes/host1/tasks/UPID:host1:001B7193:19575785:672FC180:qmmove:202:tf@pam!terraform_token_id:/status HTTP/1.1
Host: 192.168.1.131:8006
User-Agent: Go-http-client/1.1
Accept: application/json
Authorization: PVEAPIToken=tf@pam!terraform_token_id=0b313fa7-e5ef-451a-92c6-d30e11e4e84a
Accept-Encoding: gzip

2024/11/09 20:09:38 <<<<<<<<<< RESULT:
HTTP/1.1 200 OK
Content-Length: 277
Cache-Control: max-age=0
Connection: Keep-Alive
Connection: Keep-Alive
Content-Type: application/json;charset=UTF-8
Date: Sat, 09 Nov 2024 20:09:38 GMT
Expires: Sat, 09 Nov 2024 20:09:38 GMT
Pragma: no-cache
Server: pve-api-daemon/3.0

{"data":{"node":"host1","tokenid":"terraform_token_id","upid":"UPID:host1:001B7193:19575785:672FC180:qmmove:202:tf@pam!terraform_token_id:","starttime":1731182976,"pid":1798547,"pstart":425154437,"exitstatus":"OK","id":"202","status":"stopped","type":"qmmove","user":"tf@pam"}}
2024/11/09 20:09:38 <<<<<<<<<< RESULT:
HTTP/1.1 200 OK
Content-Length: 277
Cache-Control: max-age=0
Connection: Keep-Alive
Connection: Keep-Alive
Content-Type: application/json;charset=UTF-8
Date: Sat, 09 Nov 2024 20:09:38 GMT
Expires: Sat, 09 Nov 2024 20:09:38 GMT
Pragma: no-cache
Server: pve-api-daemon/3.0

{"data":{"type":"qmmove","user":"tf@pam","id":"201","status":"stopped","exitstatus":"OK","pstart":425154437,"pid":1798546,"starttime":1731182976,"tokenid":"terraform_token_id","upid":"UPID:host1:001B7192:19575785:672FC180:qmmove:201:tf@pam!terraform_token_id:","node":"host1"}}
2024/11/09 20:09:38 >>>>>>>>>> REQUEST:
PUT /api2/json/nodes/host1/qemu/202/resize HTTP/1.1
Host: 192.168.1.131:8006
User-Agent: Go-http-client/1.1
Content-Length: 25
Accept: application/json
Authorization: PVEAPIToken=tf@pam!terraform_token_id=0b313fa7-e5ef-451a-92c6-d30e11e4e84a
Content-Type: application/x-www-form-urlencoded
Accept-Encoding: gzip

disk=scsi0&size=10485760K
2024/11/09 20:09:38 >>>>>>>>>> REQUEST:
PUT /api2/json/nodes/host1/qemu/201/resize HTTP/1.1
Host: 192.168.1.131:8006
User-Agent: Go-http-client/1.1
Content-Length: 25
Accept: application/json
Authorization: PVEAPIToken=tf@pam!terraform_token_id=0b313fa7-e5ef-451a-92c6-d30e11e4e84a
Content-Type: application/x-www-form-urlencoded
Accept-Encoding: gzip

disk=scsi0&size=10485760K
2024/11/09 20:09:38 <<<<<<<<<< RESULT:
HTTP/1.1 200 OK
Content-Length: 86
Cache-Control: max-age=0
Connection: Keep-Alive
Connection: Keep-Alive
Content-Type: application/json;charset=UTF-8
Date: Sat, 09 Nov 2024 20:09:38 GMT
Expires: Sat, 09 Nov 2024 20:09:38 GMT
Pragma: no-cache
Server: pve-api-daemon/3.0

{"data":"UPID:host1:001B71D1:1957585D:672FC182:resize:201:tf@pam!terraform_token_id:"}
2024/11/09 20:09:38 <<<<<<<<<< RESULT:
HTTP/1.1 200 OK
Content-Length: 86
Cache-Control: max-age=0
Connection: Keep-Alive
Connection: Keep-Alive
Content-Type: application/json;charset=UTF-8
Date: Sat, 09 Nov 2024 20:09:38 GMT
Expires: Sat, 09 Nov 2024 20:09:38 GMT
Pragma: no-cache
Server: pve-api-daemon/3.0

{"data":"UPID:host1:001B71D2:1957585D:672FC182:resize:202:tf@pam!terraform_token_id:"}
2024/11/09 20:09:38 >>>>>>>>>> REQUEST:
GET /api2/json/nodes/host1/tasks/UPID:host1:001B71D1:1957585D:672FC182:resize:201:tf@pam!terraform_token_id:/status HTTP/1.1
Host: 192.168.1.131:8006
User-Agent: Go-http-client/1.1
Accept: application/json
Authorization: PVEAPIToken=tf@pam!terraform_token_id=0b313fa7-e5ef-451a-92c6-d30e11e4e84a
Accept-Encoding: gzip

2024/11/09 20:09:38 >>>>>>>>>> REQUEST:
GET /api2/json/nodes/host1/tasks/UPID:host1:001B71D2:1957585D:672FC182:resize:202:tf@pam!terraform_token_id:/status HTTP/1.1
Host: 192.168.1.131:8006
User-Agent: Go-http-client/1.1
Accept: application/json
Authorization: PVEAPIToken=tf@pam!terraform_token_id=0b313fa7-e5ef-451a-92c6-d30e11e4e84a
Accept-Encoding: gzip

2024/11/09 20:09:38 <<<<<<<<<< RESULT:
HTTP/1.1 200 OK
Content-Length: 259
Cache-Control: max-age=0
Connection: Keep-Alive
Connection: Keep-Alive
Content-Type: application/json;charset=UTF-8
Date: Sat, 09 Nov 2024 20:09:38 GMT
Expires: Sat, 09 Nov 2024 20:09:38 GMT
Pragma: no-cache
Server: pve-api-daemon/3.0

{"data":{"status":"running","id":"202","upid":"UPID:host1:001B71D2:1957585D:672FC182:resize:202:tf@pam!terraform_token_id:","tokenid":"terraform_token_id","node":"host1","pstart":425154653,"pid":1798610,"user":"tf@pam","type":"resize","starttime":1731182978}}
2024/11/09 20:09:38 <<<<<<<<<< RESULT:
HTTP/1.1 200 OK
Content-Length: 259
Cache-Control: max-age=0
Connection: Keep-Alive
Connection: Keep-Alive
Content-Type: application/json;charset=UTF-8
Date: Sat, 09 Nov 2024 20:09:38 GMT
Expires: Sat, 09 Nov 2024 20:09:38 GMT
Pragma: no-cache
Server: pve-api-daemon/3.0

{"data":{"node":"host1","status":"running","id":"201","upid":"UPID:host1:001B71D1:1957585D:672FC182:resize:201:tf@pam!terraform_token_id:","tokenid":"terraform_token_id","type":"resize","user":"tf@pam","starttime":1731182978,"pstart":425154653,"pid":1798609}}
2024/11/09 20:09:40 >>>>>>>>>> REQUEST:
GET /api2/json/nodes/host1/tasks/UPID:host1:001B71D1:1957585D:672FC182:resize:201:tf@pam!terraform_token_id:/status HTTP/1.1
Host: 192.168.1.131:8006
User-Agent: Go-http-client/1.1
Accept: application/json
Authorization: PVEAPIToken=tf@pam!terraform_token_id=0b313fa7-e5ef-451a-92c6-d30e11e4e84a
Accept-Encoding: gzip

2024/11/09 20:09:40 >>>>>>>>>> REQUEST:
GET /api2/json/nodes/host1/tasks/UPID:host1:001B71D2:1957585D:672FC182:resize:202:tf@pam!terraform_token_id:/status HTTP/1.1
Host: 192.168.1.131:8006
User-Agent: Go-http-client/1.1
Accept: application/json
Authorization: PVEAPIToken=tf@pam!terraform_token_id=0b313fa7-e5ef-451a-92c6-d30e11e4e84a
Accept-Encoding: gzip

2024/11/09 20:09:40 <<<<<<<<<< RESULT:
HTTP/1.1 200 OK
Content-Length: 277
Cache-Control: max-age=0
Connection: Keep-Alive
Connection: Keep-Alive
Content-Type: application/json;charset=UTF-8
Date: Sat, 09 Nov 2024 20:09:40 GMT
Expires: Sat, 09 Nov 2024 20:09:40 GMT
Pragma: no-cache
Server: pve-api-daemon/3.0

{"data":{"type":"resize","user":"tf@pam","exitstatus":"OK","id":"201","status":"stopped","pid":1798609,"pstart":425154653,"starttime":1731182978,"tokenid":"terraform_token_id","upid":"UPID:host1:001B71D1:1957585D:672FC182:resize:201:tf@pam!terraform_token_id:","node":"host1"}}
2024/11/09 20:09:40 <<<<<<<<<< RESULT:
HTTP/1.1 200 OK
Content-Length: 277
Cache-Control: max-age=0
Connection: Keep-Alive
Connection: Keep-Alive
Content-Type: application/json;charset=UTF-8
Date: Sat, 09 Nov 2024 20:09:40 GMT
Expires: Sat, 09 Nov 2024 20:09:40 GMT
Pragma: no-cache
Server: pve-api-daemon/3.0

{"data":{"exitstatus":"OK","id":"202","status":"stopped","user":"tf@pam","type":"resize","tokenid":"terraform_token_id","upid":"UPID:host1:001B71D2:1957585D:672FC182:resize:202:tf@pam!terraform_token_id:","node":"host1","pid":1798610,"pstart":425154653,"starttime":1731182978}}
2024/11/09 20:09:40 >>>>>>>>>> REQUEST:
GET /api2/json/nodes/host1/qemu/201/config HTTP/1.1
Host: 192.168.1.131:8006
User-Agent: Go-http-client/1.1
Accept: application/json
Authorization: PVEAPIToken=tf@pam!terraform_token_id=0b313fa7-e5ef-451a-92c6-d30e11e4e84a
Accept-Encoding: gzip

2024/11/09 20:09:40 >>>>>>>>>> REQUEST:
GET /api2/json/nodes/host1/qemu/202/config HTTP/1.1
Host: 192.168.1.131:8006
User-Agent: Go-http-client/1.1
Accept: application/json
Authorization: PVEAPIToken=tf@pam!terraform_token_id=0b313fa7-e5ef-451a-92c6-d30e11e4e84a
Accept-Encoding: gzip

2024/11/09 20:09:40 <<<<<<<<<< RESULT:
HTTP/1.1 200 OK
Content-Length: 484
Cache-Control: max-age=0
Connection: Keep-Alive
Content-Type: application/json;charset=UTF-8
Date: Sat, 09 Nov 2024 20:09:40 GMT
Expires: Sat, 09 Nov 2024 20:09:40 GMT
Pragma: no-cache
Server: pve-api-daemon/3.0

{"data":{"bootdisk":"scsi0","net0":"virtio=52:54:6B:28:DE:68,bridge=vmbr0","vmgenid":"c5fb4e1d-ee0f-4297-aa61-ed50e19df956","scsi0":"vms:202/vm-202-disk-1.qcow2,size=10G","scsihw":"virtio-scsi-pci","memory":2048,"smbios1":"uuid=11955a6f-a163-42be-a170-8b757dd6b419","cores":2,"ide2":"vms:202/vm-202-cloudinit.qcow2,media=cdrom,size=4M","name":"postgres","digest":"808478d52668c9a0eb1d15239a957513d9911021","boot":"c","meta":"creation-qemu=8.0.2,ctime=1731179948","agent":"enabled=1"}}
2024/11/09 20:09:40 <<<<<<<<<< RESULT:
HTTP/1.1 200 OK
Content-Length: 481
Cache-Control: max-age=0
Connection: Keep-Alive
Content-Type: application/json;charset=UTF-8
Date: Sat, 09 Nov 2024 20:09:40 GMT
Expires: Sat, 09 Nov 2024 20:09:40 GMT
Pragma: no-cache
Server: pve-api-daemon/3.0

{"data":{"scsi0":"vms:201/vm-201-disk-1.qcow2,size=10G","vmgenid":"f52ba8e1-dbe2-464a-a47a-fb608c47bfad","smbios1":"uuid=dbfc645b-5aa0-4cf7-914e-7249e1457526","memory":2048,"scsihw":"virtio-scsi-pci","bootdisk":"scsi0","net0":"virtio=82:3D:CF:D1:EE:CB,bridge=vmbr0","boot":"c","agent":"enabled=1","meta":"creation-qemu=8.0.2,ctime=1731179948","cores":2,"digest":"b02de04e8566c25934cffe30d8443c92324ab361","name":"mysql","ide2":"vms:201/vm-201-cloudinit.qcow2,media=cdrom,size=4M"}}
2024/11/09 20:09:40 >>>>>>>>>> REQUEST:
GET /api2/json/cluster/resources?type=vm HTTP/1.1
Host: 192.168.1.131:8006
User-Agent: Go-http-client/1.1
Accept: application/json
Authorization: PVEAPIToken=tf@pam!terraform_token_id=0b313fa7-e5ef-451a-92c6-d30e11e4e84a
Accept-Encoding: gzip

2024/11/09 20:09:40 >>>>>>>>>> REQUEST:
GET /api2/json/cluster/resources?type=vm HTTP/1.1
Host: 192.168.1.131:8006
User-Agent: Go-http-client/1.1
Accept: application/json
Authorization: PVEAPIToken=tf@pam!terraform_token_id=0b313fa7-e5ef-451a-92c6-d30e11e4e84a
Accept-Encoding: gzip

2024/11/09 20:09:40 <<<<<<<<<< RESULT:
HTTP/1.1 200 OK
Content-Length: 763
Cache-Control: max-age=0
Connection: Keep-Alive
Content-Type: application/json;charset=UTF-8
Date: Sat, 09 Nov 2024 20:09:40 GMT
Expires: Sat, 09 Nov 2024 20:09:40 GMT
Pragma: no-cache
Server: pve-api-daemon/3.0

{"data":[{"maxdisk":3758096384,"netin":0,"maxcpu":2,"maxmem":2147483648,"template":0,"node":"host1","diskread":0,"cpu":0,"name":"mysql","disk":0,"uptime":0,"diskwrite":0,"mem":0,"type":"qemu","id":"qemu/201","status":"stopped","netout":0,"vmid":201},{"template":0,"maxdisk":3758096384,"netin":0,"maxcpu":2,"maxmem":2147483648,"uptime":0,"diskwrite":0,"mem":0,"type":"qemu","id":"qemu/202","status":"stopped","netout":0,"vmid":202,"node":"host1","diskread":0,"cpu":0,"disk":0,"name":"postgres"},{"template":1,"maxmem":2147483648,"netin":0,"maxcpu":2,"maxdisk":3758096384,"netout":0,"vmid":9000,"status":"stopped","id":"qemu/9000","uptime":0,"diskwrite":0,"mem":0,"type":"qemu","disk":0,"name":"ubuntu-2404-cloudinit-template","node":"host1","cpu":0,"diskread":0}]}
2024/11/09 20:09:40 <<<<<<<<<< RESULT:
HTTP/1.1 200 OK
Content-Length: 763
Cache-Control: max-age=0
Connection: Keep-Alive
Content-Type: application/json;charset=UTF-8
Date: Sat, 09 Nov 2024 20:09:40 GMT
Expires: Sat, 09 Nov 2024 20:09:40 GMT
Pragma: no-cache
Server: pve-api-daemon/3.0

{"data":[{"maxdisk":3758096384,"netin":0,"maxcpu":2,"maxmem":2147483648,"template":0,"node":"host1","diskread":0,"cpu":0,"disk":0,"name":"mysql","uptime":0,"diskwrite":0,"mem":0,"type":"qemu","status":"stopped","id":"qemu/201","netout":0,"vmid":201},{"diskread":0,"cpu":0,"node":"host1","name":"postgres","disk":0,"diskwrite":0,"mem":0,"type":"qemu","uptime":0,"status":"stopped","id":"qemu/202","vmid":202,"netout":0,"maxdisk":3758096384,"maxcpu":2,"netin":0,"maxmem":2147483648,"template":0},{"template":1,"maxdisk":3758096384,"maxcpu":2,"netin":0,"maxmem":2147483648,"mem":0,"diskwrite":0,"type":"qemu","uptime":0,"id":"qemu/9000","status":"stopped","vmid":9000,"netout":0,"diskread":0,"cpu":0,"node":"host1","disk":0,"name":"ubuntu-2404-cloudinit-template"}]}
2024/11/09 20:09:40 >>>>>>>>>> REQUEST:
GET /api2/json/cluster/ha/resources/201 HTTP/1.1
Host: 192.168.1.131:8006
User-Agent: Go-http-client/1.1
Accept: application/json
Authorization: PVEAPIToken=tf@pam!terraform_token_id=0b313fa7-e5ef-451a-92c6-d30e11e4e84a
Accept-Encoding: gzip

2024/11/09 20:09:40 >>>>>>>>>> REQUEST:
GET /api2/json/cluster/ha/resources/202 HTTP/1.1
Host: 192.168.1.131:8006
User-Agent: Go-http-client/1.1
Accept: application/json
Authorization: PVEAPIToken=tf@pam!terraform_token_id=0b313fa7-e5ef-451a-92c6-d30e11e4e84a
Accept-Encoding: gzip

2024/11/09 20:09:40 <<<<<<<<<< RESULT:
HTTP/1.1 500 no such resource 'vm:201'
Connection: close
Content-Length: 13
Cache-Control: max-age=0
Content-Type: application/json;charset=UTF-8
Date: Sat, 09 Nov 2024 20:09:40 GMT
Expires: Sat, 09 Nov 2024 20:09:40 GMT
Pragma: no-cache
Server: pve-api-daemon/3.0

{"data":null}
2024/11/09 20:09:40 <<<<<<<<<< RESULT:
HTTP/1.1 500 no such resource 'vm:202'
Connection: close
Content-Length: 13
Cache-Control: max-age=0
Content-Type: application/json;charset=UTF-8
Date: Sat, 09 Nov 2024 20:09:40 GMT
Expires: Sat, 09 Nov 2024 20:09:40 GMT
Pragma: no-cache
Server: pve-api-daemon/3.0

{"data":null}
2024/11/09 20:09:40 >>>>>>>>>> REQUEST:
PUT /api2/json/nodes/host1/qemu/202/config HTTP/1.1
Host: 192.168.1.131:8006
User-Agent: Go-http-client/1.1
Content-Length: 687
Accept: application/json
Authorization: PVEAPIToken=tf@pam!terraform_token_id=0b313fa7-e5ef-451a-92c6-d30e11e4e84a
Content-Type: application/x-www-form-urlencoded
Accept-Encoding: gzip

agent=1&balloon=0&bios=seabios&cicustom=&cipassword=&ciupgrade=0&cores=1&cpu=host&delete=ide2%2Cshares&hotplug=network%2Cdisk%2Cusb&ipconfig0=ip%3D192.168.1.202%2F24%2Cgw%3D192.168.1.1&kvm=1&memory=4096&name=postgres&net0=virtio%3D8A%3A47%3AA9%3A7B%3A3F%3A88%2Cbridge%3Dvmbr0&numa=0&onboot=1&protection=0&scsi0=vms%3A202%2Fvm-202-disk-1.qcow2%2Creplicate%3D0&scsihw=virtio-scsi-pci&sockets=1&sshkeys=%2520ssh-ed25519%2520AAAAC3NzaC1lZDI1NTE5AAAAIOLiEeOqR0KLdVZ64p94nk2fSno1jyminStrv2OPVcd2%2520code%2540paultibbetts.uk%250Assh-ed25519%2520AAAAC3NzaC1lZDI1NTE5AAAAIPfx70ArvHPF%252B9U3GgKgNEAWkXSyZMun83sn9582Pl4e%2520code%2540paultibbetts.uk%250A%250A%250A&tablet=1&tags=database&vmid=202
2024/11/09 20:09:40 >>>>>>>>>> REQUEST:
PUT /api2/json/nodes/host1/qemu/201/config HTTP/1.1
Host: 192.168.1.131:8006
User-Agent: Go-http-client/1.1
Content-Length: 684
Accept: application/json
Authorization: PVEAPIToken=tf@pam!terraform_token_id=0b313fa7-e5ef-451a-92c6-d30e11e4e84a
Content-Type: application/x-www-form-urlencoded
Accept-Encoding: gzip

agent=1&balloon=0&bios=seabios&cicustom=&cipassword=&ciupgrade=0&cores=1&cpu=host&delete=ide2%2Cshares&hotplug=network%2Cdisk%2Cusb&ipconfig0=ip%3D192.168.1.201%2F24%2Cgw%3D192.168.1.1&kvm=1&memory=4096&name=mysql&net0=virtio%3D02%3ABB%3ACB%3A00%3A57%3A34%2Cbridge%3Dvmbr0&numa=0&onboot=1&protection=0&scsi0=vms%3A201%2Fvm-201-disk-1.qcow2%2Creplicate%3D0&scsihw=virtio-scsi-pci&sockets=1&sshkeys=%2520ssh-ed25519%2520AAAAC3NzaC1lZDI1NTE5AAAAIOLiEeOqR0KLdVZ64p94nk2fSno1jyminStrv2OPVcd2%2520code%2540paultibbetts.uk%250Assh-ed25519%2520AAAAC3NzaC1lZDI1NTE5AAAAIPfx70ArvHPF%252B9U3GgKgNEAWkXSyZMun83sn9582Pl4e%2520code%2540paultibbetts.uk%250A%250A%250A&tablet=1&tags=database&vmid=201
2024/11/09 20:09:40 <<<<<<<<<< RESULT:
HTTP/1.1 500 only root can set 'ciupgrade' config
Connection: close
Content-Length: 13
Cache-Control: max-age=0
Content-Type: application/json;charset=UTF-8
Date: Sat, 09 Nov 2024 20:09:40 GMT
Expires: Sat, 09 Nov 2024 20:09:40 GMT
Pragma: no-cache
Server: pve-api-daemon/3.0

{"data":null}
2024/11/09 20:09:40 <<<<<<<<<< RESULT:
HTTP/1.1 500 only root can set 'ciupgrade' config
Connection: close
Content-Length: 13
Cache-Control: max-age=0
Content-Type: application/json;charset=UTF-8
Date: Sat, 09 Nov 2024 20:09:40 GMT
Expires: Sat, 09 Nov 2024 20:09:40 GMT
Pragma: no-cache
Server: pve-api-daemon/3.0

{"data":null}
[90mSat, 09 Nov 2024 20:27:30 +0000[0m [32mINF[0m [1mgithub.com/Telmate/terraform-provider-proxmox/v2/proxmox/util.go:158[0m[36m >[0m [1mEnabling the capture of log-library logs as ithe _capturelog flag was detected[0m
[90mSat, 09 Nov 2024 20:27:30 +0000[0m [32mINF[0m [1mgithub.com/Telmate/terraform-provider-proxmox/v2/proxmox/util.go:191[0m[36m >[0m [1mLogging Started. Root Logger Set to level debug[0m
[90mSat, 09 Nov 2024 20:27:30 +0000[0m [32mINF[0m [1mgithub.com/Telmate/terraform-provider-proxmox/v2/proxmox/resource_vm_qemu.go:1432[0m[36m >[0m [1mReading configuration for vmid[0m [36mloggerName=[0mresource_vm_read [36mvmid=[0m201
[90mSat, 09 Nov 2024 20:27:30 +0000[0m [32mINF[0m [1mgithub.com/Telmate/terraform-provider-proxmox/v2/proxmox/resource_vm_qemu.go:1432[0m[36m >[0m [1mReading configuration for vmid[0m [36mloggerName=[0mresource_vm_read [36mvmid=[0m202
2024/11/09 20:27:30 >>>>>>>>>> REQUEST:
GET /api2/json/cluster/resources?type=vm HTTP/1.1
Host: 192.168.1.131:8006
User-Agent: Go-http-client/1.1
Accept: application/json
Authorization: PVEAPIToken=tf@pam!terraform_token_id=0b313fa7-e5ef-451a-92c6-d30e11e4e84a
Accept-Encoding: gzip

2024/11/09 20:27:30 >>>>>>>>>> REQUEST:
GET /api2/json/cluster/resources?type=vm HTTP/1.1
Host: 192.168.1.131:8006
User-Agent: Go-http-client/1.1
Accept: application/json
Authorization: PVEAPIToken=tf@pam!terraform_token_id=0b313fa7-e5ef-451a-92c6-d30e11e4e84a
Accept-Encoding: gzip

2024/11/09 20:27:30 <<<<<<<<<< RESULT:
HTTP/1.1 200 OK
Content-Length: 765
Cache-Control: max-age=0
Connection: Keep-Alive
Content-Type: application/json;charset=UTF-8
Date: Sat, 09 Nov 2024 20:27:30 GMT
Expires: Sat, 09 Nov 2024 20:27:30 GMT
Pragma: no-cache
Server: pve-api-daemon/3.0

{"data":[{"template":0,"node":"host1","disk":0,"diskwrite":0,"maxcpu":2,"name":"mysql","maxmem":2147483648,"netout":0,"mem":0,"diskread":0,"id":"qemu/201","netin":0,"maxdisk":10737418240,"type":"qemu","uptime":0,"cpu":0,"vmid":201,"status":"stopped"},{"template":0,"node":"host1","disk":0,"diskwrite":0,"maxcpu":2,"maxmem":2147483648,"name":"postgres","netout":0,"diskread":0,"mem":0,"id":"qemu/202","netin":0,"type":"qemu","maxdisk":10737418240,"vmid":202,"uptime":0,"cpu":0,"status":"stopped"},{"maxmem":2147483648,"name":"ubuntu-2404-cloudinit-template","template":1,"node":"host1","disk":0,"diskwrite":0,"maxcpu":2,"netin":0,"type":"qemu","maxdisk":3758096384,"vmid":9000,"cpu":0,"uptime":0,"status":"stopped","netout":0,"mem":0,"diskread":0,"id":"qemu/9000"}]}
2024/11/09 20:27:30 >>>>>>>>>> REQUEST:
GET /api2/json/nodes/host1/qemu/201/config HTTP/1.1
Host: 192.168.1.131:8006
User-Agent: Go-http-client/1.1
Accept: application/json
Authorization: PVEAPIToken=tf@pam!terraform_token_id=0b313fa7-e5ef-451a-92c6-d30e11e4e84a
Accept-Encoding: gzip

2024/11/09 20:27:30 <<<<<<<<<< RESULT:
HTTP/1.1 200 OK
Content-Length: 765
Cache-Control: max-age=0
Connection: Keep-Alive
Content-Type: application/json;charset=UTF-8
Date: Sat, 09 Nov 2024 20:27:30 GMT
Expires: Sat, 09 Nov 2024 20:27:30 GMT
Pragma: no-cache
Server: pve-api-daemon/3.0

{"data":[{"node":"host1","template":0,"disk":0,"maxcpu":2,"diskwrite":0,"maxmem":2147483648,"name":"mysql","netout":0,"diskread":0,"mem":0,"id":"qemu/201","netin":0,"maxdisk":10737418240,"type":"qemu","uptime":0,"cpu":0,"vmid":201,"status":"stopped"},{"status":"stopped","vmid":202,"cpu":0,"uptime":0,"type":"qemu","maxdisk":10737418240,"netin":0,"id":"qemu/202","diskread":0,"mem":0,"netout":0,"name":"postgres","maxmem":2147483648,"maxcpu":2,"diskwrite":0,"disk":0,"node":"host1","template":0},{"maxmem":2147483648,"name":"ubuntu-2404-cloudinit-template","template":1,"node":"host1","disk":0,"diskwrite":0,"maxcpu":2,"netin":0,"maxdisk":3758096384,"type":"qemu","vmid":9000,"cpu":0,"uptime":0,"status":"stopped","netout":0,"mem":0,"diskread":0,"id":"qemu/9000"}]}
2024/11/09 20:27:30 >>>>>>>>>> REQUEST:
GET /api2/json/nodes/host1/qemu/202/config HTTP/1.1
Host: 192.168.1.131:8006
User-Agent: Go-http-client/1.1
Accept: application/json
Authorization: PVEAPIToken=tf@pam!terraform_token_id=0b313fa7-e5ef-451a-92c6-d30e11e4e84a
Accept-Encoding: gzip

2024/11/09 20:27:30 <<<<<<<<<< RESULT:
HTTP/1.1 200 OK
Content-Length: 483
Cache-Control: max-age=0
Connection: Keep-Alive
Content-Type: application/json;charset=UTF-8
Date: Sat, 09 Nov 2024 20:27:30 GMT
Expires: Sat, 09 Nov 2024 20:27:30 GMT
Pragma: no-cache
Server: pve-api-daemon/3.0

{"data":{"agent":"enabled=1","bootdisk":"scsi0","vmgenid":"f52ba8e1-dbe2-464a-a47a-fb608c47bfad","boot":"c","scsi0":"vms:201/vm-201-disk-1.qcow2,size=10G","net0":"virtio=82:3D:CF:D1:EE:CB,bridge=vmbr0","scsihw":"virtio-scsi-pci","meta":"creation-qemu=8.0.2,ctime=1731179948","cores":2,"name":"mysql","memory":"2048","smbios1":"uuid=dbfc645b-5aa0-4cf7-914e-7249e1457526","ide2":"vms:201/vm-201-cloudinit.qcow2,media=cdrom,size=4M","digest":"b02de04e8566c25934cffe30d8443c92324ab361"}}
2024/11/09 20:27:30 >>>>>>>>>> REQUEST:
GET /api2/json/cluster/resources?type=vm HTTP/1.1
Host: 192.168.1.131:8006
User-Agent: Go-http-client/1.1
Accept: application/json
Authorization: PVEAPIToken=tf@pam!terraform_token_id=0b313fa7-e5ef-451a-92c6-d30e11e4e84a
Accept-Encoding: gzip

2024/11/09 20:27:30 <<<<<<<<<< RESULT:
HTTP/1.1 200 OK
Content-Length: 486
Cache-Control: max-age=0
Connection: Keep-Alive
Content-Type: application/json;charset=UTF-8
Date: Sat, 09 Nov 2024 20:27:30 GMT
Expires: Sat, 09 Nov 2024 20:27:30 GMT
Pragma: no-cache
Server: pve-api-daemon/3.0

{"data":{"agent":"enabled=1","vmgenid":"c5fb4e1d-ee0f-4297-aa61-ed50e19df956","bootdisk":"scsi0","boot":"c","scsi0":"vms:202/vm-202-disk-1.qcow2,size=10G","net0":"virtio=52:54:6B:28:DE:68,bridge=vmbr0","scsihw":"virtio-scsi-pci","meta":"creation-qemu=8.0.2,ctime=1731179948","cores":2,"name":"postgres","memory":"2048","smbios1":"uuid=11955a6f-a163-42be-a170-8b757dd6b419","ide2":"vms:202/vm-202-cloudinit.qcow2,media=cdrom,size=4M","digest":"808478d52668c9a0eb1d15239a957513d9911021"}}
2024/11/09 20:27:30 >>>>>>>>>> REQUEST:
GET /api2/json/cluster/resources?type=vm HTTP/1.1
Host: 192.168.1.131:8006
User-Agent: Go-http-client/1.1
Accept: application/json
Authorization: PVEAPIToken=tf@pam!terraform_token_id=0b313fa7-e5ef-451a-92c6-d30e11e4e84a
Accept-Encoding: gzip

2024/11/09 20:27:30 <<<<<<<<<< RESULT:
HTTP/1.1 200 OK
Content-Length: 765
Cache-Control: max-age=0
Connection: Keep-Alive
Content-Type: application/json;charset=UTF-8
Date: Sat, 09 Nov 2024 20:27:30 GMT
Expires: Sat, 09 Nov 2024 20:27:30 GMT
Pragma: no-cache
Server: pve-api-daemon/3.0

{"data":[{"disk":0,"maxcpu":2,"diskwrite":0,"node":"host1","template":0,"name":"mysql","maxmem":2147483648,"id":"qemu/201","netout":0,"mem":0,"diskread":0,"vmid":201,"cpu":0,"uptime":0,"status":"stopped","netin":0,"maxdisk":10737418240,"type":"qemu"},{"status":"stopped","vmid":202,"cpu":0,"uptime":0,"maxdisk":10737418240,"type":"qemu","netin":0,"id":"qemu/202","diskread":0,"mem":0,"netout":0,"name":"postgres","maxmem":2147483648,"maxcpu":2,"diskwrite":0,"disk":0,"template":0,"node":"host1"},{"vmid":9000,"cpu":0,"uptime":0,"status":"stopped","netin":0,"maxdisk":3758096384,"type":"qemu","id":"qemu/9000","netout":0,"mem":0,"diskread":0,"maxmem":2147483648,"name":"ubuntu-2404-cloudinit-template","disk":0,"diskwrite":0,"maxcpu":2,"template":1,"node":"host1"}]}
2024/11/09 20:27:30 >>>>>>>>>> REQUEST:
GET /api2/json/cluster/ha/resources/201 HTTP/1.1
Host: 192.168.1.131:8006
User-Agent: Go-http-client/1.1
Accept: application/json
Authorization: PVEAPIToken=tf@pam!terraform_token_id=0b313fa7-e5ef-451a-92c6-d30e11e4e84a
Accept-Encoding: gzip

2024/11/09 20:27:30 <<<<<<<<<< RESULT:
HTTP/1.1 200 OK
Content-Length: 765
Cache-Control: max-age=0
Connection: Keep-Alive
Content-Type: application/json;charset=UTF-8
Date: Sat, 09 Nov 2024 20:27:30 GMT
Expires: Sat, 09 Nov 2024 20:27:30 GMT
Pragma: no-cache
Server: pve-api-daemon/3.0

{"data":[{"id":"qemu/201","diskread":0,"mem":0,"netout":0,"status":"stopped","vmid":201,"cpu":0,"uptime":0,"type":"qemu","maxdisk":10737418240,"netin":0,"maxcpu":2,"diskwrite":0,"disk":0,"template":0,"node":"host1","name":"mysql","maxmem":2147483648},{"disk":0,"diskwrite":0,"maxcpu":2,"node":"host1","template":0,"maxmem":2147483648,"name":"postgres","id":"qemu/202","netout":0,"diskread":0,"mem":0,"vmid":202,"cpu":0,"uptime":0,"status":"stopped","netin":0,"maxdisk":10737418240,"type":"qemu"},{"id":"qemu/9000","netout":0,"mem":0,"diskread":0,"cpu":0,"uptime":0,"vmid":9000,"status":"stopped","netin":0,"maxdisk":3758096384,"type":"qemu","disk":0,"diskwrite":0,"maxcpu":2,"node":"host1","template":1,"maxmem":2147483648,"name":"ubuntu-2404-cloudinit-template"}]}
2024/11/09 20:27:30 >>>>>>>>>> REQUEST:
GET /api2/json/cluster/ha/resources/202 HTTP/1.1
Host: 192.168.1.131:8006
User-Agent: Go-http-client/1.1
Accept: application/json
Authorization: PVEAPIToken=tf@pam!terraform_token_id=0b313fa7-e5ef-451a-92c6-d30e11e4e84a
Accept-Encoding: gzip

2024/11/09 20:27:30 <<<<<<<<<< RESULT:
HTTP/1.1 500 no such resource 'vm:201'
Connection: close
Content-Length: 13
Cache-Control: max-age=0
Content-Type: application/json;charset=UTF-8
Date: Sat, 09 Nov 2024 20:27:30 GMT
Expires: Sat, 09 Nov 2024 20:27:30 GMT
Pragma: no-cache
Server: pve-api-daemon/3.0

{"data":null}
2024/11/09 20:27:30 >>>>>>>>>> REQUEST:
GET /api2/json/nodes/host1/qemu/201/status/current HTTP/1.1
Host: 192.168.1.131:8006
User-Agent: Go-http-client/1.1
Accept: application/json
Authorization: PVEAPIToken=tf@pam!terraform_token_id=0b313fa7-e5ef-451a-92c6-d30e11e4e84a
Accept-Encoding: gzip

2024/11/09 20:27:30 <<<<<<<<<< RESULT:
HTTP/1.1 500 no such resource 'vm:202'
Connection: close
Content-Length: 13
Cache-Control: max-age=0
Content-Type: application/json;charset=UTF-8
Date: Sat, 09 Nov 2024 20:27:30 GMT
Expires: Sat, 09 Nov 2024 20:27:30 GMT
Pragma: no-cache
Server: pve-api-daemon/3.0

{"data":null}
2024/11/09 20:27:30 >>>>>>>>>> REQUEST:
GET /api2/json/nodes/host1/qemu/202/status/current HTTP/1.1
Host: 192.168.1.131:8006
User-Agent: Go-http-client/1.1
Accept: application/json
Authorization: PVEAPIToken=tf@pam!terraform_token_id=0b313fa7-e5ef-451a-92c6-d30e11e4e84a
Accept-Encoding: gzip

2024/11/09 20:27:30 <<<<<<<<<< RESULT:
HTTP/1.1 200 OK
Connection: close
Content-Length: 241
Cache-Control: max-age=0
Content-Type: application/json;charset=UTF-8
Date: Sat, 09 Nov 2024 20:27:30 GMT
Expires: Sat, 09 Nov 2024 20:27:30 GMT
Pragma: no-cache
Server: pve-api-daemon/3.0

{"data":{"netin":0,"maxmem":2147483648,"agent":1,"uptime":0,"ha":{"managed":0},"qmpstatus":"stopped","diskwrite":0,"name":"mysql","diskread":0,"cpu":0,"status":"stopped","mem":0,"disk":0,"vmid":201,"netout":0,"cpus":2,"maxdisk":10737418240}}
2024/11/09 20:27:30 [DEBUG] VM status: stopped
[90mSat, 09 Nov 2024 20:27:30 +0000[0m DBG [1mgithub.com/Telmate/terraform-provider-proxmox/v2/proxmox/resource_vm_qemu.go:1500[0m[36m >[0m [READ] Received Config from Proxmox API: {"agent":{"enable":false},"bios":"seabios","boot":"c","bootdisk":"scsi0","cpu":{"cores":2},"disks":{"ide":{"2":{"cloudinit":{"format":"qcow2","storage":"vms"}}},"scsi":{"0":{"disk":{"backup":true,"bandwidth":{"mbps":{"read":{},"write":{}},"iops":{"read":{},"write":{}}},"discard":false,"emulatessd":false,"format":"qcow2","id":1,"iothread":false,"linked":null,"readonly":false,"replicate":true,"size":10485760,"storage":"vms","wwn":""}}}},"hotplug":"network,disk,usb","memory":{"capacity":2048},"name":"mysql","node":"host1","onboot":true,"pool":"","protection":false,"kvm":true,"network":{"0":{"bridge":"vmbr0","id":0,"macaddr":"82:3D:CF:D1:EE:CB","model":"virtio"}},"ostype":"other","scsihw":"virtio-scsi-pci","smbios1":"uuid=dbfc645b-5aa0-4cf7-914e-7249e1457526","tablet":true,"vmid":201} [36mloggerName=[0mresource_vm_read [36mvmid=[0m201
[90mSat, 09 Nov 2024 20:27:30 +0000[0m DBG [1mgithub.com/Telmate/terraform-provider-proxmox/v2/proxmox/resource_vm_qemu.go:1541[0m[36m >[0m key 'force_create' is set to false [36mloggerName=[0mresource_vm_read [36mvmid=[0m201
[90mSat, 09 Nov 2024 20:27:30 +0000[0m DBG [1mgithub.com/Telmate/terraform-provider-proxmox/v2/proxmox/resource_vm_qemu.go:1541[0m[36m >[0m key 'define_connection_info' is set to true [36mloggerName=[0mresource_vm_read [36mvmid=[0m201
[90mSat, 09 Nov 2024 20:27:30 +0000[0m DBG [1mgithub.com/Telmate/terraform-provider-proxmox/v2/proxmox/resource_vm_qemu.go:1555[0m[36m >[0m Hostpci Block Processed 'map[]' [36mloggerName=[0mresource_vm_read [36mvmid=[0m201
[90mSat, 09 Nov 2024 20:27:30 +0000[0m DBG [1mgithub.com/Telmate/terraform-provider-proxmox/v2/proxmox/resource_vm_qemu.go:1563[0m[36m >[0m Usb Block Processed 'map[]' [36mloggerName=[0mresource_vm_read [36mvmid=[0m201
[90mSat, 09 Nov 2024 20:27:30 +0000[0m DBG [1mgithub.com/Telmate/terraform-provider-proxmox/v2/proxmox/resource_vm_qemu.go:1570[0m[36m >[0m Unused Disk Block Processed 'map[]' [36mloggerName=[0mresource_vm_read [36mvmid=[0m201
[90mSat, 09 Nov 2024 20:27:30 +0000[0m DBG [1mgithub.com/Telmate/terraform-provider-proxmox/v2/proxmox/resource_vm_qemu.go:1584[0m[36m >[0m Analyzing Network blocks  [36mloggerName=[0mresource_vm_read [36mvmid=[0m201
[90mSat, 09 Nov 2024 20:27:30 +0000[0m DBG [1mgithub.com/Telmate/terraform-provider-proxmox/v2/proxmox/resource_vm_qemu.go:1586[0m[36m >[0m Network block received 'map[bridge:vmbr0 id:0 macaddr:82:3D:CF:D1:EE:CB model:virtio]' [36mloggerName=[0mresource_vm_read [36mvmid=[0m201
[90mSat, 09 Nov 2024 20:27:30 +0000[0m DBG [1mgithub.com/Telmate/terraform-provider-proxmox/v2/proxmox/resource_vm_qemu.go:1617[0m[36m >[0m VM Net Config 'map[0:map[bridge:vmbr0 id:0 macaddr:82:3D:CF:D1:EE:CB model:virtio tag:-1]]' from '[map[bridge:vmbr0 macaddr:82:3D:CF:D1:EE:CB model:virtio tag:-1]]' set as '[map[bridge:vmbr0 firewall:false link_down:false macaddr:82:3D:CF:D1:EE:CB model:virtio mtu:0 queues:0 rate:0 tag:-1]]' type of 'string' [36mloggerName=[0mresource_vm_read [36mvmid=[0m201
[90mSat, 09 Nov 2024 20:27:30 +0000[0m DBG [1mgithub.com/Telmate/terraform-provider-proxmox/v2/proxmox/resource_vm_qemu.go:1619[0m[36m >[0m Finished VM read resulting in data: '' [36mloggerName=[0mresource_vm_read [36mvmid=[0m201
2024/11/09 20:27:30 <<<<<<<<<< RESULT:
HTTP/1.1 200 OK
Connection: close
Content-Length: 244
Cache-Control: max-age=0
Content-Type: application/json;charset=UTF-8
Date: Sat, 09 Nov 2024 20:27:30 GMT
Expires: Sat, 09 Nov 2024 20:27:30 GMT
Pragma: no-cache
Server: pve-api-daemon/3.0

{"data":{"status":"stopped","cpu":0,"mem":0,"disk":0,"vmid":202,"netout":0,"maxdisk":10737418240,"cpus":2,"maxmem":2147483648,"netin":0,"agent":1,"qmpstatus":"stopped","ha":{"managed":0},"uptime":0,"diskread":0,"diskwrite":0,"name":"postgres"}}
2024/11/09 20:27:30 [DEBUG] VM status: stopped
[90mSat, 09 Nov 2024 20:27:30 +0000[0m DBG [1mgithub.com/Telmate/terraform-provider-proxmox/v2/proxmox/resource_vm_qemu.go:1500[0m[36m >[0m [READ] Received Config from Proxmox API: {"agent":{"enable":false},"bios":"seabios","boot":"c","bootdisk":"scsi0","cpu":{"cores":2},"disks":{"ide":{"2":{"cloudinit":{"format":"qcow2","storage":"vms"}}},"scsi":{"0":{"disk":{"backup":true,"bandwidth":{"mbps":{"read":{},"write":{}},"iops":{"read":{},"write":{}}},"discard":false,"emulatessd":false,"format":"qcow2","id":1,"iothread":false,"linked":null,"readonly":false,"replicate":true,"size":10485760,"storage":"vms","wwn":""}}}},"hotplug":"network,disk,usb","memory":{"capacity":2048},"name":"postgres","node":"host1","onboot":true,"pool":"","protection":false,"kvm":true,"network":{"0":{"bridge":"vmbr0","id":0,"macaddr":"52:54:6B:28:DE:68","model":"virtio"}},"ostype":"other","scsihw":"virtio-scsi-pci","smbios1":"uuid=11955a6f-a163-42be-a170-8b757dd6b419","tablet":true,"vmid":202} [36mloggerName=[0mresource_vm_read [36mvmid=[0m202
[90mSat, 09 Nov 2024 20:27:30 +0000[0m DBG [1mgithub.com/Telmate/terraform-provider-proxmox/v2/proxmox/resource_vm_qemu.go:1541[0m[36m >[0m key 'force_create' is set to false [36mloggerName=[0mresource_vm_read [36mvmid=[0m202
[90mSat, 09 Nov 2024 20:27:30 +0000[0m DBG [1mgithub.com/Telmate/terraform-provider-proxmox/v2/proxmox/resource_vm_qemu.go:1541[0m[36m >[0m key 'define_connection_info' is set to true [36mloggerName=[0mresource_vm_read [36mvmid=[0m202
[90mSat, 09 Nov 2024 20:27:30 +0000[0m DBG [1mgithub.com/Telmate/terraform-provider-proxmox/v2/proxmox/resource_vm_qemu.go:1555[0m[36m >[0m Hostpci Block Processed 'map[]' [36mloggerName=[0mresource_vm_read [36mvmid=[0m202
[90mSat, 09 Nov 2024 20:27:30 +0000[0m DBG [1mgithub.com/Telmate/terraform-provider-proxmox/v2/proxmox/resource_vm_qemu.go:1563[0m[36m >[0m Usb Block Processed 'map[]' [36mloggerName=[0mresource_vm_read [36mvmid=[0m202
[90mSat, 09 Nov 2024 20:27:30 +0000[0m DBG [1mgithub.com/Telmate/terraform-provider-proxmox/v2/proxmox/resource_vm_qemu.go:1570[0m[36m >[0m Unused Disk Block Processed 'map[]' [36mloggerName=[0mresource_vm_read [36mvmid=[0m202
[90mSat, 09 Nov 2024 20:27:30 +0000[0m DBG [1mgithub.com/Telmate/terraform-provider-proxmox/v2/proxmox/resource_vm_qemu.go:1584[0m[36m >[0m Analyzing Network blocks  [36mloggerName=[0mresource_vm_read [36mvmid=[0m202
[90mSat, 09 Nov 2024 20:27:30 +0000[0m DBG [1mgithub.com/Telmate/terraform-provider-proxmox/v2/proxmox/resource_vm_qemu.go:1586[0m[36m >[0m Network block received 'map[bridge:vmbr0 id:0 macaddr:52:54:6B:28:DE:68 model:virtio]' [36mloggerName=[0mresource_vm_read [36mvmid=[0m202
[90mSat, 09 Nov 2024 20:27:30 +0000[0m DBG [1mgithub.com/Telmate/terraform-provider-proxmox/v2/proxmox/resource_vm_qemu.go:1617[0m[36m >[0m VM Net Config 'map[0:map[bridge:vmbr0 id:0 macaddr:52:54:6B:28:DE:68 model:virtio tag:-1]]' from '[map[bridge:vmbr0 macaddr:52:54:6B:28:DE:68 model:virtio tag:-1]]' set as '[map[bridge:vmbr0 firewall:false link_down:false macaddr:52:54:6B:28:DE:68 model:virtio mtu:0 queues:0 rate:0 tag:-1]]' type of 'string' [36mloggerName=[0mresource_vm_read [36mvmid=[0m202
[90mSat, 09 Nov 2024 20:27:30 +0000[0m DBG [1mgithub.com/Telmate/terraform-provider-proxmox/v2/proxmox/resource_vm_qemu.go:1619[0m[36m >[0m Finished VM read resulting in data: '' [36mloggerName=[0mresource_vm_read [36mvmid=[0m202
[90mSat, 09 Nov 2024 20:28:38 +0000[0m [32mINF[0m [1mgithub.com/Telmate/terraform-provider-proxmox/v2/proxmox/util.go:158[0m[36m >[0m [1mEnabling the capture of log-library logs as ithe _capturelog flag was detected[0m
[90mSat, 09 Nov 2024 20:28:38 +0000[0m [32mINF[0m [1mgithub.com/Telmate/terraform-provider-proxmox/v2/proxmox/util.go:191[0m[36m >[0m [1mLogging Started. Root Logger Set to level debug[0m
2024/11/09 20:28:38 >>>>>>>>>> REQUEST:
GET /api2/json/cluster/resources?type=vm HTTP/1.1
Host: 192.168.1.131:8006
User-Agent: Go-http-client/1.1
Accept: application/json
Authorization: PVEAPIToken=tf@pam!terraform_token_id=0b313fa7-e5ef-451a-92c6-d30e11e4e84a
Accept-Encoding: gzip

2024/11/09 20:28:38 >>>>>>>>>> REQUEST:
GET /api2/json/cluster/resources?type=vm HTTP/1.1
Host: 192.168.1.131:8006
User-Agent: Go-http-client/1.1
Accept: application/json
Authorization: PVEAPIToken=tf@pam!terraform_token_id=0b313fa7-e5ef-451a-92c6-d30e11e4e84a
Accept-Encoding: gzip

2024/11/09 20:28:38 <<<<<<<<<< RESULT:
HTTP/1.1 200 OK
Content-Length: 765
Cache-Control: max-age=0
Connection: Keep-Alive
Content-Type: application/json;charset=UTF-8
Date: Sat, 09 Nov 2024 20:28:38 GMT
Expires: Sat, 09 Nov 2024 20:28:38 GMT
Pragma: no-cache
Server: pve-api-daemon/3.0

{"data":[{"template":0,"node":"host1","diskwrite":0,"maxcpu":2,"disk":0,"name":"mysql","maxmem":2147483648,"diskread":0,"mem":0,"netout":0,"id":"qemu/201","maxdisk":10737418240,"type":"qemu","netin":0,"status":"stopped","vmid":201,"uptime":0,"cpu":0},{"mem":0,"diskread":0,"netout":0,"id":"qemu/202","type":"qemu","maxdisk":10737418240,"netin":0,"status":"stopped","vmid":202,"uptime":0,"cpu":0,"template":0,"node":"host1","maxcpu":2,"diskwrite":0,"disk":0,"maxmem":2147483648,"name":"postgres"},{"netin":0,"maxdisk":3758096384,"type":"qemu","vmid":9000,"uptime":0,"cpu":0,"status":"stopped","netout":0,"diskread":0,"mem":0,"id":"qemu/9000","name":"ubuntu-2404-cloudinit-template","maxmem":2147483648,"template":1,"node":"host1","disk":0,"maxcpu":2,"diskwrite":0}]}
2024/11/09 20:28:38 >>>>>>>>>> REQUEST:
GET /api2/json/nodes/host1/qemu/201/status/current HTTP/1.1
Host: 192.168.1.131:8006
User-Agent: Go-http-client/1.1
Accept: application/json
Authorization: PVEAPIToken=tf@pam!terraform_token_id=0b313fa7-e5ef-451a-92c6-d30e11e4e84a
Accept-Encoding: gzip

2024/11/09 20:28:38 <<<<<<<<<< RESULT:
HTTP/1.1 200 OK
Content-Length: 765
Cache-Control: max-age=0
Connection: Keep-Alive
Content-Type: application/json;charset=UTF-8
Date: Sat, 09 Nov 2024 20:28:38 GMT
Expires: Sat, 09 Nov 2024 20:28:38 GMT
Pragma: no-cache
Server: pve-api-daemon/3.0

{"data":[{"maxdisk":10737418240,"type":"qemu","netin":0,"status":"stopped","cpu":0,"uptime":0,"vmid":201,"diskread":0,"mem":0,"netout":0,"id":"qemu/201","name":"mysql","maxmem":2147483648,"template":0,"node":"host1","maxcpu":2,"diskwrite":0,"disk":0},{"disk":0,"maxcpu":2,"diskwrite":0,"node":"host1","template":0,"maxmem":2147483648,"name":"postgres","id":"qemu/202","netout":0,"mem":0,"diskread":0,"uptime":0,"cpu":0,"vmid":202,"status":"stopped","netin":0,"maxdisk":10737418240,"type":"qemu"},{"vmid":9000,"uptime":0,"cpu":0,"status":"stopped","netin":0,"maxdisk":3758096384,"type":"qemu","id":"qemu/9000","netout":0,"mem":0,"diskread":0,"maxmem":2147483648,"name":"ubuntu-2404-cloudinit-template","disk":0,"maxcpu":2,"diskwrite":0,"template":1,"node":"host1"}]}
2024/11/09 20:28:38 >>>>>>>>>> REQUEST:
GET /api2/json/nodes/host1/qemu/202/status/current HTTP/1.1
Host: 192.168.1.131:8006
User-Agent: Go-http-client/1.1
Accept: application/json
Authorization: PVEAPIToken=tf@pam!terraform_token_id=0b313fa7-e5ef-451a-92c6-d30e11e4e84a
Accept-Encoding: gzip

2024/11/09 20:28:38 <<<<<<<<<< RESULT:
HTTP/1.1 200 OK
Connection: close
Content-Length: 241
Cache-Control: max-age=0
Content-Type: application/json;charset=UTF-8
Date: Sat, 09 Nov 2024 20:28:38 GMT
Expires: Sat, 09 Nov 2024 20:28:38 GMT
Pragma: no-cache
Server: pve-api-daemon/3.0

{"data":{"agent":1,"netin":0,"maxmem":2147483648,"diskwrite":0,"name":"mysql","diskread":0,"uptime":0,"qmpstatus":"stopped","ha":{"managed":0},"mem":0,"disk":0,"vmid":201,"cpu":0,"status":"stopped","cpus":2,"maxdisk":10737418240,"netout":0}}
2024/11/09 20:28:38 >>>>>>>>>> REQUEST:
DELETE /api2/json/nodes/host1/qemu/201 HTTP/1.1
Host: 192.168.1.131:8006
User-Agent: Go-http-client/1.1
Accept: application/json
Authorization: PVEAPIToken=tf@pam!terraform_token_id=0b313fa7-e5ef-451a-92c6-d30e11e4e84a
Accept-Encoding: gzip

2024/11/09 20:28:38 <<<<<<<<<< RESULT:
HTTP/1.1 200 OK
Connection: close
Content-Length: 244
Cache-Control: max-age=0
Content-Type: application/json;charset=UTF-8
Date: Sat, 09 Nov 2024 20:28:38 GMT
Expires: Sat, 09 Nov 2024 20:28:38 GMT
Pragma: no-cache
Server: pve-api-daemon/3.0

{"data":{"mem":0,"disk":0,"vmid":202,"cpu":0,"status":"stopped","maxdisk":10737418240,"cpus":2,"netout":0,"agent":1,"maxmem":2147483648,"netin":0,"diskread":0,"diskwrite":0,"name":"postgres","ha":{"managed":0},"qmpstatus":"stopped","uptime":0}}
2024/11/09 20:28:38 >>>>>>>>>> REQUEST:
DELETE /api2/json/nodes/host1/qemu/202 HTTP/1.1
Host: 192.168.1.131:8006
User-Agent: Go-http-client/1.1
Accept: application/json
Authorization: PVEAPIToken=tf@pam!terraform_token_id=0b313fa7-e5ef-451a-92c6-d30e11e4e84a
Accept-Encoding: gzip

2024/11/09 20:28:38 <<<<<<<<<< RESULT:
HTTP/1.1 200 OK
Connection: close
Content-Length: 89
Cache-Control: max-age=0
Content-Type: application/json;charset=UTF-8
Date: Sat, 09 Nov 2024 20:28:38 GMT
Expires: Sat, 09 Nov 2024 20:28:38 GMT
Pragma: no-cache
Server: pve-api-daemon/3.0

{"data":"UPID:host1:00005950:0000894A:672FC5F6:qmdestroy:201:tf@pam!terraform_token_id:"}
2024/11/09 20:28:38 >>>>>>>>>> REQUEST:
GET /api2/json/nodes/host1/tasks/UPID:host1:00005950:0000894A:672FC5F6:qmdestroy:201:tf@pam!terraform_token_id:/status HTTP/1.1
Host: 192.168.1.131:8006
User-Agent: Go-http-client/1.1
Accept: application/json
Authorization: PVEAPIToken=tf@pam!terraform_token_id=0b313fa7-e5ef-451a-92c6-d30e11e4e84a
Accept-Encoding: gzip

2024/11/09 20:28:38 <<<<<<<<<< RESULT:
HTTP/1.1 200 OK
Connection: close
Content-Length: 89
Cache-Control: max-age=0
Content-Type: application/json;charset=UTF-8
Date: Sat, 09 Nov 2024 20:28:38 GMT
Expires: Sat, 09 Nov 2024 20:28:38 GMT
Pragma: no-cache
Server: pve-api-daemon/3.0

{"data":"UPID:host1:00005953:0000894D:672FC5F6:qmdestroy:202:tf@pam!terraform_token_id:"}
2024/11/09 20:28:38 >>>>>>>>>> REQUEST:
GET /api2/json/nodes/host1/tasks/UPID:host1:00005953:0000894D:672FC5F6:qmdestroy:202:tf@pam!terraform_token_id:/status HTTP/1.1
Host: 192.168.1.131:8006
User-Agent: Go-http-client/1.1
Accept: application/json
Authorization: PVEAPIToken=tf@pam!terraform_token_id=0b313fa7-e5ef-451a-92c6-d30e11e4e84a
Accept-Encoding: gzip

2024/11/09 20:28:38 <<<<<<<<<< RESULT:
HTTP/1.1 200 OK
Connection: close
Content-Length: 277
Cache-Control: max-age=0
Content-Type: application/json;charset=UTF-8
Date: Sat, 09 Nov 2024 20:28:38 GMT
Expires: Sat, 09 Nov 2024 20:28:38 GMT
Pragma: no-cache
Server: pve-api-daemon/3.0

{"data":{"exitstatus":"OK","starttime":1731184118,"id":"201","pstart":35146,"user":"tf@pam","pid":22864,"node":"host1","tokenid":"terraform_token_id","status":"stopped","upid":"UPID:host1:00005950:0000894A:672FC5F6:qmdestroy:201:tf@pam!terraform_token_id:","type":"qmdestroy"}}
2024/11/09 20:28:38 <<<<<<<<<< RESULT:
HTTP/1.1 200 OK
Connection: close
Content-Length: 277
Cache-Control: max-age=0
Content-Type: application/json;charset=UTF-8
Date: Sat, 09 Nov 2024 20:28:38 GMT
Expires: Sat, 09 Nov 2024 20:28:38 GMT
Pragma: no-cache
Server: pve-api-daemon/3.0

{"data":{"exitstatus":"OK","starttime":1731184118,"id":"202","pstart":35149,"user":"tf@pam","pid":22867,"node":"host1","upid":"UPID:host1:00005953:0000894D:672FC5F6:qmdestroy:202:tf@pam!terraform_token_id:","tokenid":"terraform_token_id","status":"stopped","type":"qmdestroy"}}
2024/11/09 20:28:38 [DEBUG] setting computed for "smbios" from ComputedKeys
2024/11/09 20:28:38 [DEBUG] setting computed for "unused_disk" from ComputedKeys
[90mSat, 09 Nov 2024 20:28:38 +0000[0m [32mINF[0m [1mgithub.com/Telmate/terraform-provider-proxmox/v2/proxmox/resource_vm_qemu.go:942[0m[36m >[0m [1mVM creation[0m [36mloggerName=[0mresource_vm_create [36mvmid=[0m
[90mSat, 09 Nov 2024 20:28:38 +0000[0m DBG [1mgithub.com/Telmate/terraform-provider-proxmox/v2/proxmox/resource_vm_qemu.go:943[0m[36m >[0m VM creation resource data: '' [36mloggerName=[0mresource_vm_create [36mvmid=[0m
2024/11/09 20:28:38 [DEBUG][QemuVmCreate] checking for duplicate name: mysql
2024/11/09 20:28:38 >>>>>>>>>> REQUEST:
GET /api2/json/cluster/resources?type=vm HTTP/1.1
Host: 192.168.1.131:8006
User-Agent: Go-http-client/1.1
Accept: application/json
Authorization: PVEAPIToken=tf@pam!terraform_token_id=0b313fa7-e5ef-451a-92c6-d30e11e4e84a
Accept-Encoding: gzip

2024/11/09 20:28:38 [DEBUG] setting computed for "smbios" from ComputedKeys
2024/11/09 20:28:38 [DEBUG] setting computed for "unused_disk" from ComputedKeys
[90mSat, 09 Nov 2024 20:28:38 +0000[0m [32mINF[0m [1mgithub.com/Telmate/terraform-provider-proxmox/v2/proxmox/resource_vm_qemu.go:942[0m[36m >[0m [1mVM creation[0m [36mloggerName=[0mresource_vm_create [36mvmid=[0m
[90mSat, 09 Nov 2024 20:28:38 +0000[0m DBG [1mgithub.com/Telmate/terraform-provider-proxmox/v2/proxmox/resource_vm_qemu.go:943[0m[36m >[0m VM creation resource data: '' [36mloggerName=[0mresource_vm_create [36mvmid=[0m
2024/11/09 20:28:38 [DEBUG][QemuVmCreate] checking for duplicate name: postgres
2024/11/09 20:28:38 >>>>>>>>>> REQUEST:
GET /api2/json/cluster/resources?type=vm HTTP/1.1
Host: 192.168.1.131:8006
User-Agent: Go-http-client/1.1
Accept: application/json
Authorization: PVEAPIToken=tf@pam!terraform_token_id=0b313fa7-e5ef-451a-92c6-d30e11e4e84a
Accept-Encoding: gzip

2024/11/09 20:28:38 <<<<<<<<<< RESULT:
HTTP/1.1 200 OK
Content-Length: 278
Cache-Control: max-age=0
Connection: Keep-Alive
Content-Type: application/json;charset=UTF-8
Date: Sat, 09 Nov 2024 20:28:38 GMT
Expires: Sat, 09 Nov 2024 20:28:38 GMT
Pragma: no-cache
Server: pve-api-daemon/3.0

{"data":[{"node":"host1","template":1,"disk":0,"maxcpu":2,"diskwrite":0,"maxmem":2147483648,"name":"ubuntu-2404-cloudinit-template","netout":0,"diskread":0,"mem":0,"id":"qemu/9000","netin":0,"maxdisk":3758096384,"type":"qemu","uptime":0,"cpu":0,"vmid":9000,"status":"stopped"}]}
2024/11/09 20:28:38 <<<<<<<<<< RESULT:
HTTP/1.1 200 OK
Content-Length: 278
Cache-Control: max-age=0
Connection: Keep-Alive
Content-Type: application/json;charset=UTF-8
Date: Sat, 09 Nov 2024 20:28:38 GMT
Expires: Sat, 09 Nov 2024 20:28:38 GMT
Pragma: no-cache
Server: pve-api-daemon/3.0

{"data":[{"maxmem":2147483648,"name":"ubuntu-2404-cloudinit-template","template":1,"node":"host1","maxcpu":2,"diskwrite":0,"disk":0,"type":"qemu","maxdisk":3758096384,"netin":0,"status":"stopped","vmid":9000,"cpu":0,"uptime":0,"diskread":0,"mem":0,"netout":0,"id":"qemu/9000"}]}
2024/11/09 20:28:38 >>>>>>>>>> REQUEST:
GET /api2/json/cluster/nextid HTTP/1.1
Host: 192.168.1.131:8006
User-Agent: Go-http-client/1.1
Accept: application/json
Authorization: PVEAPIToken=tf@pam!terraform_token_id=0b313fa7-e5ef-451a-92c6-d30e11e4e84a
Accept-Encoding: gzip

2024/11/09 20:28:38 <<<<<<<<<< RESULT:
HTTP/1.1 200 OK
Content-Length: 14
Cache-Control: max-age=0
Connection: Keep-Alive
Content-Type: application/json;charset=UTF-8
Date: Sat, 09 Nov 2024 20:28:38 GMT
Expires: Sat, 09 Nov 2024 20:28:38 GMT
Pragma: no-cache
Server: pve-api-daemon/3.0

{"data":"100"}
2024/11/09 20:28:38 >>>>>>>>>> REQUEST:
GET /api2/json/cluster/resources?type=vm HTTP/1.1
Host: 192.168.1.131:8006
User-Agent: Go-http-client/1.1
Accept: application/json
Authorization: PVEAPIToken=tf@pam!terraform_token_id=0b313fa7-e5ef-451a-92c6-d30e11e4e84a
Accept-Encoding: gzip

2024/11/09 20:28:38 >>>>>>>>>> REQUEST:
GET /api2/json/cluster/nextid HTTP/1.1
Host: 192.168.1.131:8006
User-Agent: Go-http-client/1.1
Accept: application/json
Authorization: PVEAPIToken=tf@pam!terraform_token_id=0b313fa7-e5ef-451a-92c6-d30e11e4e84a
Accept-Encoding: gzip

2024/11/09 20:28:38 <<<<<<<<<< RESULT:
HTTP/1.1 200 OK
Content-Length: 14
Cache-Control: max-age=0
Connection: Keep-Alive
Content-Type: application/json;charset=UTF-8
Date: Sat, 09 Nov 2024 20:28:38 GMT
Expires: Sat, 09 Nov 2024 20:28:38 GMT
Pragma: no-cache
Server: pve-api-daemon/3.0

{"data":"100"}
2024/11/09 20:28:38 >>>>>>>>>> REQUEST:
GET /api2/json/cluster/resources?type=vm HTTP/1.1
Host: 192.168.1.131:8006
User-Agent: Go-http-client/1.1
Accept: application/json
Authorization: PVEAPIToken=tf@pam!terraform_token_id=0b313fa7-e5ef-451a-92c6-d30e11e4e84a
Accept-Encoding: gzip

2024/11/09 20:28:38 <<<<<<<<<< RESULT:
HTTP/1.1 200 OK
Content-Length: 278
Cache-Control: max-age=0
Connection: Keep-Alive
Content-Type: application/json;charset=UTF-8
Date: Sat, 09 Nov 2024 20:28:38 GMT
Expires: Sat, 09 Nov 2024 20:28:38 GMT
Pragma: no-cache
Server: pve-api-daemon/3.0

{"data":[{"maxmem":2147483648,"name":"ubuntu-2404-cloudinit-template","template":1,"node":"host1","disk":0,"diskwrite":0,"maxcpu":2,"netin":0,"maxdisk":3758096384,"type":"qemu","vmid":9000,"cpu":0,"uptime":0,"status":"stopped","netout":0,"diskread":0,"mem":0,"id":"qemu/9000"}]}
2024/11/09 20:28:38 [DEBUG][QemuVmCreate] cloning VM
[90mSat, 09 Nov 2024 20:28:38 +0000[0m DBG [1mgithub.com/Telmate/terraform-provider-proxmox/v2/proxmox/resource_vm_qemu.go:1079[0m[36m >[0m Cloning VM [36mloggerName=[0mresource_vm_create [36mvmid=[0m
2024/11/09 20:28:38 >>>>>>>>>> REQUEST:
POST /api2/json/nodes/host1/qemu/9000/clone HTTP/1.1
Host: 192.168.1.131:8006
User-Agent: Go-http-client/1.1
Content-Length: 43
Accept: application/json
Authorization: PVEAPIToken=tf@pam!terraform_token_id=0b313fa7-e5ef-451a-92c6-d30e11e4e84a
Content-Type: application/x-www-form-urlencoded
Accept-Encoding: gzip

full=1&name=postgres&newid=202&target=host1
2024/11/09 20:28:38 <<<<<<<<<< RESULT:
HTTP/1.1 200 OK
Content-Length: 278
Cache-Control: max-age=0
Connection: Keep-Alive
Content-Type: application/json;charset=UTF-8
Date: Sat, 09 Nov 2024 20:28:38 GMT
Expires: Sat, 09 Nov 2024 20:28:38 GMT
Pragma: no-cache
Server: pve-api-daemon/3.0

{"data":[{"vmid":9000,"uptime":0,"cpu":0,"status":"stopped","netin":0,"maxdisk":3758096384,"type":"qemu","id":"qemu/9000","netout":0,"diskread":0,"mem":0,"maxmem":2147483648,"name":"ubuntu-2404-cloudinit-template","disk":0,"maxcpu":2,"diskwrite":0,"template":1,"node":"host1"}]}
2024/11/09 20:28:38 [DEBUG][QemuVmCreate] cloning VM
[90mSat, 09 Nov 2024 20:28:38 +0000[0m DBG [1mgithub.com/Telmate/terraform-provider-proxmox/v2/proxmox/resource_vm_qemu.go:1079[0m[36m >[0m Cloning VM [36mloggerName=[0mresource_vm_create [36mvmid=[0m
2024/11/09 20:28:38 >>>>>>>>>> REQUEST:
POST /api2/json/nodes/host1/qemu/9000/clone HTTP/1.1
Host: 192.168.1.131:8006
User-Agent: Go-http-client/1.1
Content-Length: 40
Accept: application/json
Authorization: PVEAPIToken=tf@pam!terraform_token_id=0b313fa7-e5ef-451a-92c6-d30e11e4e84a
Content-Type: application/x-www-form-urlencoded
Accept-Encoding: gzip

full=1&name=mysql&newid=201&target=host1
2024/11/09 20:28:38 <<<<<<<<<< RESULT:
HTTP/1.1 200 OK
Connection: close
Content-Length: 88
Cache-Control: max-age=0
Content-Type: application/json;charset=UTF-8
Date: Sat, 09 Nov 2024 20:28:38 GMT
Expires: Sat, 09 Nov 2024 20:28:38 GMT
Pragma: no-cache
Server: pve-api-daemon/3.0

{"data":"UPID:host1:00005956:0000896A:672FC5F6:qmclone:9000:tf@pam!terraform_token_id:"}
2024/11/09 20:28:38 >>>>>>>>>> REQUEST:
GET /api2/json/nodes/host1/tasks/UPID:host1:00005956:0000896A:672FC5F6:qmclone:9000:tf@pam!terraform_token_id:/status HTTP/1.1
Host: 192.168.1.131:8006
User-Agent: Go-http-client/1.1
Accept: application/json
Authorization: PVEAPIToken=tf@pam!terraform_token_id=0b313fa7-e5ef-451a-92c6-d30e11e4e84a
Accept-Encoding: gzip

2024/11/09 20:28:38 <<<<<<<<<< RESULT:
HTTP/1.1 200 OK
Connection: close
Content-Length: 88
Cache-Control: max-age=0
Content-Type: application/json;charset=UTF-8
Date: Sat, 09 Nov 2024 20:28:38 GMT
Expires: Sat, 09 Nov 2024 20:28:38 GMT
Pragma: no-cache
Server: pve-api-daemon/3.0

{"data":"UPID:host1:0000595A:0000896D:672FC5F6:qmclone:9000:tf@pam!terraform_token_id:"}
2024/11/09 20:28:38 >>>>>>>>>> REQUEST:
GET /api2/json/nodes/host1/tasks/UPID:host1:0000595A:0000896D:672FC5F6:qmclone:9000:tf@pam!terraform_token_id:/status HTTP/1.1
Host: 192.168.1.131:8006
User-Agent: Go-http-client/1.1
Accept: application/json
Authorization: PVEAPIToken=tf@pam!terraform_token_id=0b313fa7-e5ef-451a-92c6-d30e11e4e84a
Accept-Encoding: gzip

2024/11/09 20:28:38 <<<<<<<<<< RESULT:
HTTP/1.1 200 OK
Connection: close
Content-Length: 257
Cache-Control: max-age=0
Content-Type: application/json;charset=UTF-8
Date: Sat, 09 Nov 2024 20:28:38 GMT
Expires: Sat, 09 Nov 2024 20:28:38 GMT
Pragma: no-cache
Server: pve-api-daemon/3.0

{"data":{"node":"host1","upid":"UPID:host1:00005956:0000896A:672FC5F6:qmclone:9000:tf@pam!terraform_token_id:","tokenid":"terraform_token_id","status":"running","starttime":1731184118,"pstart":35178,"id":"9000","type":"qmclone","pid":22870,"user":"tf@pam"}}
2024/11/09 20:28:38 <<<<<<<<<< RESULT:
HTTP/1.1 200 OK
Connection: close
Content-Length: 257
Cache-Control: max-age=0
Content-Type: application/json;charset=UTF-8
Date: Sat, 09 Nov 2024 20:28:38 GMT
Expires: Sat, 09 Nov 2024 20:28:38 GMT
Pragma: no-cache
Server: pve-api-daemon/3.0

{"data":{"user":"tf@pam","pid":22874,"type":"qmclone","starttime":1731184118,"id":"9000","pstart":35181,"node":"host1","upid":"UPID:host1:0000595A:0000896D:672FC5F6:qmclone:9000:tf@pam!terraform_token_id:","status":"running","tokenid":"terraform_token_id"}}
2024/11/09 20:28:40 >>>>>>>>>> REQUEST:
GET /api2/json/nodes/host1/tasks/UPID:host1:00005956:0000896A:672FC5F6:qmclone:9000:tf@pam!terraform_token_id:/status HTTP/1.1
Host: 192.168.1.131:8006
User-Agent: Go-http-client/1.1
Accept: application/json
Authorization: PVEAPIToken=tf@pam!terraform_token_id=0b313fa7-e5ef-451a-92c6-d30e11e4e84a
Accept-Encoding: gzip

2024/11/09 20:28:40 >>>>>>>>>> REQUEST:
GET /api2/json/nodes/host1/tasks/UPID:host1:0000595A:0000896D:672FC5F6:qmclone:9000:tf@pam!terraform_token_id:/status HTTP/1.1
Host: 192.168.1.131:8006
User-Agent: Go-http-client/1.1
Accept: application/json
Authorization: PVEAPIToken=tf@pam!terraform_token_id=0b313fa7-e5ef-451a-92c6-d30e11e4e84a
Accept-Encoding: gzip

2024/11/09 20:28:40 <<<<<<<<<< RESULT:
HTTP/1.1 200 OK
Connection: close
Content-Length: 275
Cache-Control: max-age=0
Content-Type: application/json;charset=UTF-8
Date: Sat, 09 Nov 2024 20:28:41 GMT
Expires: Sat, 09 Nov 2024 20:28:41 GMT
Pragma: no-cache
Server: pve-api-daemon/3.0

{"data":{"tokenid":"terraform_token_id","status":"stopped","upid":"UPID:host1:00005956:0000896A:672FC5F6:qmclone:9000:tf@pam!terraform_token_id:","node":"host1","type":"qmclone","id":"9000","pstart":35178,"starttime":1731184118,"exitstatus":"OK","user":"tf@pam","pid":22870}}
2024/11/09 20:28:41 <<<<<<<<<< RESULT:
HTTP/1.1 200 OK
Connection: close
Content-Length: 275
Cache-Control: max-age=0
Content-Type: application/json;charset=UTF-8
Date: Sat, 09 Nov 2024 20:28:41 GMT
Expires: Sat, 09 Nov 2024 20:28:41 GMT
Pragma: no-cache
Server: pve-api-daemon/3.0

{"data":{"pstart":35181,"id":"9000","exitstatus":"OK","starttime":1731184118,"user":"tf@pam","pid":22874,"upid":"UPID:host1:0000595A:0000896D:672FC5F6:qmclone:9000:tf@pam!terraform_token_id:","tokenid":"terraform_token_id","status":"stopped","node":"host1","type":"qmclone"}}
2024/11/09 20:28:50 [DEBUG][QemuVmCreate] update VM after clone
2024/11/09 20:28:50 >>>>>>>>>> REQUEST:
GET /api2/json/nodes/host1/qemu/202/config HTTP/1.1
Host: 192.168.1.131:8006
User-Agent: Go-http-client/1.1
Accept: application/json
Authorization: PVEAPIToken=tf@pam!terraform_token_id=0b313fa7-e5ef-451a-92c6-d30e11e4e84a
Accept-Encoding: gzip

2024/11/09 20:28:51 [DEBUG][QemuVmCreate] update VM after clone
2024/11/09 20:28:51 >>>>>>>>>> REQUEST:
GET /api2/json/nodes/host1/qemu/201/config HTTP/1.1
Host: 192.168.1.131:8006
User-Agent: Go-http-client/1.1
Accept: application/json
Authorization: PVEAPIToken=tf@pam!terraform_token_id=0b313fa7-e5ef-451a-92c6-d30e11e4e84a
Accept-Encoding: gzip

2024/11/09 20:28:51 <<<<<<<<<< RESULT:
HTTP/1.1 200 OK
Content-Length: 486
Cache-Control: max-age=0
Connection: Keep-Alive
Content-Type: application/json;charset=UTF-8
Date: Sat, 09 Nov 2024 20:28:51 GMT
Expires: Sat, 09 Nov 2024 20:28:51 GMT
Pragma: no-cache
Server: pve-api-daemon/3.0

{"data":{"memory":"2048","name":"postgres","smbios1":"uuid=7e467609-af97-4ea5-a398-0f8ff3edf618","ide2":"vms:202/vm-202-cloudinit.qcow2,media=cdrom,size=4M","digest":"80f9901ec1313699b9033d4f10b066085cdd6155","cores":2,"boot":"c","scsi0":"vms:202/vm-202-disk-0.raw,size=3584M","scsihw":"virtio-scsi-pci","net0":"virtio=BC:24:11:08:9B:99,bridge=vmbr0","meta":"creation-qemu=8.0.2,ctime=1731179948","agent":"enabled=1","vmgenid":"8c2d1289-7075-42b0-8cff-5f503e8f8fc3","bootdisk":"scsi0"}}
2024/11/09 20:28:51 >>>>>>>>>> REQUEST:
GET /api2/json/cluster/resources?type=vm HTTP/1.1
Host: 192.168.1.131:8006
User-Agent: Go-http-client/1.1
Accept: application/json
Authorization: PVEAPIToken=tf@pam!terraform_token_id=0b313fa7-e5ef-451a-92c6-d30e11e4e84a
Accept-Encoding: gzip

2024/11/09 20:28:51 <<<<<<<<<< RESULT:
HTTP/1.1 200 OK
Content-Length: 483
Cache-Control: max-age=0
Connection: Keep-Alive
Content-Type: application/json;charset=UTF-8
Date: Sat, 09 Nov 2024 20:28:51 GMT
Expires: Sat, 09 Nov 2024 20:28:51 GMT
Pragma: no-cache
Server: pve-api-daemon/3.0

{"data":{"vmgenid":"d6068462-b8e9-4c94-a15a-1e72cc43ab92","bootdisk":"scsi0","agent":"enabled=1","meta":"creation-qemu=8.0.2,ctime=1731179948","net0":"virtio=BC:24:11:3B:50:71,bridge=vmbr0","scsihw":"virtio-scsi-pci","scsi0":"vms:201/vm-201-disk-0.raw,size=3584M","boot":"c","cores":2,"digest":"5c72f9f0121fe02b9c2834ae2ffd9c753be5588c","smbios1":"uuid=9ca38c0c-e91a-49ad-ac65-b890dc748150","ide2":"vms:201/vm-201-cloudinit.qcow2,media=cdrom,size=4M","name":"mysql","memory":"2048"}}
2024/11/09 20:28:51 >>>>>>>>>> REQUEST:
GET /api2/json/cluster/resources?type=vm HTTP/1.1
Host: 192.168.1.131:8006
User-Agent: Go-http-client/1.1
Accept: application/json
Authorization: PVEAPIToken=tf@pam!terraform_token_id=0b313fa7-e5ef-451a-92c6-d30e11e4e84a
Accept-Encoding: gzip

2024/11/09 20:28:51 <<<<<<<<<< RESULT:
HTTP/1.1 200 OK
Content-Length: 763
Cache-Control: max-age=0
Connection: Keep-Alive
Content-Type: application/json;charset=UTF-8
Date: Sat, 09 Nov 2024 20:28:51 GMT
Expires: Sat, 09 Nov 2024 20:28:51 GMT
Pragma: no-cache
Server: pve-api-daemon/3.0

{"data":[{"node":"host1","template":0,"maxcpu":2,"diskwrite":0,"disk":0,"maxmem":2147483648,"name":"mysql","diskread":0,"mem":0,"netout":0,"id":"qemu/201","maxdisk":3758096384,"type":"qemu","netin":0,"status":"stopped","vmid":201,"cpu":0,"uptime":0},{"maxmem":2147483648,"name":"postgres","node":"host1","template":0,"disk":0,"maxcpu":2,"diskwrite":0,"netin":0,"type":"qemu","maxdisk":3758096384,"cpu":0,"uptime":0,"vmid":202,"status":"stopped","netout":0,"mem":0,"diskread":0,"id":"qemu/202"},{"node":"host1","template":1,"maxcpu":2,"diskwrite":0,"disk":0,"maxmem":2147483648,"name":"ubuntu-2404-cloudinit-template","mem":0,"diskread":0,"netout":0,"id":"qemu/9000","maxdisk":3758096384,"type":"qemu","netin":0,"status":"stopped","uptime":0,"cpu":0,"vmid":9000}]}
2024/11/09 20:28:51 >>>>>>>>>> REQUEST:
GET /api2/json/cluster/ha/resources/202 HTTP/1.1
Host: 192.168.1.131:8006
User-Agent: Go-http-client/1.1
Accept: application/json
Authorization: PVEAPIToken=tf@pam!terraform_token_id=0b313fa7-e5ef-451a-92c6-d30e11e4e84a
Accept-Encoding: gzip

2024/11/09 20:28:51 <<<<<<<<<< RESULT:
HTTP/1.1 200 OK
Content-Length: 763
Cache-Control: max-age=0
Connection: Keep-Alive
Content-Type: application/json;charset=UTF-8
Date: Sat, 09 Nov 2024 20:28:51 GMT
Expires: Sat, 09 Nov 2024 20:28:51 GMT
Pragma: no-cache
Server: pve-api-daemon/3.0

{"data":[{"node":"host1","template":0,"disk":0,"diskwrite":0,"maxcpu":2,"name":"mysql","maxmem":2147483648,"netout":0,"mem":0,"diskread":0,"id":"qemu/201","netin":0,"maxdisk":3758096384,"type":"qemu","cpu":0,"uptime":0,"vmid":201,"status":"stopped"},{"node":"host1","template":0,"disk":0,"maxcpu":2,"diskwrite":0,"maxmem":2147483648,"name":"postgres","netout":0,"diskread":0,"mem":0,"id":"qemu/202","netin":0,"type":"qemu","maxdisk":3758096384,"uptime":0,"cpu":0,"vmid":202,"status":"stopped"},{"id":"qemu/9000","diskread":0,"mem":0,"netout":0,"status":"stopped","cpu":0,"uptime":0,"vmid":9000,"maxdisk":3758096384,"type":"qemu","netin":0,"maxcpu":2,"diskwrite":0,"disk":0,"template":1,"node":"host1","maxmem":2147483648,"name":"ubuntu-2404-cloudinit-template"}]}
2024/11/09 20:28:51 >>>>>>>>>> REQUEST:
GET /api2/json/cluster/ha/resources/201 HTTP/1.1
Host: 192.168.1.131:8006
User-Agent: Go-http-client/1.1
Accept: application/json
Authorization: PVEAPIToken=tf@pam!terraform_token_id=0b313fa7-e5ef-451a-92c6-d30e11e4e84a
Accept-Encoding: gzip

2024/11/09 20:28:51 <<<<<<<<<< RESULT:
HTTP/1.1 500 no such resource 'vm:202'
Connection: close
Content-Length: 13
Cache-Control: max-age=0
Content-Type: application/json;charset=UTF-8
Date: Sat, 09 Nov 2024 20:28:51 GMT
Expires: Sat, 09 Nov 2024 20:28:51 GMT
Pragma: no-cache
Server: pve-api-daemon/3.0

{"data":null}
2024/11/09 20:28:51 >>>>>>>>>> REQUEST:
GET /api2/json/version HTTP/1.1
Host: 192.168.1.131:8006
User-Agent: Go-http-client/1.1
Accept: application/json
Authorization: PVEAPIToken=tf@pam!terraform_token_id=0b313fa7-e5ef-451a-92c6-d30e11e4e84a
Accept-Encoding: gzip

2024/11/09 20:28:51 <<<<<<<<<< RESULT:
HTTP/1.1 500 no such resource 'vm:201'
Connection: close
Content-Length: 13
Cache-Control: max-age=0
Content-Type: application/json;charset=UTF-8
Date: Sat, 09 Nov 2024 20:28:51 GMT
Expires: Sat, 09 Nov 2024 20:28:51 GMT
Pragma: no-cache
Server: pve-api-daemon/3.0

{"data":null}
2024/11/09 20:28:51 >>>>>>>>>> REQUEST:
GET /api2/json/version HTTP/1.1
Host: 192.168.1.131:8006
User-Agent: Go-http-client/1.1
Accept: application/json
Authorization: PVEAPIToken=tf@pam!terraform_token_id=0b313fa7-e5ef-451a-92c6-d30e11e4e84a
Accept-Encoding: gzip

2024/11/09 20:28:51 <<<<<<<<<< RESULT:
HTTP/1.1 200 OK
Content-Length: 72
Cache-Control: max-age=0
Connection: Keep-Alive
Content-Type: application/json;charset=UTF-8
Date: Sat, 09 Nov 2024 20:28:51 GMT
Expires: Sat, 09 Nov 2024 20:28:51 GMT
Pragma: no-cache
Server: pve-api-daemon/3.0

{"data":{"version":"8.2.7","repoid":"3e0176e6bb2ade3b","release":"8.2"}}
2024/11/09 20:28:51 >>>>>>>>>> REQUEST:
POST /api2/json/nodes/host1/qemu/202/move_disk HTTP/1.1
Host: 192.168.1.131:8006
User-Agent: Go-http-client/1.1
Content-Length: 44
Accept: application/json
Authorization: PVEAPIToken=tf@pam!terraform_token_id=0b313fa7-e5ef-451a-92c6-d30e11e4e84a
Content-Type: application/x-www-form-urlencoded
Accept-Encoding: gzip

delete=1&disk=scsi0&format=qcow2&storage=vms
2024/11/09 20:28:51 <<<<<<<<<< RESULT:
HTTP/1.1 200 OK
Content-Length: 72
Cache-Control: max-age=0
Connection: Keep-Alive
Content-Type: application/json;charset=UTF-8
Date: Sat, 09 Nov 2024 20:28:51 GMT
Expires: Sat, 09 Nov 2024 20:28:51 GMT
Pragma: no-cache
Server: pve-api-daemon/3.0

{"data":{"version":"8.2.7","repoid":"3e0176e6bb2ade3b","release":"8.2"}}
2024/11/09 20:28:51 >>>>>>>>>> REQUEST:
POST /api2/json/nodes/host1/qemu/201/move_disk HTTP/1.1
Host: 192.168.1.131:8006
User-Agent: Go-http-client/1.1
Content-Length: 44
Accept: application/json
Authorization: PVEAPIToken=tf@pam!terraform_token_id=0b313fa7-e5ef-451a-92c6-d30e11e4e84a
Content-Type: application/x-www-form-urlencoded
Accept-Encoding: gzip

delete=1&disk=scsi0&format=qcow2&storage=vms
2024/11/09 20:28:51 <<<<<<<<<< RESULT:
HTTP/1.1 200 OK
Connection: close
Content-Length: 86
Cache-Control: max-age=0
Content-Type: application/json;charset=UTF-8
Date: Sat, 09 Nov 2024 20:28:51 GMT
Expires: Sat, 09 Nov 2024 20:28:51 GMT
Pragma: no-cache
Server: pve-api-daemon/3.0

{"data":"UPID:host1:000059BD:00008E3C:672FC603:qmmove:202:tf@pam!terraform_token_id:"}
2024/11/09 20:28:51 <<<<<<<<<< RESULT:
HTTP/1.1 200 OK
Connection: close
Content-Length: 86
Cache-Control: max-age=0
Content-Type: application/json;charset=UTF-8
Date: Sat, 09 Nov 2024 20:28:51 GMT
Expires: Sat, 09 Nov 2024 20:28:51 GMT
Pragma: no-cache
Server: pve-api-daemon/3.0

{"data":"UPID:host1:000059BE:00008E3D:672FC603:qmmove:201:tf@pam!terraform_token_id:"}
2024/11/09 20:28:51 >>>>>>>>>> REQUEST:
GET /api2/json/nodes/host1/tasks/UPID:host1:000059BD:00008E3C:672FC603:qmmove:202:tf@pam!terraform_token_id:/status HTTP/1.1
Host: 192.168.1.131:8006
User-Agent: Go-http-client/1.1
Accept: application/json
Authorization: PVEAPIToken=tf@pam!terraform_token_id=0b313fa7-e5ef-451a-92c6-d30e11e4e84a
Accept-Encoding: gzip

2024/11/09 20:28:51 >>>>>>>>>> REQUEST:
GET /api2/json/nodes/host1/tasks/UPID:host1:000059BE:00008E3D:672FC603:qmmove:201:tf@pam!terraform_token_id:/status HTTP/1.1
Host: 192.168.1.131:8006
User-Agent: Go-http-client/1.1
Accept: application/json
Authorization: PVEAPIToken=tf@pam!terraform_token_id=0b313fa7-e5ef-451a-92c6-d30e11e4e84a
Accept-Encoding: gzip

2024/11/09 20:28:51 <<<<<<<<<< RESULT:
HTTP/1.1 200 OK
Connection: close
Content-Length: 253
Cache-Control: max-age=0
Content-Type: application/json;charset=UTF-8
Date: Sat, 09 Nov 2024 20:28:51 GMT
Expires: Sat, 09 Nov 2024 20:28:51 GMT
Pragma: no-cache
Server: pve-api-daemon/3.0

{"data":{"type":"qmmove","pid":22974,"user":"tf@pam","status":"running","upid":"UPID:host1:000059BE:00008E3D:672FC603:qmmove:201:tf@pam!terraform_token_id:","tokenid":"terraform_token_id","node":"host1","pstart":36413,"id":"201","starttime":1731184131}}
2024/11/09 20:28:51 <<<<<<<<<< RESULT:
HTTP/1.1 200 OK
Connection: close
Content-Length: 253
Cache-Control: max-age=0
Content-Type: application/json;charset=UTF-8
Date: Sat, 09 Nov 2024 20:28:51 GMT
Expires: Sat, 09 Nov 2024 20:28:51 GMT
Pragma: no-cache
Server: pve-api-daemon/3.0

{"data":{"node":"host1","upid":"UPID:host1:000059BD:00008E3C:672FC603:qmmove:202:tf@pam!terraform_token_id:","status":"running","tokenid":"terraform_token_id","starttime":1731184131,"id":"202","pstart":36412,"pid":22973,"user":"tf@pam","type":"qmmove"}}
2024/11/09 20:28:53 >>>>>>>>>> REQUEST:
GET /api2/json/nodes/host1/tasks/UPID:host1:000059BD:00008E3C:672FC603:qmmove:202:tf@pam!terraform_token_id:/status HTTP/1.1
Host: 192.168.1.131:8006
User-Agent: Go-http-client/1.1
Accept: application/json
Authorization: PVEAPIToken=tf@pam!terraform_token_id=0b313fa7-e5ef-451a-92c6-d30e11e4e84a
Accept-Encoding: gzip

2024/11/09 20:28:53 >>>>>>>>>> REQUEST:
GET /api2/json/nodes/host1/tasks/UPID:host1:000059BE:00008E3D:672FC603:qmmove:201:tf@pam!terraform_token_id:/status HTTP/1.1
Host: 192.168.1.131:8006
User-Agent: Go-http-client/1.1
Accept: application/json
Authorization: PVEAPIToken=tf@pam!terraform_token_id=0b313fa7-e5ef-451a-92c6-d30e11e4e84a
Accept-Encoding: gzip

2024/11/09 20:28:53 <<<<<<<<<< RESULT:
HTTP/1.1 200 OK
Connection: close
Content-Length: 271
Cache-Control: max-age=0
Content-Type: application/json;charset=UTF-8
Date: Sat, 09 Nov 2024 20:28:53 GMT
Expires: Sat, 09 Nov 2024 20:28:53 GMT
Pragma: no-cache
Server: pve-api-daemon/3.0

{"data":{"user":"tf@pam","pid":22974,"pstart":36413,"id":"201","starttime":1731184131,"exitstatus":"OK","type":"qmmove","status":"stopped","tokenid":"terraform_token_id","upid":"UPID:host1:000059BE:00008E3D:672FC603:qmmove:201:tf@pam!terraform_token_id:","node":"host1"}}
2024/11/09 20:28:53 <<<<<<<<<< RESULT:
HTTP/1.1 200 OK
Connection: close
Content-Length: 271
Cache-Control: max-age=0
Content-Type: application/json;charset=UTF-8
Date: Sat, 09 Nov 2024 20:28:53 GMT
Expires: Sat, 09 Nov 2024 20:28:53 GMT
Pragma: no-cache
Server: pve-api-daemon/3.0

{"data":{"user":"tf@pam","pid":22973,"pstart":36412,"id":"202","starttime":1731184131,"exitstatus":"OK","type":"qmmove","upid":"UPID:host1:000059BD:00008E3C:672FC603:qmmove:202:tf@pam!terraform_token_id:","tokenid":"terraform_token_id","status":"stopped","node":"host1"}}
2024/11/09 20:28:53 >>>>>>>>>> REQUEST:
PUT /api2/json/nodes/host1/qemu/201/resize HTTP/1.1
Host: 192.168.1.131:8006
User-Agent: Go-http-client/1.1
Content-Length: 25
Accept: application/json
Authorization: PVEAPIToken=tf@pam!terraform_token_id=0b313fa7-e5ef-451a-92c6-d30e11e4e84a
Content-Type: application/x-www-form-urlencoded
Accept-Encoding: gzip

disk=scsi0&size=10485760K
2024/11/09 20:28:53 >>>>>>>>>> REQUEST:
PUT /api2/json/nodes/host1/qemu/202/resize HTTP/1.1
Host: 192.168.1.131:8006
User-Agent: Go-http-client/1.1
Content-Length: 25
Accept: application/json
Authorization: PVEAPIToken=tf@pam!terraform_token_id=0b313fa7-e5ef-451a-92c6-d30e11e4e84a
Content-Type: application/x-www-form-urlencoded
Accept-Encoding: gzip

disk=scsi0&size=10485760K
2024/11/09 20:28:53 <<<<<<<<<< RESULT:
HTTP/1.1 200 OK
Connection: close
Content-Length: 86
Cache-Control: max-age=0
Content-Type: application/json;charset=UTF-8
Date: Sat, 09 Nov 2024 20:28:53 GMT
Expires: Sat, 09 Nov 2024 20:28:53 GMT
Pragma: no-cache
Server: pve-api-daemon/3.0

{"data":"UPID:host1:00005A01:00008F18:672FC605:resize:201:tf@pam!terraform_token_id:"}
2024/11/09 20:28:53 >>>>>>>>>> REQUEST:
GET /api2/json/nodes/host1/tasks/UPID:host1:00005A01:00008F18:672FC605:resize:201:tf@pam!terraform_token_id:/status HTTP/1.1
Host: 192.168.1.131:8006
User-Agent: Go-http-client/1.1
Accept: application/json
Authorization: PVEAPIToken=tf@pam!terraform_token_id=0b313fa7-e5ef-451a-92c6-d30e11e4e84a
Accept-Encoding: gzip

2024/11/09 20:28:53 <<<<<<<<<< RESULT:
HTTP/1.1 200 OK
Connection: close
Content-Length: 86
Cache-Control: max-age=0
Content-Type: application/json;charset=UTF-8
Date: Sat, 09 Nov 2024 20:28:53 GMT
Expires: Sat, 09 Nov 2024 20:28:53 GMT
Pragma: no-cache
Server: pve-api-daemon/3.0

{"data":"UPID:host1:00005A02:00008F18:672FC605:resize:202:tf@pam!terraform_token_id:"}
2024/11/09 20:28:53 >>>>>>>>>> REQUEST:
GET /api2/json/nodes/host1/tasks/UPID:host1:00005A02:00008F18:672FC605:resize:202:tf@pam!terraform_token_id:/status HTTP/1.1
Host: 192.168.1.131:8006
User-Agent: Go-http-client/1.1
Accept: application/json
Authorization: PVEAPIToken=tf@pam!terraform_token_id=0b313fa7-e5ef-451a-92c6-d30e11e4e84a
Accept-Encoding: gzip

2024/11/09 20:28:53 <<<<<<<<<< RESULT:
HTTP/1.1 200 OK
Connection: close
Content-Length: 253
Cache-Control: max-age=0
Content-Type: application/json;charset=UTF-8
Date: Sat, 09 Nov 2024 20:28:53 GMT
Expires: Sat, 09 Nov 2024 20:28:53 GMT
Pragma: no-cache
Server: pve-api-daemon/3.0

{"data":{"starttime":1731184133,"pstart":36632,"id":"202","node":"host1","tokenid":"terraform_token_id","upid":"UPID:host1:00005A02:00008F18:672FC605:resize:202:tf@pam!terraform_token_id:","status":"running","user":"tf@pam","pid":23042,"type":"resize"}}
2024/11/09 20:28:53 <<<<<<<<<< RESULT:
HTTP/1.1 200 OK
Connection: close
Content-Length: 253
Cache-Control: max-age=0
Content-Type: application/json;charset=UTF-8
Date: Sat, 09 Nov 2024 20:28:53 GMT
Expires: Sat, 09 Nov 2024 20:28:53 GMT
Pragma: no-cache
Server: pve-api-daemon/3.0

{"data":{"type":"resize","user":"tf@pam","pid":23041,"starttime":1731184133,"pstart":36632,"id":"201","node":"host1","upid":"UPID:host1:00005A01:00008F18:672FC605:resize:201:tf@pam!terraform_token_id:","tokenid":"terraform_token_id","status":"running"}}
2024/11/09 20:28:55 >>>>>>>>>> REQUEST:
GET /api2/json/nodes/host1/tasks/UPID:host1:00005A02:00008F18:672FC605:resize:202:tf@pam!terraform_token_id:/status HTTP/1.1
Host: 192.168.1.131:8006
User-Agent: Go-http-client/1.1
Accept: application/json
Authorization: PVEAPIToken=tf@pam!terraform_token_id=0b313fa7-e5ef-451a-92c6-d30e11e4e84a
Accept-Encoding: gzip

2024/11/09 20:28:55 >>>>>>>>>> REQUEST:
GET /api2/json/nodes/host1/tasks/UPID:host1:00005A01:00008F18:672FC605:resize:201:tf@pam!terraform_token_id:/status HTTP/1.1
Host: 192.168.1.131:8006
User-Agent: Go-http-client/1.1
Accept: application/json
Authorization: PVEAPIToken=tf@pam!terraform_token_id=0b313fa7-e5ef-451a-92c6-d30e11e4e84a
Accept-Encoding: gzip

2024/11/09 20:28:55 <<<<<<<<<< RESULT:
HTTP/1.1 200 OK
Connection: close
Content-Length: 271
Cache-Control: max-age=0
Content-Type: application/json;charset=UTF-8
Date: Sat, 09 Nov 2024 20:28:55 GMT
Expires: Sat, 09 Nov 2024 20:28:55 GMT
Pragma: no-cache
Server: pve-api-daemon/3.0

{"data":{"type":"resize","status":"stopped","tokenid":"terraform_token_id","upid":"UPID:host1:00005A01:00008F18:672FC605:resize:201:tf@pam!terraform_token_id:","node":"host1","user":"tf@pam","pid":23041,"pstart":36632,"id":"201","starttime":1731184133,"exitstatus":"OK"}}
2024/11/09 20:28:55 >>>>>>>>>> REQUEST:
GET /api2/json/nodes/host1/qemu/201/config HTTP/1.1
Host: 192.168.1.131:8006
User-Agent: Go-http-client/1.1
Accept: application/json
Authorization: PVEAPIToken=tf@pam!terraform_token_id=0b313fa7-e5ef-451a-92c6-d30e11e4e84a
Accept-Encoding: gzip

2024/11/09 20:28:55 <<<<<<<<<< RESULT:
HTTP/1.1 200 OK
Connection: close
Content-Length: 271
Cache-Control: max-age=0
Content-Type: application/json;charset=UTF-8
Date: Sat, 09 Nov 2024 20:28:55 GMT
Expires: Sat, 09 Nov 2024 20:28:55 GMT
Pragma: no-cache
Server: pve-api-daemon/3.0

{"data":{"user":"tf@pam","pid":23042,"starttime":1731184133,"exitstatus":"OK","pstart":36632,"id":"202","type":"resize","node":"host1","upid":"UPID:host1:00005A02:00008F18:672FC605:resize:202:tf@pam!terraform_token_id:","status":"stopped","tokenid":"terraform_token_id"}}
2024/11/09 20:28:55 >>>>>>>>>> REQUEST:
GET /api2/json/nodes/host1/qemu/202/config HTTP/1.1
Host: 192.168.1.131:8006
User-Agent: Go-http-client/1.1
Accept: application/json
Authorization: PVEAPIToken=tf@pam!terraform_token_id=0b313fa7-e5ef-451a-92c6-d30e11e4e84a
Accept-Encoding: gzip

2024/11/09 20:28:55 <<<<<<<<<< RESULT:
HTTP/1.1 200 OK
Content-Length: 483
Cache-Control: max-age=0
Connection: Keep-Alive
Content-Type: application/json;charset=UTF-8
Date: Sat, 09 Nov 2024 20:28:55 GMT
Expires: Sat, 09 Nov 2024 20:28:55 GMT
Pragma: no-cache
Server: pve-api-daemon/3.0

{"data":{"smbios1":"uuid=9ca38c0c-e91a-49ad-ac65-b890dc748150","ide2":"vms:201/vm-201-cloudinit.qcow2,media=cdrom,size=4M","digest":"c03eb1bbdf55d306ffa4469c87cbffec3f759b66","memory":"2048","name":"mysql","cores":2,"net0":"virtio=BC:24:11:3B:50:71,bridge=vmbr0","scsihw":"virtio-scsi-pci","meta":"creation-qemu=8.0.2,ctime=1731179948","boot":"c","scsi0":"vms:201/vm-201-disk-1.qcow2,size=10G","bootdisk":"scsi0","vmgenid":"d6068462-b8e9-4c94-a15a-1e72cc43ab92","agent":"enabled=1"}}
2024/11/09 20:28:55 >>>>>>>>>> REQUEST:
GET /api2/json/cluster/resources?type=vm HTTP/1.1
Host: 192.168.1.131:8006
User-Agent: Go-http-client/1.1
Accept: application/json
Authorization: PVEAPIToken=tf@pam!terraform_token_id=0b313fa7-e5ef-451a-92c6-d30e11e4e84a
Accept-Encoding: gzip

2024/11/09 20:28:55 <<<<<<<<<< RESULT:
HTTP/1.1 200 OK
Content-Length: 486
Cache-Control: max-age=0
Connection: Keep-Alive
Content-Type: application/json;charset=UTF-8
Date: Sat, 09 Nov 2024 20:28:55 GMT
Expires: Sat, 09 Nov 2024 20:28:55 GMT
Pragma: no-cache
Server: pve-api-daemon/3.0

{"data":{"cores":2,"digest":"cd1ab6e0d1af78a4a8c8ddb0a6a4ad51bb858040","smbios1":"uuid=7e467609-af97-4ea5-a398-0f8ff3edf618","ide2":"vms:202/vm-202-cloudinit.qcow2,media=cdrom,size=4M","memory":"2048","name":"postgres","vmgenid":"8c2d1289-7075-42b0-8cff-5f503e8f8fc3","bootdisk":"scsi0","agent":"enabled=1","meta":"creation-qemu=8.0.2,ctime=1731179948","net0":"virtio=BC:24:11:08:9B:99,bridge=vmbr0","scsihw":"virtio-scsi-pci","scsi0":"vms:202/vm-202-disk-1.qcow2,size=10G","boot":"c"}}
2024/11/09 20:28:55 >>>>>>>>>> REQUEST:
GET /api2/json/cluster/resources?type=vm HTTP/1.1
Host: 192.168.1.131:8006
User-Agent: Go-http-client/1.1
Accept: application/json
Authorization: PVEAPIToken=tf@pam!terraform_token_id=0b313fa7-e5ef-451a-92c6-d30e11e4e84a
Accept-Encoding: gzip

2024/11/09 20:28:55 <<<<<<<<<< RESULT:
HTTP/1.1 200 OK
Content-Length: 763
Cache-Control: max-age=0
Connection: Keep-Alive
Content-Type: application/json;charset=UTF-8
Date: Sat, 09 Nov 2024 20:28:55 GMT
Expires: Sat, 09 Nov 2024 20:28:55 GMT
Pragma: no-cache
Server: pve-api-daemon/3.0

{"data":[{"template":0,"node":"host1","diskwrite":0,"maxcpu":2,"disk":0,"name":"mysql","maxmem":2147483648,"diskread":0,"mem":0,"netout":0,"id":"qemu/201","type":"qemu","maxdisk":3758096384,"netin":0,"status":"stopped","uptime":0,"cpu":0,"vmid":201},{"status":"stopped","vmid":202,"uptime":0,"cpu":0,"type":"qemu","maxdisk":3758096384,"netin":0,"id":"qemu/202","diskread":0,"mem":0,"netout":0,"maxmem":2147483648,"name":"postgres","diskwrite":0,"maxcpu":2,"disk":0,"template":0,"node":"host1"},{"id":"qemu/9000","netout":0,"mem":0,"diskread":0,"uptime":0,"cpu":0,"vmid":9000,"status":"stopped","netin":0,"type":"qemu","maxdisk":3758096384,"disk":0,"diskwrite":0,"maxcpu":2,"template":1,"node":"host1","name":"ubuntu-2404-cloudinit-template","maxmem":2147483648}]}
2024/11/09 20:28:55 >>>>>>>>>> REQUEST:
GET /api2/json/cluster/ha/resources/201 HTTP/1.1
Host: 192.168.1.131:8006
User-Agent: Go-http-client/1.1
Accept: application/json
Authorization: PVEAPIToken=tf@pam!terraform_token_id=0b313fa7-e5ef-451a-92c6-d30e11e4e84a
Accept-Encoding: gzip

2024/11/09 20:28:55 <<<<<<<<<< RESULT:
HTTP/1.1 200 OK
Content-Length: 763
Cache-Control: max-age=0
Connection: Keep-Alive
Content-Type: application/json;charset=UTF-8
Date: Sat, 09 Nov 2024 20:28:55 GMT
Expires: Sat, 09 Nov 2024 20:28:55 GMT
Pragma: no-cache
Server: pve-api-daemon/3.0

{"data":[{"template":0,"node":"host1","diskwrite":0,"maxcpu":2,"disk":0,"maxmem":2147483648,"name":"mysql","mem":0,"diskread":0,"netout":0,"id":"qemu/201","type":"qemu","maxdisk":3758096384,"netin":0,"status":"stopped","vmid":201,"uptime":0,"cpu":0},{"diskwrite":0,"maxcpu":2,"disk":0,"node":"host1","template":0,"name":"postgres","maxmem":2147483648,"id":"qemu/202","mem":0,"diskread":0,"netout":0,"status":"stopped","uptime":0,"cpu":0,"vmid":202,"maxdisk":3758096384,"type":"qemu","netin":0},{"type":"qemu","maxdisk":3758096384,"netin":0,"status":"stopped","vmid":9000,"uptime":0,"cpu":0,"mem":0,"diskread":0,"netout":0,"id":"qemu/9000","name":"ubuntu-2404-cloudinit-template","maxmem":2147483648,"node":"host1","template":1,"maxcpu":2,"diskwrite":0,"disk":0}]}
2024/11/09 20:28:55 >>>>>>>>>> REQUEST:
GET /api2/json/cluster/ha/resources/202 HTTP/1.1
Host: 192.168.1.131:8006
User-Agent: Go-http-client/1.1
Accept: application/json
Authorization: PVEAPIToken=tf@pam!terraform_token_id=0b313fa7-e5ef-451a-92c6-d30e11e4e84a
Accept-Encoding: gzip

2024/11/09 20:28:55 <<<<<<<<<< RESULT:
HTTP/1.1 500 no such resource 'vm:201'
Connection: close
Content-Length: 13
Cache-Control: max-age=0
Content-Type: application/json;charset=UTF-8
Date: Sat, 09 Nov 2024 20:28:55 GMT
Expires: Sat, 09 Nov 2024 20:28:55 GMT
Pragma: no-cache
Server: pve-api-daemon/3.0

{"data":null}
2024/11/09 20:28:55 >>>>>>>>>> REQUEST:
PUT /api2/json/nodes/host1/qemu/201/config HTTP/1.1
Host: 192.168.1.131:8006
User-Agent: Go-http-client/1.1
Content-Length: 684
Accept: application/json
Authorization: PVEAPIToken=tf@pam!terraform_token_id=0b313fa7-e5ef-451a-92c6-d30e11e4e84a
Content-Type: application/x-www-form-urlencoded
Accept-Encoding: gzip

agent=1&balloon=0&bios=seabios&cicustom=&cipassword=&ciupgrade=0&cores=1&cpu=host&delete=ide2%2Cshares&hotplug=network%2Cdisk%2Cusb&ipconfig0=ip%3D192.168.1.201%2F24%2Cgw%3D192.168.1.1&kvm=1&memory=4096&name=mysql&net0=virtio%3DF6%3A27%3A3C%3A63%3ACE%3A93%2Cbridge%3Dvmbr0&numa=0&onboot=1&protection=0&scsi0=vms%3A201%2Fvm-201-disk-1.qcow2%2Creplicate%3D0&scsihw=virtio-scsi-pci&sockets=1&sshkeys=%2520ssh-ed25519%2520AAAAC3NzaC1lZDI1NTE5AAAAIOLiEeOqR0KLdVZ64p94nk2fSno1jyminStrv2OPVcd2%2520code%2540paultibbetts.uk%250Assh-ed25519%2520AAAAC3NzaC1lZDI1NTE5AAAAIPfx70ArvHPF%252B9U3GgKgNEAWkXSyZMun83sn9582Pl4e%2520code%2540paultibbetts.uk%250A%250A%250A&tablet=1&tags=database&vmid=201
2024/11/09 20:28:55 <<<<<<<<<< RESULT:
HTTP/1.1 500 no such resource 'vm:202'
Connection: close
Content-Length: 13
Cache-Control: max-age=0
Content-Type: application/json;charset=UTF-8
Date: Sat, 09 Nov 2024 20:28:55 GMT
Expires: Sat, 09 Nov 2024 20:28:55 GMT
Pragma: no-cache
Server: pve-api-daemon/3.0

{"data":null}
2024/11/09 20:28:55 >>>>>>>>>> REQUEST:
PUT /api2/json/nodes/host1/qemu/202/config HTTP/1.1
Host: 192.168.1.131:8006
User-Agent: Go-http-client/1.1
Content-Length: 687
Accept: application/json
Authorization: PVEAPIToken=tf@pam!terraform_token_id=0b313fa7-e5ef-451a-92c6-d30e11e4e84a
Content-Type: application/x-www-form-urlencoded
Accept-Encoding: gzip

agent=1&balloon=0&bios=seabios&cicustom=&cipassword=&ciupgrade=0&cores=1&cpu=host&delete=ide2%2Cshares&hotplug=network%2Cdisk%2Cusb&ipconfig0=ip%3D192.168.1.202%2F24%2Cgw%3D192.168.1.1&kvm=1&memory=4096&name=postgres&net0=virtio%3D76%3A11%3AB3%3A30%3AD7%3A39%2Cbridge%3Dvmbr0&numa=0&onboot=1&protection=0&scsi0=vms%3A202%2Fvm-202-disk-1.qcow2%2Creplicate%3D0&scsihw=virtio-scsi-pci&sockets=1&sshkeys=%2520ssh-ed25519%2520AAAAC3NzaC1lZDI1NTE5AAAAIOLiEeOqR0KLdVZ64p94nk2fSno1jyminStrv2OPVcd2%2520code%2540paultibbetts.uk%250Assh-ed25519%2520AAAAC3NzaC1lZDI1NTE5AAAAIPfx70ArvHPF%252B9U3GgKgNEAWkXSyZMun83sn9582Pl4e%2520code%2540paultibbetts.uk%250A%250A%250A&tablet=1&tags=database&vmid=202
2024/11/09 20:28:55 <<<<<<<<<< RESULT:
HTTP/1.1 200 OK
Connection: close
Content-Length: 13
Cache-Control: max-age=0
Content-Type: application/json;charset=UTF-8
Date: Sat, 09 Nov 2024 20:28:55 GMT
Expires: Sat, 09 Nov 2024 20:28:55 GMT
Pragma: no-cache
Server: pve-api-daemon/3.0

{"data":null}
2024/11/09 20:28:55 <<<<<<<<<< RESULT:
HTTP/1.1 200 OK
Connection: close
Content-Length: 13
Cache-Control: max-age=0
Content-Type: application/json;charset=UTF-8
Date: Sat, 09 Nov 2024 20:28:55 GMT
Expires: Sat, 09 Nov 2024 20:28:55 GMT
Pragma: no-cache
Server: pve-api-daemon/3.0

{"data":null}
2024/11/09 20:28:55 >>>>>>>>>> REQUEST:
GET /api2/json/nodes/host1/qemu/201/pending HTTP/1.1
Host: 192.168.1.131:8006
User-Agent: Go-http-client/1.1
Accept: application/json
Authorization: PVEAPIToken=tf@pam!terraform_token_id=0b313fa7-e5ef-451a-92c6-d30e11e4e84a
Accept-Encoding: gzip

2024/11/09 20:28:55 >>>>>>>>>> REQUEST:
GET /api2/json/nodes/host1/qemu/202/pending HTTP/1.1
Host: 192.168.1.131:8006
User-Agent: Go-http-client/1.1
Accept: application/json
Authorization: PVEAPIToken=tf@pam!terraform_token_id=0b313fa7-e5ef-451a-92c6-d30e11e4e84a
Accept-Encoding: gzip

2024/11/09 20:28:55 <<<<<<<<<< RESULT:
HTTP/1.1 200 OK
Content-Length: 1394
Cache-Control: max-age=0
Connection: Keep-Alive
Content-Type: application/json;charset=UTF-8
Date: Sat, 09 Nov 2024 20:28:56 GMT
Expires: Sat, 09 Nov 2024 20:28:56 GMT
Pragma: no-cache
Server: pve-api-daemon/3.0

{"data":[{"key":"agent","value":"1"},{"value":0,"key":"numa"},{"value":"d6068462-b8e9-4c94-a15a-1e72cc43ab92","key":"vmgenid"},{"value":" ","key":"cicustom"},{"key":"net0","value":"virtio=F6:27:3C:63:CE:93,bridge=vmbr0"},{"value":"ip=192.168.1.201/24,gw=192.168.1.1","key":"ipconfig0"},{"key":"scsihw","value":"virtio-scsi-pci"},{"value":1,"key":"cores"},{"value":"seabios","key":"bios"},{"key":"sshkeys","value":"%20ssh-ed25519%20AAAAC3NzaC1lZDI1NTE5AAAAIOLiEeOqR0KLdVZ64p94nk2fSno1jyminStrv2OPVcd2%20code%40paultibbetts.uk%0Assh-ed25519%20AAAAC3NzaC1lZDI1NTE5AAAAIPfx70ArvHPF%2B9U3GgKgNEAWkXSyZMun83sn9582Pl4e%20code%40paultibbetts.uk%0A%0A%0A"},{"value":"network,disk,usb","key":"hotplug"},{"value":"d0fef02c6e8bfca0ad63699227d1d6d2fd556afb","key":"digest"},{"key":"cipassword","value":"**********"},{"value":0,"key":"ciupgrade"},{"value":"scsi0","key":"bootdisk"},{"key":"boot","value":"c"},{"value":0,"key":"balloon"},{"value":"vms:201/vm-201-disk-1.qcow2,replicate=0,size=10G","key":"scsi0"},{"key":"protection","value":0},{"key":"cpu","value":"host"},{"value":"creation-qemu=8.0.2,ctime=1731179948","key":"meta"},{"key":"kvm","value":1},{"value":"database","key":"tags"},{"key":"sockets","value":1},{"key":"name","value":"mysql"},{"value":"4096","key":"memory"},{"key":"tablet","value":1},{"value":"uuid=9ca38c0c-e91a-49ad-ac65-b890dc748150","key":"smbios1"},{"key":"onboot","value":1}]}
2024/11/09 20:28:55 <<<<<<<<<< RESULT:
HTTP/1.1 200 OK
Content-Length: 1397
Cache-Control: max-age=0
Connection: Keep-Alive
Content-Type: application/json;charset=UTF-8
Date: Sat, 09 Nov 2024 20:28:56 GMT
Expires: Sat, 09 Nov 2024 20:28:56 GMT
Pragma: no-cache
Server: pve-api-daemon/3.0

{"data":[{"key":"numa","value":0},{"value":"8c2d1289-7075-42b0-8cff-5f503e8f8fc3","key":"vmgenid"},{"value":"1","key":"agent"},{"value":"ip=192.168.1.202/24,gw=192.168.1.1","key":"ipconfig0"},{"key":"net0","value":"virtio=76:11:B3:30:D7:39,bridge=vmbr0"},{"key":"scsihw","value":"virtio-scsi-pci"},{"value":" ","key":"cicustom"},{"value":"network,disk,usb","key":"hotplug"},{"value":"%20ssh-ed25519%20AAAAC3NzaC1lZDI1NTE5AAAAIOLiEeOqR0KLdVZ64p94nk2fSno1jyminStrv2OPVcd2%20code%40paultibbetts.uk%0Assh-ed25519%20AAAAC3NzaC1lZDI1NTE5AAAAIPfx70ArvHPF%2B9U3GgKgNEAWkXSyZMun83sn9582Pl4e%20code%40paultibbetts.uk%0A%0A%0A","key":"sshkeys"},{"key":"bios","value":"seabios"},{"value":1,"key":"cores"},{"value":"187a85cfdee50f379cab3fdba49355a2737c862b","key":"digest"},{"value":"**********","key":"cipassword"},{"key":"bootdisk","value":"scsi0"},{"key":"ciupgrade","value":0},{"value":0,"key":"protection"},{"key":"cpu","value":"host"},{"key":"meta","value":"creation-qemu=8.0.2,ctime=1731179948"},{"key":"balloon","value":0},{"key":"boot","value":"c"},{"value":"vms:202/vm-202-disk-1.qcow2,replicate=0,size=10G","key":"scsi0"},{"value":"database","key":"tags"},{"value":1,"key":"kvm"},{"key":"smbios1","value":"uuid=7e467609-af97-4ea5-a398-0f8ff3edf618"},{"key":"onboot","value":1},{"key":"memory","value":"4096"},{"value":"postgres","key":"name"},{"key":"sockets","value":1},{"key":"tablet","value":1}]}
[90mSat, 09 Nov 2024 20:28:55 +0000[0m DBG [1mgithub.com/Telmate/terraform-provider-proxmox/v2/proxmox/resource_vm_qemu.go:1143[0m[36m >[0m Set this vm (resource Id) to 'host1/qemu/202' [36mloggerName=[0mresource_vm_create [36mvmid=[0m202
[90mSat, 09 Nov 2024 20:28:55 +0000[0m DBG [1mgithub.com/Telmate/terraform-provider-proxmox/v2/proxmox/resource_vm_qemu.go:1143[0m[36m >[0m Set this vm (resource Id) to 'host1/qemu/201' [36mloggerName=[0mresource_vm_create [36mvmid=[0m201
2024/11/09 20:29:00 [DEBUG][QemuVmCreate] starting VM
2024/11/09 20:29:00 [DEBUG][QemuVmCreate] starting VM
2024/11/09 20:29:00 >>>>>>>>>> REQUEST:
POST /api2/json/nodes/host1/qemu/202/status/start HTTP/1.1
Host: 192.168.1.131:8006
User-Agent: Go-http-client/1.1
Content-Length: 0
Accept: application/json
Authorization: PVEAPIToken=tf@pam!terraform_token_id=0b313fa7-e5ef-451a-92c6-d30e11e4e84a
Content-Type: application/x-www-form-urlencoded
Accept-Encoding: gzip

2024/11/09 20:29:00 >>>>>>>>>> REQUEST:
POST /api2/json/nodes/host1/qemu/201/status/start HTTP/1.1
Host: 192.168.1.131:8006
User-Agent: Go-http-client/1.1
Content-Length: 0
Accept: application/json
Authorization: PVEAPIToken=tf@pam!terraform_token_id=0b313fa7-e5ef-451a-92c6-d30e11e4e84a
Content-Type: application/x-www-form-urlencoded
Accept-Encoding: gzip

2024/11/09 20:29:01 <<<<<<<<<< RESULT:
HTTP/1.1 200 OK
Connection: close
Content-Length: 87
Cache-Control: max-age=0
Content-Type: application/json;charset=UTF-8
Date: Sat, 09 Nov 2024 20:29:01 GMT
Expires: Sat, 09 Nov 2024 20:29:01 GMT
Pragma: no-cache
Server: pve-api-daemon/3.0

{"data":"UPID:host1:00005A44:00009214:672FC60D:qmstart:201:tf@pam!terraform_token_id:"}
2024/11/09 20:29:01 >>>>>>>>>> REQUEST:
GET /api2/json/nodes/host1/tasks/UPID:host1:00005A44:00009214:672FC60D:qmstart:201:tf@pam!terraform_token_id:/status HTTP/1.1
Host: 192.168.1.131:8006
User-Agent: Go-http-client/1.1
Accept: application/json
Authorization: PVEAPIToken=tf@pam!terraform_token_id=0b313fa7-e5ef-451a-92c6-d30e11e4e84a
Accept-Encoding: gzip

2024/11/09 20:29:01 <<<<<<<<<< RESULT:
HTTP/1.1 200 OK
Connection: close
Content-Length: 87
Cache-Control: max-age=0
Content-Type: application/json;charset=UTF-8
Date: Sat, 09 Nov 2024 20:29:01 GMT
Expires: Sat, 09 Nov 2024 20:29:01 GMT
Pragma: no-cache
Server: pve-api-daemon/3.0

{"data":"UPID:host1:00005A45:00009216:672FC60D:qmstart:202:tf@pam!terraform_token_id:"}
2024/11/09 20:29:01 >>>>>>>>>> REQUEST:
GET /api2/json/nodes/host1/tasks/UPID:host1:00005A45:00009216:672FC60D:qmstart:202:tf@pam!terraform_token_id:/status HTTP/1.1
Host: 192.168.1.131:8006
User-Agent: Go-http-client/1.1
Accept: application/json
Authorization: PVEAPIToken=tf@pam!terraform_token_id=0b313fa7-e5ef-451a-92c6-d30e11e4e84a
Accept-Encoding: gzip

2024/11/09 20:29:01 <<<<<<<<<< RESULT:
HTTP/1.1 200 OK
Connection: close
Content-Length: 255
Cache-Control: max-age=0
Content-Type: application/json;charset=UTF-8
Date: Sat, 09 Nov 2024 20:29:01 GMT
Expires: Sat, 09 Nov 2024 20:29:01 GMT
Pragma: no-cache
Server: pve-api-daemon/3.0

{"data":{"type":"qmstart","user":"tf@pam","pid":23108,"starttime":1731184141,"pstart":37396,"id":"201","node":"host1","status":"running","upid":"UPID:host1:00005A44:00009214:672FC60D:qmstart:201:tf@pam!terraform_token_id:","tokenid":"terraform_token_id"}}
2024/11/09 20:29:01 <<<<<<<<<< RESULT:
HTTP/1.1 200 OK
Connection: close
Content-Length: 255
Cache-Control: max-age=0
Content-Type: application/json;charset=UTF-8
Date: Sat, 09 Nov 2024 20:29:01 GMT
Expires: Sat, 09 Nov 2024 20:29:01 GMT
Pragma: no-cache
Server: pve-api-daemon/3.0

{"data":{"tokenid":"terraform_token_id","upid":"UPID:host1:00005A45:00009216:672FC60D:qmstart:202:tf@pam!terraform_token_id:","status":"running","node":"host1","id":"202","pstart":37398,"starttime":1731184141,"type":"qmstart","pid":23109,"user":"tf@pam"}}
2024/11/09 20:29:03 >>>>>>>>>> REQUEST:
GET /api2/json/nodes/host1/tasks/UPID:host1:00005A44:00009214:672FC60D:qmstart:201:tf@pam!terraform_token_id:/status HTTP/1.1
Host: 192.168.1.131:8006
User-Agent: Go-http-client/1.1
Accept: application/json
Authorization: PVEAPIToken=tf@pam!terraform_token_id=0b313fa7-e5ef-451a-92c6-d30e11e4e84a
Accept-Encoding: gzip

2024/11/09 20:29:03 >>>>>>>>>> REQUEST:
GET /api2/json/nodes/host1/tasks/UPID:host1:00005A45:00009216:672FC60D:qmstart:202:tf@pam!terraform_token_id:/status HTTP/1.1
Host: 192.168.1.131:8006
User-Agent: Go-http-client/1.1
Accept: application/json
Authorization: PVEAPIToken=tf@pam!terraform_token_id=0b313fa7-e5ef-451a-92c6-d30e11e4e84a
Accept-Encoding: gzip

2024/11/09 20:29:03 <<<<<<<<<< RESULT:
HTTP/1.1 200 OK
Connection: close
Content-Length: 273
Cache-Control: max-age=0
Content-Type: application/json;charset=UTF-8
Date: Sat, 09 Nov 2024 20:29:03 GMT
Expires: Sat, 09 Nov 2024 20:29:03 GMT
Pragma: no-cache
Server: pve-api-daemon/3.0

{"data":{"pid":23108,"user":"tf@pam","pstart":37396,"id":"201","exitstatus":"OK","starttime":1731184141,"type":"qmstart","tokenid":"terraform_token_id","status":"stopped","upid":"UPID:host1:00005A44:00009214:672FC60D:qmstart:201:tf@pam!terraform_token_id:","node":"host1"}}
2024/11/09 20:29:03 [DEBUG][QemuVmCreate] vm creation done!
[90mSat, 09 Nov 2024 20:29:03 +0000[0m [32mINF[0m [1mgithub.com/Telmate/terraform-provider-proxmox/v2/proxmox/resource_vm_qemu.go:1432[0m[36m >[0m [1mReading configuration for vmid[0m [36mloggerName=[0mresource_vm_read [36mvmid=[0m201
2024/11/09 20:29:03 >>>>>>>>>> REQUEST:
GET /api2/json/cluster/resources?type=vm HTTP/1.1
Host: 192.168.1.131:8006
User-Agent: Go-http-client/1.1
Accept: application/json
Authorization: PVEAPIToken=tf@pam!terraform_token_id=0b313fa7-e5ef-451a-92c6-d30e11e4e84a
Accept-Encoding: gzip

2024/11/09 20:29:03 <<<<<<<<<< RESULT:
HTTP/1.1 200 OK
Connection: close
Content-Length: 273
Cache-Control: max-age=0
Content-Type: application/json;charset=UTF-8
Date: Sat, 09 Nov 2024 20:29:03 GMT
Expires: Sat, 09 Nov 2024 20:29:03 GMT
Pragma: no-cache
Server: pve-api-daemon/3.0

{"data":{"type":"qmstart","status":"stopped","tokenid":"terraform_token_id","upid":"UPID:host1:00005A45:00009216:672FC60D:qmstart:202:tf@pam!terraform_token_id:","node":"host1","pid":23109,"user":"tf@pam","pstart":37398,"id":"202","starttime":1731184141,"exitstatus":"OK"}}
2024/11/09 20:29:03 [DEBUG][QemuVmCreate] vm creation done!
[90mSat, 09 Nov 2024 20:29:03 +0000[0m [32mINF[0m [1mgithub.com/Telmate/terraform-provider-proxmox/v2/proxmox/resource_vm_qemu.go:1432[0m[36m >[0m [1mReading configuration for vmid[0m [36mloggerName=[0mresource_vm_read [36mvmid=[0m202
2024/11/09 20:29:03 >>>>>>>>>> REQUEST:
GET /api2/json/cluster/resources?type=vm HTTP/1.1
Host: 192.168.1.131:8006
User-Agent: Go-http-client/1.1
Accept: application/json
Authorization: PVEAPIToken=tf@pam!terraform_token_id=0b313fa7-e5ef-451a-92c6-d30e11e4e84a
Accept-Encoding: gzip

2024/11/09 20:29:03 <<<<<<<<<< RESULT:
HTTP/1.1 200 OK
Content-Length: 799
Cache-Control: max-age=0
Connection: Keep-Alive
Content-Type: application/json;charset=UTF-8
Date: Sat, 09 Nov 2024 20:29:03 GMT
Expires: Sat, 09 Nov 2024 20:29:03 GMT
Pragma: no-cache
Server: pve-api-daemon/3.0

{"data":[{"status":"stopped","uptime":0,"cpu":0,"vmid":201,"maxdisk":3758096384,"type":"qemu","netin":0,"id":"qemu/201","mem":0,"diskread":0,"netout":0,"maxmem":2147483648,"name":"mysql","diskwrite":0,"maxcpu":2,"tags":"database","disk":0,"template":0,"node":"host1"},{"type":"qemu","maxdisk":3758096384,"netin":0,"status":"stopped","uptime":0,"cpu":0,"vmid":202,"diskread":0,"mem":0,"netout":0,"id":"qemu/202","maxmem":2147483648,"name":"postgres","template":0,"node":"host1","maxcpu":2,"diskwrite":0,"tags":"database","disk":0},{"maxdisk":3758096384,"type":"qemu","netin":0,"status":"stopped","vmid":9000,"cpu":0,"uptime":0,"diskread":0,"mem":0,"netout":0,"id":"qemu/9000","name":"ubuntu-2404-cloudinit-template","maxmem":2147483648,"template":1,"node":"host1","maxcpu":2,"diskwrite":0,"disk":0}]}
2024/11/09 20:29:03 >>>>>>>>>> REQUEST:
GET /api2/json/nodes/host1/qemu/201/config HTTP/1.1
Host: 192.168.1.131:8006
User-Agent: Go-http-client/1.1
Accept: application/json
Authorization: PVEAPIToken=tf@pam!terraform_token_id=0b313fa7-e5ef-451a-92c6-d30e11e4e84a
Accept-Encoding: gzip

2024/11/09 20:29:03 <<<<<<<<<< RESULT:
HTTP/1.1 200 OK
Content-Length: 799
Cache-Control: max-age=0
Connection: Keep-Alive
Content-Type: application/json;charset=UTF-8
Date: Sat, 09 Nov 2024 20:29:03 GMT
Expires: Sat, 09 Nov 2024 20:29:03 GMT
Pragma: no-cache
Server: pve-api-daemon/3.0

{"data":[{"maxdisk":3758096384,"type":"qemu","netin":0,"status":"stopped","vmid":201,"uptime":0,"cpu":0,"diskread":0,"mem":0,"netout":0,"id":"qemu/201","maxmem":2147483648,"name":"mysql","template":0,"node":"host1","tags":"database","diskwrite":0,"maxcpu":2,"disk":0},{"netin":0,"maxdisk":3758096384,"type":"qemu","uptime":0,"cpu":0,"vmid":202,"status":"stopped","netout":0,"diskread":0,"mem":0,"id":"qemu/202","maxmem":2147483648,"name":"postgres","template":0,"node":"host1","disk":0,"maxcpu":2,"diskwrite":0,"tags":"database"},{"id":"qemu/9000","netout":0,"mem":0,"diskread":0,"vmid":9000,"cpu":0,"uptime":0,"status":"stopped","netin":0,"type":"qemu","maxdisk":3758096384,"disk":0,"maxcpu":2,"diskwrite":0,"template":1,"node":"host1","name":"ubuntu-2404-cloudinit-template","maxmem":2147483648}]}
2024/11/09 20:29:03 >>>>>>>>>> REQUEST:
GET /api2/json/nodes/host1/qemu/202/config HTTP/1.1
Host: 192.168.1.131:8006
User-Agent: Go-http-client/1.1
Accept: application/json
Authorization: PVEAPIToken=tf@pam!terraform_token_id=0b313fa7-e5ef-451a-92c6-d30e11e4e84a
Accept-Encoding: gzip

2024/11/09 20:29:03 <<<<<<<<<< RESULT:
HTTP/1.1 200 OK
Content-Length: 930
Cache-Control: max-age=0
Connection: Keep-Alive
Content-Type: application/json;charset=UTF-8
Date: Sat, 09 Nov 2024 20:29:03 GMT
Expires: Sat, 09 Nov 2024 20:29:03 GMT
Pragma: no-cache
Server: pve-api-daemon/3.0

{"data":{"kvm":1,"tags":"database","memory":"4096","name":"mysql","sockets":1,"tablet":1,"smbios1":"uuid=9ca38c0c-e91a-49ad-ac65-b890dc748150","onboot":1,"cipassword":"**********","ciupgrade":0,"bootdisk":"scsi0","balloon":0,"boot":"c","scsi0":"vms:201/vm-201-disk-1.qcow2,replicate=0,size=10G","protection":0,"cpu":"host","meta":"creation-qemu=8.0.2,ctime=1731179948","cores":1,"bios":"seabios","hotplug":"network,disk,usb","sshkeys":"%20ssh-ed25519%20AAAAC3NzaC1lZDI1NTE5AAAAIOLiEeOqR0KLdVZ64p94nk2fSno1jyminStrv2OPVcd2%20code%40paultibbetts.uk%0Assh-ed25519%20AAAAC3NzaC1lZDI1NTE5AAAAIPfx70ArvHPF%2B9U3GgKgNEAWkXSyZMun83sn9582Pl4e%20code%40paultibbetts.uk%0A%0A%0A","digest":"d0fef02c6e8bfca0ad63699227d1d6d2fd556afb","agent":"1","numa":0,"vmgenid":"d6068462-b8e9-4c94-a15a-1e72cc43ab92","cicustom":" ","ipconfig0":"ip=192.168.1.201/24,gw=192.168.1.1","net0":"virtio=F6:27:3C:63:CE:93,bridge=vmbr0","scsihw":"virtio-scsi-pci"}}
2024/11/09 20:29:03 >>>>>>>>>> REQUEST:
GET /api2/json/cluster/resources?type=vm HTTP/1.1
Host: 192.168.1.131:8006
User-Agent: Go-http-client/1.1
Accept: application/json
Authorization: PVEAPIToken=tf@pam!terraform_token_id=0b313fa7-e5ef-451a-92c6-d30e11e4e84a
Accept-Encoding: gzip

2024/11/09 20:29:03 <<<<<<<<<< RESULT:
HTTP/1.1 200 OK
Content-Length: 933
Cache-Control: max-age=0
Connection: Keep-Alive
Content-Type: application/json;charset=UTF-8
Date: Sat, 09 Nov 2024 20:29:03 GMT
Expires: Sat, 09 Nov 2024 20:29:03 GMT
Pragma: no-cache
Server: pve-api-daemon/3.0

{"data":{"kvm":1,"tags":"database","memory":"4096","name":"postgres","sockets":1,"tablet":1,"smbios1":"uuid=7e467609-af97-4ea5-a398-0f8ff3edf618","onboot":1,"cipassword":"**********","bootdisk":"scsi0","ciupgrade":0,"balloon":0,"boot":"c","scsi0":"vms:202/vm-202-disk-1.qcow2,replicate=0,size=10G","protection":0,"meta":"creation-qemu=8.0.2,ctime=1731179948","cpu":"host","bios":"seabios","cores":1,"hotplug":"network,disk,usb","sshkeys":"%20ssh-ed25519%20AAAAC3NzaC1lZDI1NTE5AAAAIOLiEeOqR0KLdVZ64p94nk2fSno1jyminStrv2OPVcd2%20code%40paultibbetts.uk%0Assh-ed25519%20AAAAC3NzaC1lZDI1NTE5AAAAIPfx70ArvHPF%2B9U3GgKgNEAWkXSyZMun83sn9582Pl4e%20code%40paultibbetts.uk%0A%0A%0A","digest":"187a85cfdee50f379cab3fdba49355a2737c862b","agent":"1","numa":0,"vmgenid":"8c2d1289-7075-42b0-8cff-5f503e8f8fc3","cicustom":" ","net0":"virtio=76:11:B3:30:D7:39,bridge=vmbr0","ipconfig0":"ip=192.168.1.202/24,gw=192.168.1.1","scsihw":"virtio-scsi-pci"}}
2024/11/09 20:29:03 >>>>>>>>>> REQUEST:
GET /api2/json/cluster/resources?type=vm HTTP/1.1
Host: 192.168.1.131:8006
User-Agent: Go-http-client/1.1
Accept: application/json
Authorization: PVEAPIToken=tf@pam!terraform_token_id=0b313fa7-e5ef-451a-92c6-d30e11e4e84a
Accept-Encoding: gzip

2024/11/09 20:29:03 <<<<<<<<<< RESULT:
HTTP/1.1 200 OK
Content-Length: 799
Cache-Control: max-age=0
Connection: Keep-Alive
Content-Type: application/json;charset=UTF-8
Date: Sat, 09 Nov 2024 20:29:03 GMT
Expires: Sat, 09 Nov 2024 20:29:03 GMT
Pragma: no-cache
Server: pve-api-daemon/3.0

{"data":[{"disk":0,"diskwrite":0,"maxcpu":2,"tags":"database","template":0,"node":"host1","name":"mysql","maxmem":2147483648,"id":"qemu/201","netout":0,"diskread":0,"mem":0,"cpu":0,"uptime":0,"vmid":201,"status":"stopped","netin":0,"maxdisk":3758096384,"type":"qemu"},{"type":"qemu","maxdisk":3758096384,"netin":0,"status":"stopped","uptime":0,"cpu":0,"vmid":202,"diskread":0,"mem":0,"netout":0,"id":"qemu/202","name":"postgres","maxmem":2147483648,"template":0,"node":"host1","maxcpu":2,"diskwrite":0,"tags":"database","disk":0},{"netin":0,"type":"qemu","maxdisk":3758096384,"vmid":9000,"cpu":0,"uptime":0,"status":"stopped","netout":0,"diskread":0,"mem":0,"id":"qemu/9000","name":"ubuntu-2404-cloudinit-template","maxmem":2147483648,"template":1,"node":"host1","disk":0,"maxcpu":2,"diskwrite":0}]}
2024/11/09 20:29:03 >>>>>>>>>> REQUEST:
GET /api2/json/cluster/ha/resources/201 HTTP/1.1
Host: 192.168.1.131:8006
User-Agent: Go-http-client/1.1
Accept: application/json
Authorization: PVEAPIToken=tf@pam!terraform_token_id=0b313fa7-e5ef-451a-92c6-d30e11e4e84a
Accept-Encoding: gzip

2024/11/09 20:29:03 <<<<<<<<<< RESULT:
HTTP/1.1 200 OK
Content-Length: 799
Cache-Control: max-age=0
Connection: Keep-Alive
Content-Type: application/json;charset=UTF-8
Date: Sat, 09 Nov 2024 20:29:03 GMT
Expires: Sat, 09 Nov 2024 20:29:03 GMT
Pragma: no-cache
Server: pve-api-daemon/3.0

{"data":[{"id":"qemu/201","netout":0,"diskread":0,"mem":0,"vmid":201,"uptime":0,"cpu":0,"status":"stopped","netin":0,"type":"qemu","maxdisk":3758096384,"disk":0,"tags":"database","diskwrite":0,"maxcpu":2,"template":0,"node":"host1","name":"mysql","maxmem":2147483648},{"template":0,"node":"host1","tags":"database","maxcpu":2,"diskwrite":0,"disk":0,"maxmem":2147483648,"name":"postgres","diskread":0,"mem":0,"netout":0,"id":"qemu/202","type":"qemu","maxdisk":3758096384,"netin":0,"status":"stopped","vmid":202,"cpu":0,"uptime":0},{"name":"ubuntu-2404-cloudinit-template","maxmem":2147483648,"node":"host1","template":1,"maxcpu":2,"diskwrite":0,"disk":0,"maxdisk":3758096384,"type":"qemu","netin":0,"status":"stopped","uptime":0,"cpu":0,"vmid":9000,"mem":0,"diskread":0,"netout":0,"id":"qemu/9000"}]}
2024/11/09 20:29:03 >>>>>>>>>> REQUEST:
GET /api2/json/cluster/ha/resources/202 HTTP/1.1
Host: 192.168.1.131:8006
User-Agent: Go-http-client/1.1
Accept: application/json
Authorization: PVEAPIToken=tf@pam!terraform_token_id=0b313fa7-e5ef-451a-92c6-d30e11e4e84a
Accept-Encoding: gzip

2024/11/09 20:29:03 <<<<<<<<<< RESULT:
HTTP/1.1 500 no such resource 'vm:201'
Connection: close
Content-Length: 13
Cache-Control: max-age=0
Content-Type: application/json;charset=UTF-8
Date: Sat, 09 Nov 2024 20:29:03 GMT
Expires: Sat, 09 Nov 2024 20:29:03 GMT
Pragma: no-cache
Server: pve-api-daemon/3.0

{"data":null}
2024/11/09 20:29:03 >>>>>>>>>> REQUEST:
GET /api2/json/nodes/host1/qemu/201/status/current HTTP/1.1
Host: 192.168.1.131:8006
User-Agent: Go-http-client/1.1
Accept: application/json
Authorization: PVEAPIToken=tf@pam!terraform_token_id=0b313fa7-e5ef-451a-92c6-d30e11e4e84a
Accept-Encoding: gzip

2024/11/09 20:29:03 <<<<<<<<<< RESULT:
HTTP/1.1 500 no such resource 'vm:202'
Connection: close
Content-Length: 13
Cache-Control: max-age=0
Content-Type: application/json;charset=UTF-8
Date: Sat, 09 Nov 2024 20:29:03 GMT
Expires: Sat, 09 Nov 2024 20:29:03 GMT
Pragma: no-cache
Server: pve-api-daemon/3.0

{"data":null}
2024/11/09 20:29:03 >>>>>>>>>> REQUEST:
GET /api2/json/nodes/host1/qemu/202/status/current HTTP/1.1
Host: 192.168.1.131:8006
User-Agent: Go-http-client/1.1
Accept: application/json
Authorization: PVEAPIToken=tf@pam!terraform_token_id=0b313fa7-e5ef-451a-92c6-d30e11e4e84a
Accept-Encoding: gzip

2024/11/09 20:29:03 <<<<<<<<<< RESULT:
HTTP/1.1 200 OK
Connection: close
Content-Length: 1379
Cache-Control: max-age=0
Content-Type: application/json;charset=UTF-8
Date: Sat, 09 Nov 2024 20:29:03 GMT
Expires: Sat, 09 Nov 2024 20:29:03 GMT
Pragma: no-cache
Server: pve-api-daemon/3.0

{"data":{"name":"mysql","blockstat":{"scsi0":{"timed_stats":[],"invalid_flush_operations":0,"zone_append_total_time_ns":0,"zone_append_bytes":0,"account_failed":true,"rd_merged":0,"unmap_operations":0,"invalid_unmap_operations":0,"wr_operations":0,"wr_highest_offset":0,"account_invalid":true,"flush_total_time_ns":0,"rd_total_time_ns":0,"unmap_bytes":0,"wr_bytes":0,"invalid_rd_operations":0,"zone_append_operations":0,"rd_bytes":0,"unmap_merged":0,"invalid_wr_operations":0,"wr_total_time_ns":0,"unmap_total_time_ns":0,"zone_append_merged":0,"invalid_zone_append_operations":0,"failed_zone_append_operations":0,"rd_operations":0,"failed_unmap_operations":0,"flush_operations":0,"failed_wr_operations":0,"failed_flush_operations":0,"wr_merged":0,"failed_rd_operations":0}},"pid":23123,"qmpstatus":"running","ha":{"managed":0},"running-machine":"pc-i440fx-9.0+pve0","agent":1,"running-qemu":"9.0.2","cpus":1,"maxdisk":10737418240,"netout":0,"tags":"database","proxmox-support":{"pbs-library-version":"1.4.1 (UNKNOWN)","pbs-dirty-bitmap-savevm":true,"backup-fleecing":true,"backup-max-workers":true,"pbs-dirty-bitmap":true,"pbs-dirty-bitmap-migration":true,"pbs-masterkey":true,"query-bitmap-info":true},"status":"running","diskwrite":0,"diskread":0,"uptime":2,"netin":60,"maxmem":4294967296,"vmid":201,"disk":0,"mem":38031690,"nics":{"tap201i0":{"netin":60,"netout":0}},"cpu":0}}
2024/11/09 20:29:03 <<<<<<<<<< RESULT:
HTTP/1.1 200 OK
Connection: close
Content-Length: 1382
Cache-Control: max-age=0
Content-Type: application/json;charset=UTF-8
Date: Sat, 09 Nov 2024 20:29:03 GMT
Expires: Sat, 09 Nov 2024 20:29:03 GMT
Pragma: no-cache
Server: pve-api-daemon/3.0

{"data":{"vmid":202,"mem":38434479,"disk":0,"nics":{"tap202i0":{"netout":0,"netin":60}},"cpu":0,"maxmem":4294967296,"netin":60,"diskread":0,"diskwrite":0,"uptime":2,"status":"running","maxdisk":10737418240,"cpus":1,"netout":0,"tags":"database","proxmox-support":{"pbs-library-version":"1.4.1 (UNKNOWN)","query-bitmap-info":true,"pbs-masterkey":true,"pbs-dirty-bitmap-migration":true,"pbs-dirty-bitmap":true,"backup-max-workers":true,"backup-fleecing":true,"pbs-dirty-bitmap-savevm":true},"agent":1,"running-machine":"pc-i440fx-9.0+pve0","running-qemu":"9.0.2","blockstat":{"scsi0":{"invalid_wr_operations":0,"wr_total_time_ns":0,"rd_bytes":0,"unmap_merged":0,"failed_wr_operations":0,"failed_flush_operations":0,"wr_merged":0,"failed_rd_operations":0,"zone_append_merged":0,"unmap_total_time_ns":0,"rd_operations":0,"invalid_zone_append_operations":0,"failed_zone_append_operations":0,"failed_unmap_operations":0,"flush_operations":0,"invalid_unmap_operations":0,"unmap_operations":0,"wr_highest_offset":0,"wr_operations":0,"account_invalid":true,"flush_total_time_ns":0,"invalid_flush_operations":0,"timed_stats":[],"account_failed":true,"zone_append_total_time_ns":0,"zone_append_bytes":0,"rd_merged":0,"invalid_rd_operations":0,"wr_bytes":0,"zone_append_operations":0,"unmap_bytes":0,"rd_total_time_ns":0}},"name":"postgres","qmpstatus":"running","ha":{"managed":0},"pid":23138}}
2024/11/09 20:29:03 [DEBUG] VM status: running
2024/11/09 20:29:03 [DEBUG] VM status: running
2024/11/09 20:29:03 [DEBUG] VM is running, checking the IP
2024/11/09 20:29:03 [DEBUG] VM is running, checking the IP
2024/11/09 20:29:03 [INFO][initConnInfo] trying to get vm ip address for provisioner
2024/11/09 20:29:03 [INFO][initConnInfo] trying to get vm ip address for provisioner
[90mSat, 09 Nov 2024 20:29:03 +0000[0m [32mINF[0m [1mgithub.com/Telmate/terraform-provider-proxmox/v2/proxmox/resource_vm_qemu.go:1886[0m[36m >[0m [1mtrying to get vm ip address for provisioner[0m [36mloggerName=[0minitConnInfo [36mvmid=[0m201
2024/11/09 20:29:03 [DEBUG][initConnInfo] retrying for at most  20m0s minutes before giving up
2024/11/09 20:29:03 [DEBUG][initConnInfo] retries will end at 2024-11-09 20:49:03.37905 +0000 GMT m=+1225.141341793
[90mSat, 09 Nov 2024 20:29:03 +0000[0m [32mINF[0m [1mgithub.com/Telmate/terraform-provider-proxmox/v2/proxmox/resource_vm_qemu.go:1886[0m[36m >[0m [1mtrying to get vm ip address for provisioner[0m [36mloggerName=[0minitConnInfo [36mvmid=[0m202
2024/11/09 20:29:03 [DEBUG][initConnInfo] retrying for at most  20m0s minutes before giving up
[90mSat, 09 Nov 2024 20:29:03 +0000[0m DBG [1mgithub.com/Telmate/terraform-provider-proxmox/v2/proxmox/resource_vm_qemu.go:1893[0m[36m >[0m retrying for at most  20m0s minutes before giving up [36mloggerName=[0minitConnInfo [36mvmid=[0m201
2024/11/09 20:29:03 [DEBUG][initConnInfo] retries will end at 2024-11-09 20:49:03.379222 +0000 GMT m=+1225.141513876
[90mSat, 09 Nov 2024 20:29:03 +0000[0m DBG [1mgithub.com/Telmate/terraform-provider-proxmox/v2/proxmox/resource_vm_qemu.go:1894[0m[36m >[0m retries will end at 2024-11-09 20:49:03.37905 +0000 GMT m=+1225.141341793 [36mloggerName=[0minitConnInfo [36mvmid=[0m201
2024/11/09 20:29:03 [INFO][getPrimaryIP] vm has a cloud-init configuration
[90mSat, 09 Nov 2024 20:29:03 +0000[0m DBG [1mgithub.com/Telmate/terraform-provider-proxmox/v2/proxmox/resource_vm_qemu.go:1893[0m[36m >[0m retrying for at most  20m0s minutes before giving up [36mloggerName=[0minitConnInfo [36mvmid=[0m202
[90mSat, 09 Nov 2024 20:29:03 +0000[0m DBG [1mgithub.com/Telmate/terraform-provider-proxmox/v2/proxmox/resource_vm_qemu.go:1937[0m[36m >[0m  vm has a cloud-init configuration [36mloggerName=[0mgetPrimaryIP [36mvmid=[0m201
2024/11/09 20:29:03 [DEBUG][initConnInfo] this is the vm configuration: 192.168.1.201 22
[90mSat, 09 Nov 2024 20:29:03 +0000[0m DBG [1mgithub.com/Telmate/terraform-provider-proxmox/v2/proxmox/resource_vm_qemu.go:1894[0m[36m >[0m retries will end at 2024-11-09 20:49:03.379222 +0000 GMT m=+1225.141513876 [36mloggerName=[0minitConnInfo [36mvmid=[0m202
[90mSat, 09 Nov 2024 20:29:03 +0000[0m DBG [1mgithub.com/Telmate/terraform-provider-proxmox/v2/proxmox/resource_vm_qemu.go:1909[0m[36m >[0m this is the vm configuration: 192.168.1.201 22 [36mloggerName=[0minitConnInfo [36mvmid=[0m201
2024/11/09 20:29:03 [INFO][getPrimaryIP] vm has a cloud-init configuration
[90mSat, 09 Nov 2024 20:29:03 +0000[0m DBG [1mgithub.com/Telmate/terraform-provider-proxmox/v2/proxmox/resource_vm_qemu.go:1937[0m[36m >[0m  vm has a cloud-init configuration [36mloggerName=[0mgetPrimaryIP [36mvmid=[0m202
2024/11/09 20:29:03 [DEBUG][initConnInfo] this is the vm configuration: 192.168.1.202 22
[90mSat, 09 Nov 2024 20:29:03 +0000[0m DBG [1mgithub.com/Telmate/terraform-provider-proxmox/v2/proxmox/resource_vm_qemu.go:1909[0m[36m >[0m this is the vm configuration: 192.168.1.202 22 [36mloggerName=[0minitConnInfo [36mvmid=[0m202
[90mSat, 09 Nov 2024 20:29:03 +0000[0m DBG [1mgithub.com/Telmate/terraform-provider-proxmox/v2/proxmox/resource_vm_qemu.go:1500[0m[36m >[0m [READ] Received Config from Proxmox API: {"agent":{"enable":true},"bios":"seabios","boot":"c","bootdisk":"scsi0","cpu":{"cores":1,"numa":false,"sockets":1,"type":"host"},"cloudinit":{"ipconfig":{"0":{"ip4":{"address":"192.168.1.201/24","gateway":"192.168.1.1"}}},"sshkeys":[" ssh-ed25519 AAAAC3NzaC1lZDI1NTE5AAAAIOLiEeOqR0KLdVZ64p94nk2fSno1jyminStrv2OPVcd2 code@paultibbetts.uk","ssh-ed25519 AAAAC3NzaC1lZDI1NTE5AAAAIPfx70ArvHPF+9U3GgKgNEAWkXSyZMun83sn9582Pl4e code@paultibbetts.uk",""],"ciupgrade":false,"userpassword":"**********"},"disks":{"scsi":{"0":{"disk":{"backup":true,"bandwidth":{"mbps":{"read":{},"write":{}},"iops":{"read":{},"write":{}}},"discard":false,"emulatessd":false,"format":"qcow2","id":1,"iothread":false,"linked":null,"readonly":false,"replicate":false,"size":10485760,"storage":"vms","wwn":""}}}},"hotplug":"network,disk,usb","memory":{"capacity":4096,"balloon":0},"name":"mysql","node":"host1","onboot":true,"pool":"","protection":false,"kvm":true,"network":{"0":{"bridge":"vmbr0","id":0,"macaddr":"F6:27:3C:63:CE:93","model":"virtio"}},"ostype":"other","scsihw":"virtio-scsi-pci","smbios1":"uuid=9ca38c0c-e91a-49ad-ac65-b890dc748150","tablet":true,"tags":["database"],"vmid":201} [36mloggerName=[0mresource_vm_read [36mvmid=[0m201
[90mSat, 09 Nov 2024 20:29:03 +0000[0m DBG [1mgithub.com/Telmate/terraform-provider-proxmox/v2/proxmox/resource_vm_qemu.go:1500[0m[36m >[0m [READ] Received Config from Proxmox API: {"agent":{"enable":true},"bios":"seabios","boot":"c","bootdisk":"scsi0","cpu":{"cores":1,"numa":false,"sockets":1,"type":"host"},"cloudinit":{"ipconfig":{"0":{"ip4":{"address":"192.168.1.202/24","gateway":"192.168.1.1"}}},"sshkeys":[" ssh-ed25519 AAAAC3NzaC1lZDI1NTE5AAAAIOLiEeOqR0KLdVZ64p94nk2fSno1jyminStrv2OPVcd2 code@paultibbetts.uk","ssh-ed25519 AAAAC3NzaC1lZDI1NTE5AAAAIPfx70ArvHPF+9U3GgKgNEAWkXSyZMun83sn9582Pl4e code@paultibbetts.uk",""],"ciupgrade":false,"userpassword":"**********"},"disks":{"scsi":{"0":{"disk":{"backup":true,"bandwidth":{"mbps":{"read":{},"write":{}},"iops":{"read":{},"write":{}}},"discard":false,"emulatessd":false,"format":"qcow2","id":1,"iothread":false,"linked":null,"readonly":false,"replicate":false,"size":10485760,"storage":"vms","wwn":""}}}},"hotplug":"network,disk,usb","memory":{"capacity":4096,"balloon":0},"name":"postgres","node":"host1","onboot":true,"pool":"","protection":false,"kvm":true,"network":{"0":{"bridge":"vmbr0","id":0,"macaddr":"76:11:B3:30:D7:39","model":"virtio"}},"ostype":"other","scsihw":"virtio-scsi-pci","smbios1":"uuid=7e467609-af97-4ea5-a398-0f8ff3edf618","tablet":true,"tags":["database"],"vmid":202} [36mloggerName=[0mresource_vm_read [36mvmid=[0m202
[90mSat, 09 Nov 2024 20:29:03 +0000[0m DBG [1mgithub.com/Telmate/terraform-provider-proxmox/v2/proxmox/resource_vm_qemu.go:1541[0m[36m >[0m key 'force_create' is set to false [36mloggerName=[0mresource_vm_read [36mvmid=[0m201
[90mSat, 09 Nov 2024 20:29:03 +0000[0m DBG [1mgithub.com/Telmate/terraform-provider-proxmox/v2/proxmox/resource_vm_qemu.go:1541[0m[36m >[0m key 'force_create' is set to false [36mloggerName=[0mresource_vm_read [36mvmid=[0m202
[90mSat, 09 Nov 2024 20:29:03 +0000[0m DBG [1mgithub.com/Telmate/terraform-provider-proxmox/v2/proxmox/resource_vm_qemu.go:1541[0m[36m >[0m key 'define_connection_info' is set to true [36mloggerName=[0mresource_vm_read [36mvmid=[0m201
[90mSat, 09 Nov 2024 20:29:03 +0000[0m DBG [1mgithub.com/Telmate/terraform-provider-proxmox/v2/proxmox/resource_vm_qemu.go:1541[0m[36m >[0m key 'define_connection_info' is set to true [36mloggerName=[0mresource_vm_read [36mvmid=[0m202
[90mSat, 09 Nov 2024 20:29:03 +0000[0m DBG [1mgithub.com/Telmate/terraform-provider-proxmox/v2/proxmox/resource_vm_qemu.go:1555[0m[36m >[0m Hostpci Block Processed 'map[]' [36mloggerName=[0mresource_vm_read [36mvmid=[0m201
[90mSat, 09 Nov 2024 20:29:03 +0000[0m DBG [1mgithub.com/Telmate/terraform-provider-proxmox/v2/proxmox/resource_vm_qemu.go:1555[0m[36m >[0m Hostpci Block Processed 'map[]' [36mloggerName=[0mresource_vm_read [36mvmid=[0m202
[90mSat, 09 Nov 2024 20:29:03 +0000[0m DBG [1mgithub.com/Telmate/terraform-provider-proxmox/v2/proxmox/resource_vm_qemu.go:1563[0m[36m >[0m Usb Block Processed 'map[]' [36mloggerName=[0mresource_vm_read [36mvmid=[0m201
[90mSat, 09 Nov 2024 20:29:03 +0000[0m DBG [1mgithub.com/Telmate/terraform-provider-proxmox/v2/proxmox/resource_vm_qemu.go:1563[0m[36m >[0m Usb Block Processed 'map[]' [36mloggerName=[0mresource_vm_read [36mvmid=[0m202
[90mSat, 09 Nov 2024 20:29:03 +0000[0m DBG [1mgithub.com/Telmate/terraform-provider-proxmox/v2/proxmox/resource_vm_qemu.go:1570[0m[36m >[0m Unused Disk Block Processed 'map[]' [36mloggerName=[0mresource_vm_read [36mvmid=[0m201
[90mSat, 09 Nov 2024 20:29:03 +0000[0m DBG [1mgithub.com/Telmate/terraform-provider-proxmox/v2/proxmox/resource_vm_qemu.go:1570[0m[36m >[0m Unused Disk Block Processed 'map[]' [36mloggerName=[0mresource_vm_read [36mvmid=[0m202
[90mSat, 09 Nov 2024 20:29:03 +0000[0m DBG [1mgithub.com/Telmate/terraform-provider-proxmox/v2/proxmox/resource_vm_qemu.go:1584[0m[36m >[0m Analyzing Network blocks  [36mloggerName=[0mresource_vm_read [36mvmid=[0m201
[90mSat, 09 Nov 2024 20:29:03 +0000[0m DBG [1mgithub.com/Telmate/terraform-provider-proxmox/v2/proxmox/resource_vm_qemu.go:1584[0m[36m >[0m Analyzing Network blocks  [36mloggerName=[0mresource_vm_read [36mvmid=[0m202
[90mSat, 09 Nov 2024 20:29:03 +0000[0m DBG [1mgithub.com/Telmate/terraform-provider-proxmox/v2/proxmox/resource_vm_qemu.go:1586[0m[36m >[0m Network block received 'map[bridge:vmbr0 id:0 macaddr:F6:27:3C:63:CE:93 model:virtio]' [36mloggerName=[0mresource_vm_read [36mvmid=[0m201
[90mSat, 09 Nov 2024 20:29:03 +0000[0m DBG [1mgithub.com/Telmate/terraform-provider-proxmox/v2/proxmox/resource_vm_qemu.go:1586[0m[36m >[0m Network block received 'map[bridge:vmbr0 id:0 macaddr:76:11:B3:30:D7:39 model:virtio]' [36mloggerName=[0mresource_vm_read [36mvmid=[0m202
[90mSat, 09 Nov 2024 20:29:03 +0000[0m DBG [1mgithub.com/Telmate/terraform-provider-proxmox/v2/proxmox/resource_vm_qemu.go:1617[0m[36m >[0m VM Net Config 'map[0:map[bridge:vmbr0 id:0 macaddr:76:11:B3:30:D7:39 model:virtio tag:-1]]' from '[map[bridge:vmbr0 macaddr:76:11:B3:30:D7:39 model:virtio tag:-1]]' set as '[map[bridge:vmbr0 firewall:false link_down:false macaddr:76:11:B3:30:D7:39 model:virtio mtu:0 queues:0 rate:0 tag:-1]]' type of 'string' [36mloggerName=[0mresource_vm_read [36mvmid=[0m202
[90mSat, 09 Nov 2024 20:29:03 +0000[0m DBG [1mgithub.com/Telmate/terraform-provider-proxmox/v2/proxmox/resource_vm_qemu.go:1617[0m[36m >[0m VM Net Config 'map[0:map[bridge:vmbr0 id:0 macaddr:F6:27:3C:63:CE:93 model:virtio tag:-1]]' from '[map[bridge:vmbr0 macaddr:F6:27:3C:63:CE:93 model:virtio tag:-1]]' set as '[map[bridge:vmbr0 firewall:false link_down:false macaddr:F6:27:3C:63:CE:93 model:virtio mtu:0 queues:0 rate:0 tag:-1]]' type of 'string' [36mloggerName=[0mresource_vm_read [36mvmid=[0m201
[90mSat, 09 Nov 2024 20:29:03 +0000[0m DBG [1mgithub.com/Telmate/terraform-provider-proxmox/v2/proxmox/resource_vm_qemu.go:1619[0m[36m >[0m Finished VM read resulting in data: '' [36mloggerName=[0mresource_vm_read [36mvmid=[0m202
[90mSat, 09 Nov 2024 20:29:03 +0000[0m DBG [1mgithub.com/Telmate/terraform-provider-proxmox/v2/proxmox/resource_vm_qemu.go:1619[0m[36m >[0m Finished VM read resulting in data: '' [36mloggerName=[0mresource_vm_read [36mvmid=[0m201
[90mSat, 09 Nov 2024 20:29:10 +0000[0m [32mINF[0m [1mgithub.com/Telmate/terraform-provider-proxmox/v2/proxmox/util.go:158[0m[36m >[0m [1mEnabling the capture of log-library logs as ithe _capturelog flag was detected[0m
[90mSat, 09 Nov 2024 20:29:10 +0000[0m [32mINF[0m [1mgithub.com/Telmate/terraform-provider-proxmox/v2/proxmox/util.go:191[0m[36m >[0m [1mLogging Started. Root Logger Set to level debug[0m
[90mSat, 09 Nov 2024 20:29:10 +0000[0m [32mINF[0m [1mgithub.com/Telmate/terraform-provider-proxmox/v2/proxmox/resource_vm_qemu.go:1432[0m[36m >[0m [1mReading configuration for vmid[0m [36mloggerName=[0mresource_vm_read [36mvmid=[0m201
[90mSat, 09 Nov 2024 20:29:10 +0000[0m [32mINF[0m [1mgithub.com/Telmate/terraform-provider-proxmox/v2/proxmox/resource_vm_qemu.go:1432[0m[36m >[0m [1mReading configuration for vmid[0m [36mloggerName=[0mresource_vm_read [36mvmid=[0m202
2024/11/09 20:29:10 >>>>>>>>>> REQUEST:
GET /api2/json/cluster/resources?type=vm HTTP/1.1
Host: 192.168.1.131:8006
User-Agent: Go-http-client/1.1
Accept: application/json
Authorization: PVEAPIToken=tf@pam!terraform_token_id=0b313fa7-e5ef-451a-92c6-d30e11e4e84a
Accept-Encoding: gzip

2024/11/09 20:29:10 >>>>>>>>>> REQUEST:
GET /api2/json/cluster/resources?type=vm HTTP/1.1
Host: 192.168.1.131:8006
User-Agent: Go-http-client/1.1
Accept: application/json
Authorization: PVEAPIToken=tf@pam!terraform_token_id=0b313fa7-e5ef-451a-92c6-d30e11e4e84a
Accept-Encoding: gzip

2024/11/09 20:29:10 <<<<<<<<<< RESULT:
HTTP/1.1 200 OK
Content-Length: 817
Cache-Control: max-age=0
Connection: Keep-Alive
Content-Type: application/json;charset=UTF-8
Date: Sat, 09 Nov 2024 20:29:10 GMT
Expires: Sat, 09 Nov 2024 20:29:10 GMT
Pragma: no-cache
Server: pve-api-daemon/3.0

{"data":[{"disk":0,"tags":"database","diskwrite":0,"maxcpu":1,"template":0,"node":"host1","name":"mysql","maxmem":4294967296,"id":"qemu/201","netout":0,"mem":38622359,"diskread":0,"vmid":201,"cpu":0,"uptime":2,"status":"running","netin":60,"maxdisk":10737418240,"type":"qemu"},{"id":"qemu/202","netout":0,"mem":39024700,"diskread":0,"uptime":2,"cpu":0,"vmid":202,"status":"running","netin":60,"type":"qemu","maxdisk":10737418240,"disk":0,"diskwrite":0,"maxcpu":1,"tags":"database","template":0,"node":"host1","name":"postgres","maxmem":4294967296},{"mem":0,"diskread":0,"netout":0,"id":"qemu/9000","type":"qemu","maxdisk":3758096384,"netin":0,"status":"stopped","vmid":9000,"uptime":0,"cpu":0,"template":1,"node":"host1","maxcpu":2,"diskwrite":0,"disk":0,"name":"ubuntu-2404-cloudinit-template","maxmem":2147483648}]}
2024/11/09 20:29:10 >>>>>>>>>> REQUEST:
GET /api2/json/nodes/host1/qemu/201/config HTTP/1.1
Host: 192.168.1.131:8006
User-Agent: Go-http-client/1.1
Accept: application/json
Authorization: PVEAPIToken=tf@pam!terraform_token_id=0b313fa7-e5ef-451a-92c6-d30e11e4e84a
Accept-Encoding: gzip

2024/11/09 20:29:10 <<<<<<<<<< RESULT:
HTTP/1.1 200 OK
Content-Length: 817
Cache-Control: max-age=0
Connection: Keep-Alive
Content-Type: application/json;charset=UTF-8
Date: Sat, 09 Nov 2024 20:29:11 GMT
Expires: Sat, 09 Nov 2024 20:29:11 GMT
Pragma: no-cache
Server: pve-api-daemon/3.0

{"data":[{"mem":38622359,"diskread":0,"netout":0,"id":"qemu/201","maxdisk":10737418240,"type":"qemu","netin":60,"status":"running","vmid":201,"uptime":2,"cpu":0,"node":"host1","template":0,"tags":"database","maxcpu":1,"diskwrite":0,"disk":0,"name":"mysql","maxmem":4294967296},{"netout":0,"mem":39024700,"diskread":0,"id":"qemu/202","netin":60,"maxdisk":10737418240,"type":"qemu","vmid":202,"uptime":2,"cpu":0,"status":"running","template":0,"node":"host1","disk":0,"tags":"database","diskwrite":0,"maxcpu":1,"name":"postgres","maxmem":4294967296},{"maxmem":2147483648,"name":"ubuntu-2404-cloudinit-template","maxcpu":2,"diskwrite":0,"disk":0,"template":1,"node":"host1","status":"stopped","cpu":0,"uptime":0,"vmid":9000,"type":"qemu","maxdisk":3758096384,"netin":0,"id":"qemu/9000","mem":0,"diskread":0,"netout":0}]}
2024/11/09 20:29:10 >>>>>>>>>> REQUEST:
GET /api2/json/nodes/host1/qemu/202/config HTTP/1.1
Host: 192.168.1.131:8006
User-Agent: Go-http-client/1.1
Accept: application/json
Authorization: PVEAPIToken=tf@pam!terraform_token_id=0b313fa7-e5ef-451a-92c6-d30e11e4e84a
Accept-Encoding: gzip

2024/11/09 20:29:11 <<<<<<<<<< RESULT:
HTTP/1.1 200 OK
Content-Length: 930
Cache-Control: max-age=0
Connection: Keep-Alive
Content-Type: application/json;charset=UTF-8
Date: Sat, 09 Nov 2024 20:29:11 GMT
Expires: Sat, 09 Nov 2024 20:29:11 GMT
Pragma: no-cache
Server: pve-api-daemon/3.0

{"data":{"cipassword":"**********","ciupgrade":0,"bootdisk":"scsi0","boot":"c","balloon":0,"scsi0":"vms:201/vm-201-disk-1.qcow2,replicate=0,size=10G","protection":0,"meta":"creation-qemu=8.0.2,ctime=1731179948","cpu":"host","kvm":1,"tags":"database","sockets":1,"name":"mysql","memory":"4096","tablet":1,"smbios1":"uuid=9ca38c0c-e91a-49ad-ac65-b890dc748150","onboot":1,"agent":"1","numa":0,"vmgenid":"d6068462-b8e9-4c94-a15a-1e72cc43ab92","cicustom":" ","ipconfig0":"ip=192.168.1.201/24,gw=192.168.1.1","scsihw":"virtio-scsi-pci","net0":"virtio=F6:27:3C:63:CE:93,bridge=vmbr0","bios":"seabios","cores":1,"sshkeys":"%20ssh-ed25519%20AAAAC3NzaC1lZDI1NTE5AAAAIOLiEeOqR0KLdVZ64p94nk2fSno1jyminStrv2OPVcd2%20code%40paultibbetts.uk%0Assh-ed25519%20AAAAC3NzaC1lZDI1NTE5AAAAIPfx70ArvHPF%2B9U3GgKgNEAWkXSyZMun83sn9582Pl4e%20code%40paultibbetts.uk%0A%0A%0A","hotplug":"network,disk,usb","digest":"d0fef02c6e8bfca0ad63699227d1d6d2fd556afb"}}
2024/11/09 20:29:11 >>>>>>>>>> REQUEST:
GET /api2/json/cluster/resources?type=vm HTTP/1.1
Host: 192.168.1.131:8006
User-Agent: Go-http-client/1.1
Accept: application/json
Authorization: PVEAPIToken=tf@pam!terraform_token_id=0b313fa7-e5ef-451a-92c6-d30e11e4e84a
Accept-Encoding: gzip

2024/11/09 20:29:11 <<<<<<<<<< RESULT:
HTTP/1.1 200 OK
Content-Length: 933
Cache-Control: max-age=0
Connection: Keep-Alive
Content-Type: application/json;charset=UTF-8
Date: Sat, 09 Nov 2024 20:29:11 GMT
Expires: Sat, 09 Nov 2024 20:29:11 GMT
Pragma: no-cache
Server: pve-api-daemon/3.0

{"data":{"scsi0":"vms:202/vm-202-disk-1.qcow2,replicate=0,size=10G","boot":"c","balloon":0,"cpu":"host","meta":"creation-qemu=8.0.2,ctime=1731179948","protection":0,"bootdisk":"scsi0","ciupgrade":0,"cipassword":"**********","tablet":1,"sockets":1,"name":"postgres","memory":"4096","onboot":1,"smbios1":"uuid=7e467609-af97-4ea5-a398-0f8ff3edf618","kvm":1,"tags":"database","cicustom":" ","net0":"virtio=76:11:B3:30:D7:39,bridge=vmbr0","ipconfig0":"ip=192.168.1.202/24,gw=192.168.1.1","scsihw":"virtio-scsi-pci","agent":"1","vmgenid":"8c2d1289-7075-42b0-8cff-5f503e8f8fc3","numa":0,"digest":"187a85cfdee50f379cab3fdba49355a2737c862b","cores":1,"bios":"seabios","sshkeys":"%20ssh-ed25519%20AAAAC3NzaC1lZDI1NTE5AAAAIOLiEeOqR0KLdVZ64p94nk2fSno1jyminStrv2OPVcd2%20code%40paultibbetts.uk%0Assh-ed25519%20AAAAC3NzaC1lZDI1NTE5AAAAIPfx70ArvHPF%2B9U3GgKgNEAWkXSyZMun83sn9582Pl4e%20code%40paultibbetts.uk%0A%0A%0A","hotplug":"network,disk,usb"}}
2024/11/09 20:29:11 >>>>>>>>>> REQUEST:
GET /api2/json/cluster/resources?type=vm HTTP/1.1
Host: 192.168.1.131:8006
User-Agent: Go-http-client/1.1
Accept: application/json
Authorization: PVEAPIToken=tf@pam!terraform_token_id=0b313fa7-e5ef-451a-92c6-d30e11e4e84a
Accept-Encoding: gzip

2024/11/09 20:29:11 <<<<<<<<<< RESULT:
HTTP/1.1 200 OK
Content-Length: 817
Cache-Control: max-age=0
Connection: Keep-Alive
Content-Type: application/json;charset=UTF-8
Date: Sat, 09 Nov 2024 20:29:11 GMT
Expires: Sat, 09 Nov 2024 20:29:11 GMT
Pragma: no-cache
Server: pve-api-daemon/3.0

{"data":[{"netin":60,"maxdisk":10737418240,"type":"qemu","vmid":201,"uptime":2,"cpu":0,"status":"running","netout":0,"diskread":0,"mem":38622359,"id":"qemu/201","maxmem":4294967296,"name":"mysql","template":0,"node":"host1","disk":0,"tags":"database","maxcpu":1,"diskwrite":0},{"maxdisk":10737418240,"type":"qemu","netin":60,"status":"running","cpu":0,"uptime":2,"vmid":202,"mem":39024700,"diskread":0,"netout":0,"id":"qemu/202","name":"postgres","maxmem":4294967296,"node":"host1","template":0,"maxcpu":1,"diskwrite":0,"tags":"database","disk":0},{"name":"ubuntu-2404-cloudinit-template","maxmem":2147483648,"template":1,"node":"host1","disk":0,"diskwrite":0,"maxcpu":2,"netin":0,"type":"qemu","maxdisk":3758096384,"vmid":9000,"uptime":0,"cpu":0,"status":"stopped","netout":0,"diskread":0,"mem":0,"id":"qemu/9000"}]}
2024/11/09 20:29:11 >>>>>>>>>> REQUEST:
GET /api2/json/cluster/ha/resources/201 HTTP/1.1
Host: 192.168.1.131:8006
User-Agent: Go-http-client/1.1
Accept: application/json
Authorization: PVEAPIToken=tf@pam!terraform_token_id=0b313fa7-e5ef-451a-92c6-d30e11e4e84a
Accept-Encoding: gzip

2024/11/09 20:29:11 <<<<<<<<<< RESULT:
HTTP/1.1 200 OK
Content-Length: 817
Cache-Control: max-age=0
Connection: Keep-Alive
Content-Type: application/json;charset=UTF-8
Date: Sat, 09 Nov 2024 20:29:11 GMT
Expires: Sat, 09 Nov 2024 20:29:11 GMT
Pragma: no-cache
Server: pve-api-daemon/3.0

{"data":[{"disk":0,"diskwrite":0,"maxcpu":1,"tags":"database","template":0,"node":"host1","name":"mysql","maxmem":4294967296,"id":"qemu/201","netout":0,"mem":38622359,"diskread":0,"cpu":0,"uptime":2,"vmid":201,"status":"running","netin":60,"type":"qemu","maxdisk":10737418240},{"name":"postgres","maxmem":4294967296,"template":0,"node":"host1","tags":"database","maxcpu":1,"diskwrite":0,"disk":0,"maxdisk":10737418240,"type":"qemu","netin":60,"status":"running","vmid":202,"uptime":2,"cpu":0,"mem":39024700,"diskread":0,"netout":0,"id":"qemu/202"},{"id":"qemu/9000","netout":0,"mem":0,"diskread":0,"cpu":0,"uptime":0,"vmid":9000,"status":"stopped","netin":0,"type":"qemu","maxdisk":3758096384,"disk":0,"diskwrite":0,"maxcpu":2,"template":1,"node":"host1","maxmem":2147483648,"name":"ubuntu-2404-cloudinit-template"}]}
2024/11/09 20:29:11 >>>>>>>>>> REQUEST:
GET /api2/json/cluster/ha/resources/202 HTTP/1.1
Host: 192.168.1.131:8006
User-Agent: Go-http-client/1.1
Accept: application/json
Authorization: PVEAPIToken=tf@pam!terraform_token_id=0b313fa7-e5ef-451a-92c6-d30e11e4e84a
Accept-Encoding: gzip

2024/11/09 20:29:11 <<<<<<<<<< RESULT:
HTTP/1.1 500 no such resource 'vm:201'
Connection: close
Content-Length: 13
Cache-Control: max-age=0
Content-Type: application/json;charset=UTF-8
Date: Sat, 09 Nov 2024 20:29:11 GMT
Expires: Sat, 09 Nov 2024 20:29:11 GMT
Pragma: no-cache
Server: pve-api-daemon/3.0

{"data":null}
2024/11/09 20:29:11 >>>>>>>>>> REQUEST:
GET /api2/json/nodes/host1/qemu/201/status/current HTTP/1.1
Host: 192.168.1.131:8006
User-Agent: Go-http-client/1.1
Accept: application/json
Authorization: PVEAPIToken=tf@pam!terraform_token_id=0b313fa7-e5ef-451a-92c6-d30e11e4e84a
Accept-Encoding: gzip

2024/11/09 20:29:11 <<<<<<<<<< RESULT:
HTTP/1.1 500 no such resource 'vm:202'
Connection: close
Content-Length: 13
Cache-Control: max-age=0
Content-Type: application/json;charset=UTF-8
Date: Sat, 09 Nov 2024 20:29:11 GMT
Expires: Sat, 09 Nov 2024 20:29:11 GMT
Pragma: no-cache
Server: pve-api-daemon/3.0

{"data":null}
2024/11/09 20:29:11 >>>>>>>>>> REQUEST:
GET /api2/json/nodes/host1/qemu/202/status/current HTTP/1.1
Host: 192.168.1.131:8006
User-Agent: Go-http-client/1.1
Accept: application/json
Authorization: PVEAPIToken=tf@pam!terraform_token_id=0b313fa7-e5ef-451a-92c6-d30e11e4e84a
Accept-Encoding: gzip

2024/11/09 20:29:11 <<<<<<<<<< RESULT:
HTTP/1.1 200 OK
Connection: close
Content-Length: 1497
Cache-Control: max-age=0
Content-Type: application/json;charset=UTF-8
Date: Sat, 09 Nov 2024 20:29:11 GMT
Expires: Sat, 09 Nov 2024 20:29:11 GMT
Pragma: no-cache
Server: pve-api-daemon/3.0

{"data":{"status":"running","proxmox-support":{"backup-fleecing":true,"pbs-dirty-bitmap-savevm":true,"pbs-dirty-bitmap":true,"backup-max-workers":true,"pbs-dirty-bitmap-migration":true,"query-bitmap-info":true,"pbs-masterkey":true,"pbs-library-version":"1.4.1 (UNKNOWN)"},"netout":0,"tags":"database","cpus":1,"maxdisk":10737418240,"running-qemu":"9.0.2","running-machine":"pc-i440fx-9.0+pve0","agent":1,"pid":23123,"qmpstatus":"running","ha":{"managed":0},"name":"mysql","blockstat":{"scsi0":{"timed_stats":[],"invalid_flush_operations":0,"rd_merged":0,"account_failed":true,"zone_append_bytes":0,"zone_append_total_time_ns":0,"wr_highest_offset":2418655232,"wr_operations":81,"invalid_unmap_operations":0,"unmap_operations":17,"flush_total_time_ns":91682824,"account_invalid":true,"unmap_bytes":6955008,"rd_total_time_ns":487562296,"invalid_rd_operations":0,"wr_bytes":1330688,"zone_append_operations":0,"rd_bytes":203941376,"unmap_merged":0,"idle_time_ns":2662255985,"invalid_wr_operations":0,"wr_total_time_ns":5432759,"rd_operations":6747,"invalid_zone_append_operations":0,"failed_zone_append_operations":0,"zone_append_merged":0,"unmap_total_time_ns":80972,"flush_operations":56,"failed_unmap_operations":0,"failed_wr_operations":0,"failed_rd_operations":0,"wr_merged":0,"failed_flush_operations":0}},"cpu":0.403474306032799,"nics":{"tap201i0":{"netout":0,"netin":60}},"disk":0,"mem":623887858,"vmid":201,"netin":60,"maxmem":4294967296,"uptime":10,"diskwrite":1330688,"diskread":203941376}}
2024/11/09 20:29:11 [DEBUG] VM status: running
2024/11/09 20:29:11 [DEBUG] VM is running, checking the IP
2024/11/09 20:29:11 [INFO][initConnInfo] trying to get vm ip address for provisioner
[90mSat, 09 Nov 2024 20:29:11 +0000[0m [32mINF[0m [1mgithub.com/Telmate/terraform-provider-proxmox/v2/proxmox/resource_vm_qemu.go:1886[0m[36m >[0m [1mtrying to get vm ip address for provisioner[0m [36mloggerName=[0minitConnInfo [36mvmid=[0m201
2024/11/09 20:29:11 [DEBUG][initConnInfo] retrying for at most  20m0s minutes before giving up
2024/11/09 20:29:11 [DEBUG][initConnInfo] retries will end at 2024-11-09 20:49:11.129011 +0000 GMT m=+1200.368258251
[90mSat, 09 Nov 2024 20:29:11 +0000[0m DBG [1mgithub.com/Telmate/terraform-provider-proxmox/v2/proxmox/resource_vm_qemu.go:1893[0m[36m >[0m retrying for at most  20m0s minutes before giving up [36mloggerName=[0minitConnInfo [36mvmid=[0m201
[90mSat, 09 Nov 2024 20:29:11 +0000[0m DBG [1mgithub.com/Telmate/terraform-provider-proxmox/v2/proxmox/resource_vm_qemu.go:1894[0m[36m >[0m retries will end at 2024-11-09 20:49:11.129011 +0000 GMT m=+1200.368258251 [36mloggerName=[0minitConnInfo [36mvmid=[0m201
2024/11/09 20:29:11 [INFO][getPrimaryIP] vm has a cloud-init configuration
[90mSat, 09 Nov 2024 20:29:11 +0000[0m DBG [1mgithub.com/Telmate/terraform-provider-proxmox/v2/proxmox/resource_vm_qemu.go:1937[0m[36m >[0m  vm has a cloud-init configuration [36mloggerName=[0mgetPrimaryIP [36mvmid=[0m201
2024/11/09 20:29:11 [DEBUG][initConnInfo] this is the vm configuration: 192.168.1.201 22
[90mSat, 09 Nov 2024 20:29:11 +0000[0m DBG [1mgithub.com/Telmate/terraform-provider-proxmox/v2/proxmox/resource_vm_qemu.go:1909[0m[36m >[0m this is the vm configuration: 192.168.1.201 22 [36mloggerName=[0minitConnInfo [36mvmid=[0m201
[90mSat, 09 Nov 2024 20:29:11 +0000[0m DBG [1mgithub.com/Telmate/terraform-provider-proxmox/v2/proxmox/resource_vm_qemu.go:1500[0m[36m >[0m [READ] Received Config from Proxmox API: {"agent":{"enable":true},"bios":"seabios","boot":"c","bootdisk":"scsi0","cpu":{"cores":1,"numa":false,"sockets":1,"type":"host"},"cloudinit":{"ipconfig":{"0":{"ip4":{"address":"192.168.1.201/24","gateway":"192.168.1.1"}}},"sshkeys":[" ssh-ed25519 AAAAC3NzaC1lZDI1NTE5AAAAIOLiEeOqR0KLdVZ64p94nk2fSno1jyminStrv2OPVcd2 code@paultibbetts.uk","ssh-ed25519 AAAAC3NzaC1lZDI1NTE5AAAAIPfx70ArvHPF+9U3GgKgNEAWkXSyZMun83sn9582Pl4e code@paultibbetts.uk",""],"ciupgrade":false,"userpassword":"**********"},"disks":{"scsi":{"0":{"disk":{"backup":true,"bandwidth":{"mbps":{"read":{},"write":{}},"iops":{"read":{},"write":{}}},"discard":false,"emulatessd":false,"format":"qcow2","id":1,"iothread":false,"linked":null,"readonly":false,"replicate":false,"size":10485760,"storage":"vms","wwn":""}}}},"hotplug":"network,disk,usb","memory":{"capacity":4096,"balloon":0},"name":"mysql","node":"host1","onboot":true,"pool":"","protection":false,"kvm":true,"network":{"0":{"bridge":"vmbr0","id":0,"macaddr":"F6:27:3C:63:CE:93","model":"virtio"}},"ostype":"other","scsihw":"virtio-scsi-pci","smbios1":"uuid=9ca38c0c-e91a-49ad-ac65-b890dc748150","tablet":true,"tags":["database"],"vmid":201} [36mloggerName=[0mresource_vm_read [36mvmid=[0m201
[90mSat, 09 Nov 2024 20:29:11 +0000[0m DBG [1mgithub.com/Telmate/terraform-provider-proxmox/v2/proxmox/resource_vm_qemu.go:1541[0m[36m >[0m key 'force_create' is set to false [36mloggerName=[0mresource_vm_read [36mvmid=[0m201
[90mSat, 09 Nov 2024 20:29:11 +0000[0m DBG [1mgithub.com/Telmate/terraform-provider-proxmox/v2/proxmox/resource_vm_qemu.go:1541[0m[36m >[0m key 'define_connection_info' is set to true [36mloggerName=[0mresource_vm_read [36mvmid=[0m201
[90mSat, 09 Nov 2024 20:29:11 +0000[0m DBG [1mgithub.com/Telmate/terraform-provider-proxmox/v2/proxmox/resource_vm_qemu.go:1555[0m[36m >[0m Hostpci Block Processed 'map[]' [36mloggerName=[0mresource_vm_read [36mvmid=[0m201
[90mSat, 09 Nov 2024 20:29:11 +0000[0m DBG [1mgithub.com/Telmate/terraform-provider-proxmox/v2/proxmox/resource_vm_qemu.go:1563[0m[36m >[0m Usb Block Processed 'map[]' [36mloggerName=[0mresource_vm_read [36mvmid=[0m201
[90mSat, 09 Nov 2024 20:29:11 +0000[0m DBG [1mgithub.com/Telmate/terraform-provider-proxmox/v2/proxmox/resource_vm_qemu.go:1570[0m[36m >[0m Unused Disk Block Processed 'map[]' [36mloggerName=[0mresource_vm_read [36mvmid=[0m201
[90mSat, 09 Nov 2024 20:29:11 +0000[0m DBG [1mgithub.com/Telmate/terraform-provider-proxmox/v2/proxmox/resource_vm_qemu.go:1584[0m[36m >[0m Analyzing Network blocks  [36mloggerName=[0mresource_vm_read [36mvmid=[0m201
[90mSat, 09 Nov 2024 20:29:11 +0000[0m DBG [1mgithub.com/Telmate/terraform-provider-proxmox/v2/proxmox/resource_vm_qemu.go:1586[0m[36m >[0m Network block received 'map[bridge:vmbr0 id:0 macaddr:F6:27:3C:63:CE:93 model:virtio]' [36mloggerName=[0mresource_vm_read [36mvmid=[0m201
[90mSat, 09 Nov 2024 20:29:11 +0000[0m DBG [1mgithub.com/Telmate/terraform-provider-proxmox/v2/proxmox/resource_vm_qemu.go:1617[0m[36m >[0m VM Net Config 'map[0:map[bridge:vmbr0 id:0 macaddr:F6:27:3C:63:CE:93 model:virtio tag:-1]]' from '[map[bridge:vmbr0 macaddr:F6:27:3C:63:CE:93 model:virtio tag:-1]]' set as '[map[bridge:vmbr0 firewall:false link_down:false macaddr:F6:27:3C:63:CE:93 model:virtio mtu:0 queues:0 rate:0 tag:-1]]' type of 'string' [36mloggerName=[0mresource_vm_read [36mvmid=[0m201
[90mSat, 09 Nov 2024 20:29:11 +0000[0m DBG [1mgithub.com/Telmate/terraform-provider-proxmox/v2/proxmox/resource_vm_qemu.go:1619[0m[36m >[0m Finished VM read resulting in data: '' [36mloggerName=[0mresource_vm_read [36mvmid=[0m201
2024/11/09 20:29:11 <<<<<<<<<< RESULT:
HTTP/1.1 200 OK
Connection: close
Content-Length: 1484
Cache-Control: max-age=0
Content-Type: application/json;charset=UTF-8
Date: Sat, 09 Nov 2024 20:29:11 GMT
Expires: Sat, 09 Nov 2024 20:29:11 GMT
Pragma: no-cache
Server: pve-api-daemon/3.0

{"data":{"agent":1,"running-machine":"pc-i440fx-9.0+pve0","running-qemu":"9.0.2","blockstat":{"scsi0":{"failed_wr_operations":0,"failed_flush_operations":0,"failed_rd_operations":0,"wr_merged":0,"zone_append_merged":0,"unmap_total_time_ns":117905,"rd_operations":6745,"invalid_zone_append_operations":0,"failed_zone_append_operations":0,"failed_unmap_operations":0,"flush_operations":56,"invalid_wr_operations":0,"wr_total_time_ns":6065664,"rd_bytes":204183040,"idle_time_ns":2754207865,"unmap_merged":0,"invalid_rd_operations":0,"wr_bytes":1326592,"zone_append_operations":0,"rd_total_time_ns":454134318,"unmap_bytes":6955008,"invalid_unmap_operations":0,"unmap_operations":17,"wr_highest_offset":2418655232,"wr_operations":81,"account_invalid":true,"flush_total_time_ns":91352822,"timed_stats":[],"invalid_flush_operations":0,"account_failed":true,"zone_append_total_time_ns":0,"zone_append_bytes":0,"rd_merged":0}},"name":"postgres","qmpstatus":"running","ha":{"managed":0},"pid":23138,"status":"running","maxdisk":10737418240,"cpus":1,"proxmox-support":{"pbs-dirty-bitmap-savevm":true,"backup-fleecing":true,"backup-max-workers":true,"pbs-dirty-bitmap":true,"pbs-dirty-bitmap-migration":true,"pbs-masterkey":true,"query-bitmap-info":true,"pbs-library-version":"1.4.1 (UNKNOWN)"},"tags":"database","netout":0,"maxmem":4294967296,"netin":60,"diskread":204183040,"diskwrite":1326592,"uptime":9,"mem":631940100,"disk":0,"vmid":202,"cpu":0,"nics":{"tap202i0":{"netout":0,"netin":60}}}}
2024/11/09 20:29:11 [DEBUG] VM status: running
2024/11/09 20:29:11 [DEBUG] VM is running, checking the IP
2024/11/09 20:29:11 [INFO][initConnInfo] trying to get vm ip address for provisioner
[90mSat, 09 Nov 2024 20:29:11 +0000[0m [32mINF[0m [1mgithub.com/Telmate/terraform-provider-proxmox/v2/proxmox/resource_vm_qemu.go:1886[0m[36m >[0m [1mtrying to get vm ip address for provisioner[0m [36mloggerName=[0minitConnInfo [36mvmid=[0m202
2024/11/09 20:29:11 [DEBUG][initConnInfo] retrying for at most  20m0s minutes before giving up
2024/11/09 20:29:11 [DEBUG][initConnInfo] retries will end at 2024-11-09 20:49:11.137335 +0000 GMT m=+1200.376582126
[90mSat, 09 Nov 2024 20:29:11 +0000[0m DBG [1mgithub.com/Telmate/terraform-provider-proxmox/v2/proxmox/resource_vm_qemu.go:1893[0m[36m >[0m retrying for at most  20m0s minutes before giving up [36mloggerName=[0minitConnInfo [36mvmid=[0m202
[90mSat, 09 Nov 2024 20:29:11 +0000[0m DBG [1mgithub.com/Telmate/terraform-provider-proxmox/v2/proxmox/resource_vm_qemu.go:1894[0m[36m >[0m retries will end at 2024-11-09 20:49:11.137335 +0000 GMT m=+1200.376582126 [36mloggerName=[0minitConnInfo [36mvmid=[0m202
2024/11/09 20:29:11 [INFO][getPrimaryIP] vm has a cloud-init configuration
[90mSat, 09 Nov 2024 20:29:11 +0000[0m DBG [1mgithub.com/Telmate/terraform-provider-proxmox/v2/proxmox/resource_vm_qemu.go:1937[0m[36m >[0m  vm has a cloud-init configuration [36mloggerName=[0mgetPrimaryIP [36mvmid=[0m202
2024/11/09 20:29:11 [DEBUG][initConnInfo] this is the vm configuration: 192.168.1.202 22
[90mSat, 09 Nov 2024 20:29:11 +0000[0m DBG [1mgithub.com/Telmate/terraform-provider-proxmox/v2/proxmox/resource_vm_qemu.go:1909[0m[36m >[0m this is the vm configuration: 192.168.1.202 22 [36mloggerName=[0minitConnInfo [36mvmid=[0m202
[90mSat, 09 Nov 2024 20:29:11 +0000[0m DBG [1mgithub.com/Telmate/terraform-provider-proxmox/v2/proxmox/resource_vm_qemu.go:1500[0m[36m >[0m [READ] Received Config from Proxmox API: {"agent":{"enable":true},"bios":"seabios","boot":"c","bootdisk":"scsi0","cpu":{"cores":1,"numa":false,"sockets":1,"type":"host"},"cloudinit":{"ipconfig":{"0":{"ip4":{"address":"192.168.1.202/24","gateway":"192.168.1.1"}}},"sshkeys":[" ssh-ed25519 AAAAC3NzaC1lZDI1NTE5AAAAIOLiEeOqR0KLdVZ64p94nk2fSno1jyminStrv2OPVcd2 code@paultibbetts.uk","ssh-ed25519 AAAAC3NzaC1lZDI1NTE5AAAAIPfx70ArvHPF+9U3GgKgNEAWkXSyZMun83sn9582Pl4e code@paultibbetts.uk",""],"ciupgrade":false,"userpassword":"**********"},"disks":{"scsi":{"0":{"disk":{"backup":true,"bandwidth":{"mbps":{"read":{},"write":{}},"iops":{"read":{},"write":{}}},"discard":false,"emulatessd":false,"format":"qcow2","id":1,"iothread":false,"linked":null,"readonly":false,"replicate":false,"size":10485760,"storage":"vms","wwn":""}}}},"hotplug":"network,disk,usb","memory":{"capacity":4096,"balloon":0},"name":"postgres","node":"host1","onboot":true,"pool":"","protection":false,"kvm":true,"network":{"0":{"bridge":"vmbr0","id":0,"macaddr":"76:11:B3:30:D7:39","model":"virtio"}},"ostype":"other","scsihw":"virtio-scsi-pci","smbios1":"uuid=7e467609-af97-4ea5-a398-0f8ff3edf618","tablet":true,"tags":["database"],"vmid":202} [36mloggerName=[0mresource_vm_read [36mvmid=[0m202
[90mSat, 09 Nov 2024 20:29:11 +0000[0m DBG [1mgithub.com/Telmate/terraform-provider-proxmox/v2/proxmox/resource_vm_qemu.go:1541[0m[36m >[0m key 'force_create' is set to false [36mloggerName=[0mresource_vm_read [36mvmid=[0m202
[90mSat, 09 Nov 2024 20:29:11 +0000[0m DBG [1mgithub.com/Telmate/terraform-provider-proxmox/v2/proxmox/resource_vm_qemu.go:1541[0m[36m >[0m key 'define_connection_info' is set to true [36mloggerName=[0mresource_vm_read [36mvmid=[0m202
[90mSat, 09 Nov 2024 20:29:11 +0000[0m DBG [1mgithub.com/Telmate/terraform-provider-proxmox/v2/proxmox/resource_vm_qemu.go:1555[0m[36m >[0m Hostpci Block Processed 'map[]' [36mloggerName=[0mresource_vm_read [36mvmid=[0m202
[90mSat, 09 Nov 2024 20:29:11 +0000[0m DBG [1mgithub.com/Telmate/terraform-provider-proxmox/v2/proxmox/resource_vm_qemu.go:1563[0m[36m >[0m Usb Block Processed 'map[]' [36mloggerName=[0mresource_vm_read [36mvmid=[0m202
[90mSat, 09 Nov 2024 20:29:11 +0000[0m DBG [1mgithub.com/Telmate/terraform-provider-proxmox/v2/proxmox/resource_vm_qemu.go:1570[0m[36m >[0m Unused Disk Block Processed 'map[]' [36mloggerName=[0mresource_vm_read [36mvmid=[0m202
[90mSat, 09 Nov 2024 20:29:11 +0000[0m DBG [1mgithub.com/Telmate/terraform-provider-proxmox/v2/proxmox/resource_vm_qemu.go:1584[0m[36m >[0m Analyzing Network blocks  [36mloggerName=[0mresource_vm_read [36mvmid=[0m202
[90mSat, 09 Nov 2024 20:29:11 +0000[0m DBG [1mgithub.com/Telmate/terraform-provider-proxmox/v2/proxmox/resource_vm_qemu.go:1586[0m[36m >[0m Network block received 'map[bridge:vmbr0 id:0 macaddr:76:11:B3:30:D7:39 model:virtio]' [36mloggerName=[0mresource_vm_read [36mvmid=[0m202
[90mSat, 09 Nov 2024 20:29:11 +0000[0m DBG [1mgithub.com/Telmate/terraform-provider-proxmox/v2/proxmox/resource_vm_qemu.go:1617[0m[36m >[0m VM Net Config 'map[0:map[bridge:vmbr0 id:0 macaddr:76:11:B3:30:D7:39 model:virtio tag:-1]]' from '[map[bridge:vmbr0 macaddr:76:11:B3:30:D7:39 model:virtio tag:-1]]' set as '[map[bridge:vmbr0 firewall:false link_down:false macaddr:76:11:B3:30:D7:39 model:virtio mtu:0 queues:0 rate:0 tag:-1]]' type of 'string' [36mloggerName=[0mresource_vm_read [36mvmid=[0m202
[90mSat, 09 Nov 2024 20:29:11 +0000[0m DBG [1mgithub.com/Telmate/terraform-provider-proxmox/v2/proxmox/resource_vm_qemu.go:1619[0m[36m >[0m Finished VM read resulting in data: '' [36mloggerName=[0mresource_vm_read [36mvmid=[0m202
